,ACCEPTS_OFFER,ARRIVES_AT_DROPOFF,ARRIVES_AT_PICKUP,DEPARTS_FROM_PICKUP,MEETS_DRIVER_AT_PICKUP,RECEIVES_OFFER,REQUESTS_RIDE,SETS_OFF_FOR_DEST,STARTS_DAY,IS_REJECTED_BY_VEHICLE,REJECTS_OFFER,ARRIVES_AT_DEST,PREFERS_OTHER_SERVICE,LOSES_PATIENCE,TRAVEL,WAIT,OPERATIONS,nP
sum,4500.0,86492.0,5200.0,9000.0,89033.0,517721.0,1617305.0,3000.0,0.0,0.0,0.0,0.0,0.0,0.0,86492.0,606754.0,16500.0,300
mean,15.0,288.3066666666667,17.333333333333332,30.0,296.77666666666664,1725.7366666666667,5391.016666666666,10.0,0.0,0.0,0.0,0.0,0.0,0.0,288.3066666666667,2022.5133333333333,55.0,300
std,0.0,168.95292121627827,4.429555141477935,0.0,1278.9371397689924,3609.579953233459,4894.052142922845,0.0,0.0,0.0,0.0,0.0,0.0,0.0,168.95292121627827,3931.700305737456,0.0,300
