,ACCEPTS_OFFER,ARRIVES_AT_DROPOFF,ARRIVES_AT_PICKUP,DEPARTS_FROM_PICKUP,MEETS_DRIVER_AT_PICKUP,RECEIVES_OFFER,REQUESTS_RIDE,SETS_OFF_FOR_DEST,STARTS_DAY,IS_REJECTED_BY_VEHICLE,REJECTS_OFFER,ARRIVES_AT_DEST,PREFERS_OTHER_SERVICE,LOSES_PATIENCE,TRAVEL,WAIT,OPERATIONS,nP
sum,4500.0,89258.0,5250.0,9000.0,54562.0,513510.0,1598732.0,3000.0,0.0,0.0,0.0,0.0,0.0,0.0,89258.0,568072.0,16500.0,300
mean,15.0,297.52666666666664,17.5,30.0,181.87333333333333,1711.7,5329.106666666667,10.0,0.0,0.0,0.0,0.0,0.0,0.0,297.52666666666664,1893.5733333333333,55.0,300
std,0.0,165.30612917664834,4.337361989746801,0.0,823.519917267342,3642.010437945,4743.32133984888,0.0,0.0,0.0,0.0,0.0,0.0,0.0,165.30612917664834,3821.7210158555945,0.0,300
