,ACCEPTS_OFFER,ARRIVES_AT_DROPOFF,ARRIVES_AT_PICKUP,DEPARTS_FROM_PICKUP,MEETS_DRIVER_AT_PICKUP,RECEIVES_OFFER,REQUESTS_RIDE,SETS_OFF_FOR_DEST,STARTS_DAY,IS_REJECTED_BY_VEHICLE,REJECTS_OFFER,ARRIVES_AT_DEST,PREFERS_OTHER_SERVICE,LOSES_PATIENCE,TRAVEL,WAIT,OPERATIONS,nP
sum,4500.0,88242.0,5270.0,9000.0,52551.0,585166.0,1603996.0,3000.0,0.0,0.0,0.0,0.0,0.0,0.0,88242.0,637717.0,16500.0,300
mean,15.0,294.14,17.566666666666666,30.0,175.17,1950.5533333333333,5346.653333333334,10.0,0.0,0.0,0.0,0.0,0.0,0.0,294.14,2125.7233333333334,55.0,300
std,0.0,160.63511196909727,4.2981160478467855,0.0,583.3822623117134,3918.4612783321177,4716.90842786655,0.0,0.0,0.0,0.0,0.0,0.0,0.0,160.63511196909727,4028.9539859445435,0.0,300
