,nRIDES,nREJECTED,OUT,STARTS_DAY,OPENS_APP,RECEIVES_REQUEST,ACCEPTS_REQUEST,REJECTS_REQUEST,IS_ACCEPTED_BY_TRAVELLER,IS_REJECTED_BY_TRAVELLER,ARRIVES_AT_PICKUP,MEETS_TRAVELLER_AT_PICKUP,DEPARTS_FROM_PICKUP,ARRIVES_AT_DROPOFF,CONTINUES_SHIFT,STARTS_REPOSITIONING,REPOSITIONED,DECIDES_NOT_TO_DRIVE,ENDS_SHIFT,TRAVEL,WAIT,CRUISE,OPERATIONS,IDLE,PAX_KM,REVENUE,nV
sum,300.0,0.0,0.0,0.0,0.0,250335.0,3300.0,0.0,4165.0,0.0,57817.0,0.0,9000.0,55021.0,0.0,0.0,0.0,0.0,268332.0,55021.0,0.0,57817.0,16465.0,139029.0,772.192,772.192,30
mean,10.0,0.0,0.0,0.0,0.0,8344.5,110.0,0.0,138.83333333333334,0.0,1927.2333333333333,0.0,300.0,1834.0333333333333,0.0,0.0,0.0,0.0,8944.4,1834.0333333333333,0.0,1927.2333333333333,548.8333333333334,4634.3,25.73973333333333,25.73973333333333,30
std,4.556162934932767,0.0,0.0,0.0,0.0,3586.904589542738,53.19126192174412,0.0,67.74041901122324,0.0,2904.1312391183337,0.0,136.68488804798304,877.9145934163148,0.0,0.0,0.0,0.0,4358.8121570778485,877.9145934163148,0.0,2904.1312391183337,253.48020167989088,6530.3798070355715,12.396534688019244,12.396534688019244,30
