,nRIDES,nREJECTED,OUT,STARTS_DAY,OPENS_APP,RECEIVES_REQUEST,ACCEPTS_REQUEST,REJECTS_REQUEST,IS_ACCEPTED_BY_TRAVELLER,IS_REJECTED_BY_TRAVELLER,ARRIVES_AT_PICKUP,MEETS_TRAVELLER_AT_PICKUP,DEPARTS_FROM_PICKUP,ARRIVES_AT_DROPOFF,CONTINUES_SHIFT,STARTS_REPOSITIONING,REPOSITIONED,DECIDES_NOT_TO_DRIVE,ENDS_SHIFT,TRAVEL,WAIT,CRUISE,OPERATIONS,IDLE,PAX_KM,REVENUE,nV
sum,300.0,0.0,0.0,0.0,0.0,297185.0,3375.0,0.0,4262.0,0.0,36189.0,0.0,9000.0,59423.0,0.0,0.0,0.0,0.0,238536.0,59423.0,0.0,36189.0,16637.0,126287.0,793.076,793.076,30
mean,10.0,0.0,0.0,0.0,0.0,9906.166666666666,112.5,0.0,142.06666666666666,0.0,1206.3,0.0,300.0,1980.7666666666667,0.0,0.0,0.0,0.0,7951.2,1980.7666666666667,0.0,1206.3,554.5666666666667,4209.566666666667,26.435866666666676,26.435866666666676,30
std,3.205598550811614,0.0,0.0,0.0,0.0,1593.0954488653222,36.26411734616674,0.0,44.338769003904574,0.0,1740.858867499524,0.0,96.16795652434841,717.9879301325976,0.0,0.0,0.0,0.0,1181.4820733532829,717.9879301325976,0.0,1740.858867499524,171.39381619499883,2523.8770897901936,10.706097762114542,10.706097762114542,30
