,nRIDES,nREJECTED,OUT,STARTS_DAY,OPENS_APP,RECEIVES_REQUEST,ACCEPTS_REQUEST,REJECTS_REQUEST,IS_ACCEPTED_BY_TRAVELLER,IS_REJECTED_BY_TRAVELLER,ARRIVES_AT_PICKUP,MEETS_TRAVELLER_AT_PICKUP,DEPARTS_FROM_PICKUP,ARRIVES_AT_DROPOFF,CONTINUES_SHIFT,STARTS_REPOSITIONING,REPOSITIONED,DECIDES_NOT_TO_DRIVE,ENDS_SHIFT,TRAVEL,WAIT,CRUISE,OPERATIONS,IDLE,PAX_KM,REVENUE,nV
sum,300.0,0.0,0.0,0.0,0.0,277518.0,3405.0,0.0,4310.0,0.0,40556.0,0.0,9000.0,58991.0,0.0,0.0,0.0,0.0,254190.0,58991.0,0.0,40556.0,16715.0,137928.0,783.0779999999999,783.0779999999999,30
mean,10.0,0.0,0.0,0.0,0.0,9250.6,113.5,0.0,143.66666666666666,0.0,1351.8666666666666,0.0,300.0,1966.3666666666666,0.0,0.0,0.0,0.0,8473.0,1966.3666666666666,0.0,1351.8666666666666,557.1666666666666,4597.6,26.102599999999995,26.102599999999995,30
std,4.578811771778712,0.0,0.0,0.0,0.0,2637.7067965995743,49.62184585650655,0.0,64.31460033376523,0.0,1824.1228356501188,0.0,137.36435315336138,936.4224467891479,0.0,0.0,0.0,0.0,2862.1554212118554,936.4224467891479,0.0,1824.1228356501188,248.49701078245607,4424.179305152305,13.034549682313143,13.034549682313143,30
