,ACCEPTS_OFFER,ARRIVES_AT_DROPOFF,ARRIVES_AT_PICKUP,DEPARTS_FROM_PICKUP,MEETS_DRIVER_AT_PICKUP,RECEIVES_OFFER,REQUESTS_RIDE,SETS_OFF_FOR_DEST,STARTS_DAY,IS_REJECTED_BY_VEHICLE,REJECTS_OFFER,ARRIVES_AT_DEST,PREFERS_OTHER_SERVICE,LOSES_PATIENCE,TRAVEL,WAIT,OPERATIONS,nP
sum,4500.0,92083.0,5200.0,9000.0,62139.0,560899.0,1613561.0,3000.0,0.0,0.0,0.0,0.0,0.0,0.0,92083.0,623038.0,16500.0,300
mean,15.0,306.9433333333333,17.333333333333332,30.0,207.13,1869.6633333333334,5378.536666666667,10.0,0.0,0.0,0.0,0.0,0.0,0.0,306.9433333333333,2076.7933333333335,55.0,300
std,0.0,180.7921628353892,4.429555141477935,0.0,834.5727281440923,3768.5820124556444,4764.662740645541,0.0,0.0,0.0,0.0,0.0,0.0,0.0,180.7921628353892,3986.1820138381845,0.0,300
