,nRIDES,nREJECTED,OUT,STARTS_DAY,OPENS_APP,RECEIVES_REQUEST,ACCEPTS_REQUEST,REJECTS_REQUEST,IS_ACCEPTED_BY_TRAVELLER,IS_REJECTED_BY_TRAVELLER,ARRIVES_AT_PICKUP,MEETS_TRAVELLER_AT_PICKUP,DEPARTS_FROM_PICKUP,ARRIVES_AT_DROPOFF,CONTINUES_SHIFT,STARTS_REPOSITIONING,REPOSITIONED,DECIDES_NOT_TO_DRIVE,ENDS_SHIFT,TRAVEL,WAIT,CRUISE,OPERATIONS,IDLE,PAX_KM,REVENUE,nV
sum,300.0,0.0,0.0,0.0,0.0,451199.0,3300.0,0.0,4048.0,0.0,35075.0,0.0,9000.0,59024.0,0.0,0.0,0.0,0.0,518304.0,59024.0,0.0,35075.0,16348.0,407857.0,809.5279999999999,809.5279999999999,50
mean,6.0,0.0,0.0,0.0,0.0,9023.98,66.0,0.0,80.96,0.0,701.5,0.0,180.0,1180.48,0.0,0.0,0.0,0.0,10366.08,1180.48,0.0,701.5,326.96,8157.14,16.190559999999998,16.190559999999998,50
std,3.3745748031479192,0.0,0.0,0.0,0.0,3251.7174896114357,36.617158908503704,0.0,45.546997481632495,0.0,1558.7470930205452,0.0,101.23724409443757,670.5844614960894,0.0,0.0,0.0,0.0,3937.146106363992,670.5844614960894,0.0,1558.7470930205452,180.2382731332078,5233.507584121879,10.013884434919266,10.013884434919266,50
