,nRIDES,nREJECTED,OUT,STARTS_DAY,OPENS_APP,RECEIVES_REQUEST,ACCEPTS_REQUEST,REJECTS_REQUEST,IS_ACCEPTED_BY_TRAVELLER,IS_REJECTED_BY_TRAVELLER,ARRIVES_AT_PICKUP,MEETS_TRAVELLER_AT_PICKUP,DEPARTS_FROM_PICKUP,ARRIVES_AT_DROPOFF,CONTINUES_SHIFT,STARTS_REPOSITIONING,REPOSITIONED,DECIDES_NOT_TO_DRIVE,ENDS_SHIFT,TRAVEL,WAIT,CRUISE,OPERATIONS,IDLE,PAX_KM,REVENUE,nV
sum,300.0,0.0,0.0,0.0,0.0,327713.0,3300.0,0.0,4145.0,0.0,39984.0,0.0,9000.0,59024.0,0.0,0.0,0.0,0.0,636784.0,59024.0,0.0,39984.0,16445.0,521331.0,809.5279999999999,809.5279999999999,50
mean,6.0,0.0,0.0,0.0,0.0,6554.26,66.0,0.0,82.9,0.0,799.68,0.0,180.0,1180.48,0.0,0.0,0.0,0.0,12735.68,1180.48,0.0,799.68,328.9,10426.62,16.190559999999994,16.190559999999994,50
std,5.150787536377128,0.0,0.0,0.0,0.0,4845.227632276055,52.049819149247654,0.0,65.0369596648627,0.0,1653.3060810240256,0.0,154.52362609131382,1029.2462516475891,0.0,0.0,0.0,0.0,6356.173009294322,1029.2462516475891,0.0,1653.3060810240256,269.5582364854445,8412.18548343741,15.332216862701166,15.332216862701166,50
