,nRIDES,nREJECTED,OUT,STARTS_DAY,OPENS_APP,RECEIVES_REQUEST,ACCEPTS_REQUEST,REJECTS_REQUEST,IS_ACCEPTED_BY_TRAVELLER,IS_REJECTED_BY_TRAVELLER,ARRIVES_AT_PICKUP,MEETS_TRAVELLER_AT_PICKUP,DEPARTS_FROM_PICKUP,ARRIVES_AT_DROPOFF,CONTINUES_SHIFT,STARTS_REPOSITIONING,REPOSITIONED,DECIDES_NOT_TO_DRIVE,ENDS_SHIFT,TRAVEL,WAIT,CRUISE,OPERATIONS,IDLE,PAX_KM,REVENUE,nV
sum,300.0,0.0,0.0,0.0,0.0,262410.0,3300.0,0.0,4178.0,0.0,41489.0,0.0,9000.0,59024.0,0.0,0.0,0.0,0.0,700549.0,59024.0,0.0,41489.0,16478.0,583558.0,809.528,809.528,50
mean,6.0,0.0,0.0,0.0,0.0,5248.2,66.0,0.0,83.56,0.0,829.78,0.0,180.0,1180.48,0.0,0.0,0.0,0.0,14010.98,1180.48,0.0,829.78,329.56,11671.16,16.19056,16.19056,50
std,6.127888739864919,0.0,0.0,0.0,0.0,4803.855645335786,66.39400022069857,0.0,84.68263923470444,0.0,1562.3074809069947,0.0,183.83666219594758,1228.4320226555942,0.0,0.0,0.0,0.0,6873.76206736715,1228.4320226555942,0.0,1562.3074809069947,332.77467770617557,9220.614394421462,16.994729117041928,16.994729117041928,50
