,ACCEPTS_OFFER,ARRIVES_AT_DROPOFF,ARRIVES_AT_PICKUP,DEPARTS_FROM_PICKUP,MEETS_DRIVER_AT_PICKUP,RECEIVES_OFFER,REQUESTS_RIDE,SETS_OFF_FOR_DEST,STARTS_DAY,IS_REJECTED_BY_VEHICLE,REJECTS_OFFER,ARRIVES_AT_DEST,PREFERS_OTHER_SERVICE,LOSES_PATIENCE,TRAVEL,WAIT,OPERATIONS,nP
sum,3000.0,58905.0,3560.0,6000.0,23365.0,296640.0,1084137.0,2000.0,0.0,0.0,0.0,0.0,0.0,0.0,58905.0,320005.0,11000.0,200
mean,15.0,294.525,17.8,30.0,116.825,1483.2,5420.685,10.0,0.0,0.0,0.0,0.0,0.0,0.0,294.525,1600.025,55.0,200
std,0.0,163.58388616874936,4.152858191147265,0.0,138.87217786122469,3407.035580565043,4704.693406164213,0.0,0.0,0.0,0.0,0.0,0.0,0.0,163.58388616874936,3503.162414001005,0.0,200
