,ACCEPTS_OFFER,ARRIVES_AT_DROPOFF,ARRIVES_AT_PICKUP,DEPARTS_FROM_PICKUP,MEETS_DRIVER_AT_PICKUP,RECEIVES_OFFER,REQUESTS_RIDE,SETS_OFF_FOR_DEST,STARTS_DAY,IS_REJECTED_BY_VEHICLE,REJECTS_OFFER,ARRIVES_AT_DEST,PREFERS_OTHER_SERVICE,LOSES_PATIENCE,TRAVEL,WAIT,OPERATIONS,nP
sum,3000.0,57627.0,3600.0,6000.0,24588.0,281247.0,1163843.0,2000.0,0.0,0.0,0.0,0.0,0.0,0.0,57627.0,305835.0,11000.0,200
mean,15.0,288.135,18.0,30.0,122.94,1406.235,5819.215,10.0,0.0,0.0,0.0,0.0,0.0,0.0,288.135,1529.175,55.0,200
std,0.0,163.4260602254243,4.010037656936684,0.0,155.42878412531374,3450.4744120360583,4834.490596267822,0.0,0.0,0.0,0.0,0.0,0.0,0.0,163.4260602254243,3534.8332897474147,0.0,200
