,ACCEPTS_OFFER,ARRIVES_AT_DROPOFF,ARRIVES_AT_PICKUP,DEPARTS_FROM_PICKUP,MEETS_DRIVER_AT_PICKUP,RECEIVES_OFFER,REQUESTS_RIDE,SETS_OFF_FOR_DEST,STARTS_DAY,IS_REJECTED_BY_VEHICLE,REJECTS_OFFER,ARRIVES_AT_DEST,PREFERS_OTHER_SERVICE,LOSES_PATIENCE,TRAVEL,WAIT,OPERATIONS,nP
sum,3000.0,56490.0,3640.0,6000.0,23282.0,236701.0,1128516.0,2000.0,0.0,0.0,0.0,0.0,0.0,0.0,56490.0,259983.0,11000.0,200
mean,15.0,282.45,18.2,30.0,116.41,1183.505,5642.58,10.0,0.0,0.0,0.0,0.0,0.0,0.0,282.45,1299.915,55.0,200
std,0.0,162.98280422290517,3.8515153971224474,0.0,155.5329689233461,3002.2481442367257,4555.169377078018,0.0,0.0,0.0,0.0,0.0,0.0,0.0,162.98280422290517,3090.9097078181403,0.0,200
