,nRIDES,nREJECTED,OUT,STARTS_DAY,OPENS_APP,RECEIVES_REQUEST,ACCEPTS_REQUEST,REJECTS_REQUEST,IS_ACCEPTED_BY_TRAVELLER,IS_REJECTED_BY_TRAVELLER,ARRIVES_AT_PICKUP,MEETS_TRAVELLER_AT_PICKUP,DEPARTS_FROM_PICKUP,ARRIVES_AT_DROPOFF,CONTINUES_SHIFT,STARTS_REPOSITIONING,REPOSITIONED,DECIDES_NOT_TO_DRIVE,ENDS_SHIFT,TRAVEL,WAIT,CRUISE,OPERATIONS,IDLE,PAX_KM,REVENUE,nV
sum,200.0,0.0,0.0,0.0,0.0,351008.0,2340.0,0.0,2978.0,0.0,17890.0,0.0,6000.0,40057.0,0.0,0.0,0.0,0.0,443687.0,40057.0,0.0,17890.0,11318.0,374422.0,524.692,524.692,40
mean,5.0,0.0,0.0,0.0,0.0,8775.2,58.5,0.0,74.45,0.0,447.25,0.0,150.0,1001.425,0.0,0.0,0.0,0.0,11092.175,1001.425,0.0,447.25,282.95,9360.55,13.117299999999997,13.117299999999997,40
std,3.0967311135685627,0.0,0.0,0.0,0.0,3510.2684914478095,35.75558052194844,0.0,46.659129427951804,0.0,351.47409358520076,0.0,92.90193340705687,596.6614333318695,0.0,0.0,0.0,0.0,4016.511554963317,596.6614333318695,0.0,351.47409358520076,173.30497055916436,4698.224476140442,8.260484940132379,8.260484940132379,40
