,nRIDES,nREJECTED,OUT,STARTS_DAY,OPENS_APP,RECEIVES_REQUEST,ACCEPTS_REQUEST,REJECTS_REQUEST,IS_ACCEPTED_BY_TRAVELLER,IS_REJECTED_BY_TRAVELLER,ARRIVES_AT_PICKUP,MEETS_TRAVELLER_AT_PICKUP,DEPARTS_FROM_PICKUP,ARRIVES_AT_DROPOFF,CONTINUES_SHIFT,STARTS_REPOSITIONING,REPOSITIONED,DECIDES_NOT_TO_DRIVE,ENDS_SHIFT,TRAVEL,WAIT,CRUISE,OPERATIONS,IDLE,PAX_KM,REVENUE,nV
sum,200.0,0.0,0.0,0.0,0.0,375643.0,2460.0,0.0,3035.0,0.0,17770.0,0.0,6000.0,41780.0,0.0,0.0,0.0,0.0,417272.0,41780.0,0.0,17770.0,11495.0,346227.0,520.677,520.677,40
mean,5.0,0.0,0.0,0.0,0.0,9391.075,61.5,0.0,75.875,0.0,444.25,0.0,150.0,1044.5,0.0,0.0,0.0,0.0,10431.8,1044.5,0.0,444.25,287.375,8655.675,13.016925,13.016925,40
std,2.754948926884778,0.0,0.0,0.0,0.0,2519.699517977776,32.898445135107714,0.0,43.365582181595556,0.0,383.0042344279546,0.0,82.64846780654334,645.1664066794646,0.0,0.0,0.0,0.0,2766.970047005504,645.1664066794646,0.0,383.0042344279546,156.73899380654188,3386.189071822216,8.398544246223222,8.398544246223222,40
