,ACCEPTS_OFFER,ARRIVES_AT_DROPOFF,ARRIVES_AT_PICKUP,DEPARTS_FROM_PICKUP,MEETS_DRIVER_AT_PICKUP,RECEIVES_OFFER,REQUESTS_RIDE,SETS_OFF_FOR_DEST,STARTS_DAY,IS_REJECTED_BY_VEHICLE,REJECTS_OFFER,ARRIVES_AT_DEST,PREFERS_OTHER_SERVICE,LOSES_PATIENCE,TRAVEL,WAIT,OPERATIONS,nP
sum,4500.0,84854.0,5300.0,9000.0,57571.0,542794.0,1663559.0,3000.0,0.0,0.0,0.0,0.0,0.0,0.0,84854.0,600365.0,16500.0,300
mean,15.0,282.8466666666667,17.666666666666668,30.0,191.90333333333334,1809.3133333333333,5545.196666666667,10.0,0.0,0.0,0.0,0.0,0.0,0.0,282.8466666666667,2001.2166666666667,55.0,300
std,0.0,160.51754659466812,4.236592728681607,0.0,587.65698876445,3943.314432157095,4803.946506583511,0.0,0.0,0.0,0.0,0.0,0.0,0.0,160.51754659466812,4060.7570907680456,0.0,300
