,nRIDES,nREJECTED,OUT,STARTS_DAY,OPENS_APP,RECEIVES_REQUEST,ACCEPTS_REQUEST,REJECTS_REQUEST,IS_ACCEPTED_BY_TRAVELLER,IS_REJECTED_BY_TRAVELLER,ARRIVES_AT_PICKUP,MEETS_TRAVELLER_AT_PICKUP,DEPARTS_FROM_PICKUP,ARRIVES_AT_DROPOFF,CONTINUES_SHIFT,STARTS_REPOSITIONING,REPOSITIONED,DECIDES_NOT_TO_DRIVE,ENDS_SHIFT,TRAVEL,WAIT,CRUISE,OPERATIONS,IDLE,PAX_KM,REVENUE,nV
sum,300.0,0.0,0.0,0.0,0.0,431143.0,3450.0,0.0,4293.0,0.0,36618.0,0.0,9000.0,56821.0,0.0,0.0,0.0,0.0,538625.0,56821.0,0.0,36618.0,16743.0,428443.0,755.232,755.232,50
mean,6.0,0.0,0.0,0.0,0.0,8622.86,69.0,0.0,85.86,0.0,732.36,0.0,180.0,1136.42,0.0,0.0,0.0,0.0,10772.5,1136.42,0.0,732.36,334.86,8568.86,15.104639999999996,15.104639999999996,50
std,3.45820526768863,0.0,0.0,0.0,0.0,3773.682751717776,38.69029303985955,0.0,50.016327946226625,0.0,1437.806957608336,0.0,103.74615803065889,709.2249892002695,0.0,0.0,0.0,0.0,4356.966793866708,709.2249892002695,0.0,1437.806957608336,190.30405424274198,5512.015309840709,9.820244759325565,9.820244759325565,50
