,nRIDES,nREJECTED,OUT,STARTS_DAY,OPENS_APP,RECEIVES_REQUEST,ACCEPTS_REQUEST,REJECTS_REQUEST,IS_ACCEPTED_BY_TRAVELLER,IS_REJECTED_BY_TRAVELLER,ARRIVES_AT_PICKUP,MEETS_TRAVELLER_AT_PICKUP,DEPARTS_FROM_PICKUP,ARRIVES_AT_DROPOFF,CONTINUES_SHIFT,STARTS_REPOSITIONING,REPOSITIONED,DECIDES_NOT_TO_DRIVE,ENDS_SHIFT,TRAVEL,WAIT,CRUISE,OPERATIONS,IDLE,PAX_KM,REVENUE,nV
sum,300.0,0.0,0.0,0.0,0.0,347407.0,3450.0,0.0,4402.0,0.0,43273.0,0.0,9000.0,56821.0,0.0,0.0,0.0,0.0,615597.0,56821.0,0.0,43273.0,16852.0,498651.0,755.2320000000001,755.2320000000001,50
mean,6.0,0.0,0.0,0.0,0.0,6948.14,69.0,0.0,88.04,0.0,865.46,0.0,180.0,1136.42,0.0,0.0,0.0,0.0,12311.94,1136.42,0.0,865.46,337.04,9973.02,15.104640000000003,15.104640000000003,50
std,4.65109159888563,0.0,0.0,0.0,0.0,4695.046225718405,51.69573463634922,0.0,67.07624659402804,0.0,1480.6598943907218,0.0,139.5327479665689,979.5660240689261,0.0,0.0,0.0,0.0,5768.984360123272,979.5660240689261,0.0,1480.6598943907218,256.6573162003836,7370.659233081129,13.308593422603426,13.308593422603426,50
