,nRIDES,nREJECTED,OUT,STARTS_DAY,OPENS_APP,RECEIVES_REQUEST,ACCEPTS_REQUEST,REJECTS_REQUEST,IS_ACCEPTED_BY_TRAVELLER,IS_REJECTED_BY_TRAVELLER,ARRIVES_AT_PICKUP,MEETS_TRAVELLER_AT_PICKUP,DEPARTS_FROM_PICKUP,ARRIVES_AT_DROPOFF,CONTINUES_SHIFT,STARTS_REPOSITIONING,REPOSITIONED,DECIDES_NOT_TO_DRIVE,ENDS_SHIFT,TRAVEL,WAIT,CRUISE,OPERATIONS,IDLE,PAX_KM,REVENUE,nV
sum,300.0,0.0,0.0,0.0,0.0,295273.0,3450.0,0.0,4400.0,0.0,43780.0,0.0,9000.0,56821.0,0.0,0.0,0.0,0.0,667226.0,56821.0,0.0,43780.0,16850.0,549775.0,755.232,755.232,50
mean,6.0,0.0,0.0,0.0,0.0,5905.46,69.0,0.0,88.0,0.0,875.6,0.0,180.0,1136.42,0.0,0.0,0.0,0.0,13344.52,1136.42,0.0,875.6,337.0,10995.5,15.104640000000003,15.104640000000003,50
std,5.264435935053794,0.0,0.0,0.0,0.0,4869.581728716857,59.22974983322251,0.0,77.21293113652581,0.0,1514.5252640712877,0.0,157.93307805161382,1034.8725464263407,0.0,0.0,0.0,0.0,6392.008244483968,1034.8725464263407,0.0,1514.5252640712877,293.21789627148877,8316.971454409915,14.028444057844817,14.028444057844817,50
