,nRIDES,nREJECTED,OUT,STARTS_DAY,OPENS_APP,RECEIVES_REQUEST,ACCEPTS_REQUEST,REJECTS_REQUEST,IS_ACCEPTED_BY_TRAVELLER,IS_REJECTED_BY_TRAVELLER,ARRIVES_AT_PICKUP,MEETS_TRAVELLER_AT_PICKUP,DEPARTS_FROM_PICKUP,ARRIVES_AT_DROPOFF,CONTINUES_SHIFT,STARTS_REPOSITIONING,REPOSITIONED,DECIDES_NOT_TO_DRIVE,ENDS_SHIFT,TRAVEL,WAIT,CRUISE,OPERATIONS,IDLE,PAX_KM,TTRAV,DIST,DRIVING_TIME,DRIVING_DIST,FARE,COMMISSION,REVENUE,PICKUP_DIST,TRAVEL_DIST,OPERATING_COST,PROFIT,nV
sum,299.0,0.0,0.0,0.0,0.0,130498.0,3185.0,0.0,11135.0,0.0,45589.0,0.0,8920.0,55788.0,0.0,0.0,0.0,0.0,168768.0,55788.0,0.0,45589.0,23240.0,44151.0,793.702,5557.0,55.57,101377.0,1013.7700000000001,83.49149999999999,16.6983,66.7932,455.89000000000004,511.4599999999999,25.573000000000004,41.22019999999999,20
mean,14.95,0.0,0.0,0.0,0.0,6524.9,159.25,0.0,556.75,0.0,2279.45,0.0,446.0,2789.4,0.0,0.0,0.0,0.0,8438.4,2789.4,0.0,2279.45,1162.0,2207.55,39.6851,277.85,2.7785,5068.85,50.688500000000005,4.174574999999999,0.834915,3.33966,22.794500000000003,25.572999999999997,1.2786500000000003,2.0610099999999996,20
std,5.898037140037621,0.0,0.0,0.0,0.0,2415.606623168337,63.84263135983172,0.0,213.8649044804244,0.0,2062.404510708186,0.0,177.8802080644517,1168.3612635247982,0.0,0.0,0.0,0.0,4163.59248220749,1168.3612635247982,0.0,2062.404510708186,423.62123101707385,6159.525823128715,16.8734890314581,134.0083559845587,1.340083559845587,2214.2563745206344,22.142563745206342,2.010066425159286,0.4020132850318573,1.608053140127429,20.624045107081866,20.305964666881295,1.0152982333440648,2.0716990311539485,20
