,ACCEPTS_OFFER,ARRIVES_AT_DROPOFF,ARRIVES_AT_PICKUP,DEPARTS_FROM_PICKUP,MEETS_DRIVER_AT_PICKUP,RECEIVES_OFFER,REQUESTS_RIDE,SETS_OFF_FOR_DEST,STARTS_DAY,IS_REJECTED_BY_VEHICLE,REJECTS_OFFER,ARRIVES_AT_DEST,PREFERS_OTHER_SERVICE,LOSES_PATIENCE,TRAVEL,WAIT,OPERATIONS,nP
sum,3000.0,57986.0,3530.0,6000.0,31054.0,327135.0,1047418.0,2000.0,0.0,0.0,0.0,0.0,0.0,0.0,57986.0,358189.0,11000.0,200
mean,15.0,289.93,17.65,30.0,155.27,1635.675,5237.09,10.0,0.0,0.0,0.0,0.0,0.0,0.0,289.93,1790.945,55.0,200
std,0.0,158.85297111530775,4.25062809429147,0.0,142.2442061064502,3614.150184643801,4734.972274905165,0.0,0.0,0.0,0.0,0.0,0.0,0.0,158.85297111530775,3698.1446702346466,0.0,200
