,ACCEPTS_OFFER,ARRIVES_AT_DROPOFF,ARRIVES_AT_PICKUP,DEPARTS_FROM_PICKUP,MEETS_DRIVER_AT_PICKUP,RECEIVES_OFFER,REQUESTS_RIDE,SETS_OFF_FOR_DEST,STARTS_DAY,IS_REJECTED_BY_VEHICLE,REJECTS_OFFER,ARRIVES_AT_DEST,PREFERS_OTHER_SERVICE,LOSES_PATIENCE,TRAVEL,WAIT,OPERATIONS,nP
sum,3000.0,58227.0,3570.0,6000.0,28914.0,282645.0,1089210.0,2000.0,0.0,0.0,0.0,0.0,0.0,0.0,58227.0,311559.0,11000.0,200
mean,15.0,291.135,17.85,30.0,144.57,1413.225,5446.05,10.0,0.0,0.0,0.0,0.0,0.0,0.0,291.135,1557.795,55.0,200
std,0.0,158.7702007880933,4.118532694757795,0.0,138.27706910112025,3173.9483779520606,4491.91504945917,0.0,0.0,0.0,0.0,0.0,0.0,0.0,158.7702007880933,3266.6214798224164,0.0,200
