,ACCEPTS_OFFER,ARRIVES_AT_DROPOFF,ARRIVES_AT_PICKUP,DEPARTS_FROM_PICKUP,MEETS_DRIVER_AT_PICKUP,RECEIVES_OFFER,REQUESTS_RIDE,SETS_OFF_FOR_DEST,STARTS_DAY,IS_REJECTED_BY_VEHICLE,REJECTS_OFFER,ARRIVES_AT_DEST,PREFERS_OTHER_SERVICE,LOSES_PATIENCE,TRAVEL,WAIT,OPERATIONS,nP
sum,3000.0,59846.0,3530.0,6000.0,47943.0,360903.0,1195784.0,2000.0,0.0,0.0,0.0,0.0,0.0,0.0,59846.0,408846.0,11000.0,200
mean,15.0,299.23,17.65,30.0,239.715,1804.515,5978.92,10.0,0.0,0.0,0.0,0.0,0.0,0.0,299.23,2044.23,55.0,200
std,0.0,171.96139306111002,4.25062809429147,0.0,1010.3248513728186,3966.654124636718,5009.583278750206,0.0,0.0,0.0,0.0,0.0,0.0,0.0,171.96139306111002,4234.31338783895,0.0,200
