,nRIDES,nREJECTED,OUT,STARTS_DAY,OPENS_APP,RECEIVES_REQUEST,ACCEPTS_REQUEST,REJECTS_REQUEST,IS_ACCEPTED_BY_TRAVELLER,IS_REJECTED_BY_TRAVELLER,ARRIVES_AT_PICKUP,MEETS_TRAVELLER_AT_PICKUP,DEPARTS_FROM_PICKUP,ARRIVES_AT_DROPOFF,CONTINUES_SHIFT,STARTS_REPOSITIONING,REPOSITIONED,DECIDES_NOT_TO_DRIVE,ENDS_SHIFT,TRAVEL,WAIT,CRUISE,OPERATIONS,IDLE,PAX_KM,REVENUE,nV
sum,200.0,0.0,0.0,0.0,0.0,184832.0,2295.0,0.0,2947.0,0.0,22330.0,0.0,6000.0,38672.0,0.0,0.0,0.0,0.0,174904.0,38672.0,0.0,22330.0,11242.0,102660.0,518.779,518.779,20
mean,10.0,0.0,0.0,0.0,0.0,9241.6,114.75,0.0,147.35,0.0,1116.5,0.0,300.0,1933.6,0.0,0.0,0.0,0.0,8745.2,1933.6,0.0,1116.5,562.1,5133.0,25.938950000000006,25.938950000000006,20
std,4.844964830680024,0.0,0.0,0.0,0.0,2324.2211009961575,56.3932386764677,0.0,72.24612537416071,0.0,542.6208815117895,0.0,145.34894492040073,991.0200167929055,0.0,0.0,0.0,0.0,1950.9492858066492,991.0200167929055,0.0,542.6208815117895,270.19075133183804,2900.953436735113,14.365550021437434,14.365550021437434,20
