,nRIDES,nREJECTED,OUT,STARTS_DAY,OPENS_APP,RECEIVES_REQUEST,ACCEPTS_REQUEST,REJECTS_REQUEST,IS_ACCEPTED_BY_TRAVELLER,IS_REJECTED_BY_TRAVELLER,ARRIVES_AT_PICKUP,MEETS_TRAVELLER_AT_PICKUP,DEPARTS_FROM_PICKUP,ARRIVES_AT_DROPOFF,CONTINUES_SHIFT,STARTS_REPOSITIONING,REPOSITIONED,DECIDES_NOT_TO_DRIVE,ENDS_SHIFT,TRAVEL,WAIT,CRUISE,OPERATIONS,IDLE,PAX_KM,REVENUE,nV
sum,200.0,0.0,0.0,0.0,0.0,163435.0,2355.0,0.0,3028.0,0.0,21261.0,0.0,6000.0,40528.0,0.0,0.0,0.0,0.0,195373.0,40528.0,0.0,21261.0,11383.0,122201.0,528.278,528.278,20
mean,10.0,0.0,0.0,0.0,0.0,8171.75,117.75,0.0,151.4,0.0,1063.05,0.0,300.0,2026.4,0.0,0.0,0.0,0.0,9768.65,2026.4,0.0,1063.05,569.15,6110.05,26.4139,26.4139,20
std,2.991215208080594,0.0,0.0,0.0,0.0,2349.2599702661128,41.37361859675165,0.0,55.62222198858446,0.0,525.5279525842259,0.0,89.73645624241782,652.7934629445656,0.0,0.0,0.0,0.0,3155.3500143657425,652.7934629445656,0.0,525.5279525842259,182.38226916359812,4140.295749352365,8.459854744926956,8.459854744926956,20
