,nRIDES,nREJECTED,OUT,STARTS_DAY,OPENS_APP,RECEIVES_REQUEST,ACCEPTS_REQUEST,REJECTS_REQUEST,IS_ACCEPTED_BY_TRAVELLER,IS_REJECTED_BY_TRAVELLER,ARRIVES_AT_PICKUP,MEETS_TRAVELLER_AT_PICKUP,DEPARTS_FROM_PICKUP,ARRIVES_AT_DROPOFF,CONTINUES_SHIFT,STARTS_REPOSITIONING,REPOSITIONED,DECIDES_NOT_TO_DRIVE,ENDS_SHIFT,TRAVEL,WAIT,CRUISE,OPERATIONS,IDLE,PAX_KM,REVENUE,nV
sum,200.0,0.0,0.0,0.0,0.0,206739.0,2295.0,0.0,2956.0,0.0,30838.0,0.0,6000.0,39935.0,0.0,0.0,0.0,0.0,143217.0,39935.0,0.0,30838.0,11251.0,61193.0,533.265,533.265,20
mean,10.0,0.0,0.0,0.0,0.0,10336.95,114.75,0.0,147.8,0.0,1541.9,0.0,300.0,1996.75,0.0,0.0,0.0,0.0,7160.85,1996.75,0.0,1541.9,562.55,3059.65,26.663249999999998,26.663249999999998,20
std,2.955814964652415,0.0,0.0,0.0,0.0,1627.3031120295482,35.85331959966593,0.0,48.54688455503607,0.0,2299.523426598147,0.0,88.67444893957246,696.8400008912414,0.0,0.0,0.0,0.0,1558.4694676441202,696.8400008912414,0.0,2299.523426598147,167.17638809605293,3731.911451465448,9.698334566061492,9.698334566061492,20
