,ACCEPTS_OFFER,ARRIVES_AT_DROPOFF,ARRIVES_AT_PICKUP,DEPARTS_FROM_PICKUP,MEETS_DRIVER_AT_PICKUP,RECEIVES_OFFER,REQUESTS_RIDE,SETS_OFF_FOR_DEST,STARTS_DAY,IS_REJECTED_BY_VEHICLE,REJECTS_OFFER,ARRIVES_AT_DEST,PREFERS_OTHER_SERVICE,LOSES_PATIENCE,TRAVEL,WAIT,OPERATIONS,nP
sum,1500.0,27754.0,1830.0,3000.0,6774.0,136142.0,568985.0,1000.0,0.0,0.0,0.0,0.0,0.0,0.0,27754.0,142916.0,5500.0,100
mean,15.0,277.54,18.3,30.0,67.74,1361.42,5689.85,10.0,0.0,0.0,0.0,0.0,0.0,0.0,277.54,1429.16,55.0,100
std,0.0,156.19182844415158,3.7752516806863703,0.0,91.40636540396756,3439.9286819598005,4715.899747854929,0.0,0.0,0.0,0.0,0.0,0.0,0.0,156.19182844415158,3502.010919342188,0.0,100
