,ACCEPTS_OFFER,ARRIVES_AT_DROPOFF,ARRIVES_AT_PICKUP,DEPARTS_FROM_PICKUP,MEETS_DRIVER_AT_PICKUP,RECEIVES_OFFER,REQUESTS_RIDE,SETS_OFF_FOR_DEST,STARTS_DAY,IS_REJECTED_BY_VEHICLE,REJECTS_OFFER,ARRIVES_AT_DEST,PREFERS_OTHER_SERVICE,LOSES_PATIENCE,TRAVEL,WAIT,OPERATIONS,nP
sum,1500.0,28673.0,1830.0,3000.0,7290.0,119703.0,561401.0,1000.0,0.0,0.0,0.0,0.0,0.0,0.0,28673.0,126993.0,5500.0,100
mean,15.0,286.73,18.3,30.0,72.9,1197.03,5614.01,10.0,0.0,0.0,0.0,0.0,0.0,0.0,286.73,1269.93,55.0,100
std,0.0,152.32725636045257,3.775251680686372,0.0,97.01103758924248,2931.8449752138777,4313.24353682699,0.0,0.0,0.0,0.0,0.0,0.0,0.0,152.32725636045257,3001.7211468648043,0.0,100
