,nRIDES,nREJECTED,OUT,STARTS_DAY,OPENS_APP,RECEIVES_REQUEST,ACCEPTS_REQUEST,REJECTS_REQUEST,IS_ACCEPTED_BY_TRAVELLER,IS_REJECTED_BY_TRAVELLER,ARRIVES_AT_PICKUP,MEETS_TRAVELLER_AT_PICKUP,DEPARTS_FROM_PICKUP,ARRIVES_AT_DROPOFF,CONTINUES_SHIFT,STARTS_REPOSITIONING,REPOSITIONED,DECIDES_NOT_TO_DRIVE,ENDS_SHIFT,TRAVEL,WAIT,CRUISE,OPERATIONS,IDLE,PAX_KM,REVENUE,nV
sum,100.0,0.0,0.0,0.0,0.0,321277.0,1305.0,0.0,1563.0,0.0,6122.0,0.0,3000.0,21599.0,0.0,0.0,0.0,0.0,725084.0,21599.0,0.0,6122.0,5868.0,691495.0,255.594,255.594,50
mean,2.0,0.0,0.0,0.0,0.0,6425.54,26.1,0.0,31.26,0.0,122.44,0.0,60.0,431.98,0.0,0.0,0.0,0.0,14501.68,431.98,0.0,122.44,117.36,13829.9,5.11188,5.11188,50
std,1.7842851423995423,0.0,0.0,0.0,0.0,5057.194157165148,22.84128914479036,0.0,29.226637277158865,0.0,144.50932601781258,0.0,53.52855427198627,483.04715154138415,0.0,0.0,0.0,0.0,5459.251516462673,483.04715154138415,0.0,144.50932601781258,104.00171898108418,5913.496459587255,6.0371913379163535,6.0371913379163535,50
