,nRIDES,nREJECTED,OUT,STARTS_DAY,OPENS_APP,RECEIVES_REQUEST,ACCEPTS_REQUEST,REJECTS_REQUEST,IS_ACCEPTED_BY_TRAVELLER,IS_REJECTED_BY_TRAVELLER,ARRIVES_AT_PICKUP,MEETS_TRAVELLER_AT_PICKUP,DEPARTS_FROM_PICKUP,ARRIVES_AT_DROPOFF,CONTINUES_SHIFT,STARTS_REPOSITIONING,REPOSITIONED,DECIDES_NOT_TO_DRIVE,ENDS_SHIFT,TRAVEL,WAIT,CRUISE,OPERATIONS,IDLE,PAX_KM,REVENUE,nV
sum,100.0,0.0,0.0,0.0,0.0,345521.0,1245.0,0.0,1518.0,0.0,5477.0,0.0,3000.0,21448.0,0.0,0.0,0.0,0.0,701741.0,21448.0,0.0,5477.0,5763.0,669053.0,256.914,256.914,50
mean,2.0,0.0,0.0,0.0,0.0,6910.42,24.9,0.0,30.36,0.0,109.54,0.0,60.0,428.96,0.0,0.0,0.0,0.0,14034.82,428.96,0.0,109.54,115.26,13381.06,5.138280000000001,5.138280000000001,50
std,1.4285714285714286,0.0,0.0,0.0,0.0,4912.60734250486,18.336146970241206,0.0,23.65548648445697,0.0,122.62772766318687,0.0,42.85714285714286,328.37615066647356,0.0,0.0,0.0,0.0,5264.729958731726,328.37615066647356,0.0,122.62772766318687,83.1298001529499,5637.007287523393,4.014962012375252,4.014962012375252,50
