,nRIDES,nREJECTED,OUT,STARTS_DAY,OPENS_APP,RECEIVES_REQUEST,ACCEPTS_REQUEST,REJECTS_REQUEST,IS_ACCEPTED_BY_TRAVELLER,IS_REJECTED_BY_TRAVELLER,ARRIVES_AT_PICKUP,MEETS_TRAVELLER_AT_PICKUP,DEPARTS_FROM_PICKUP,ARRIVES_AT_DROPOFF,CONTINUES_SHIFT,STARTS_REPOSITIONING,REPOSITIONED,DECIDES_NOT_TO_DRIVE,ENDS_SHIFT,TRAVEL,WAIT,CRUISE,OPERATIONS,IDLE,PAX_KM,REVENUE,nV
sum,100.0,0.0,0.0,0.0,0.0,299662.0,1245.0,0.0,1474.0,0.0,6191.0,0.0,3000.0,21591.0,0.0,0.0,0.0,0.0,746787.0,21591.0,0.0,6191.0,5719.0,713286.0,260.568,260.568,50
mean,2.0,0.0,0.0,0.0,0.0,5993.24,24.9,0.0,29.48,0.0,123.82,0.0,60.0,431.82,0.0,0.0,0.0,0.0,14935.74,431.82,0.0,123.82,114.38,14265.72,5.21136,5.21136,50
std,1.7728105208558367,0.0,0.0,0.0,0.0,4786.591815324408,20.910157672230756,0.0,24.927028196194538,0.0,151.19195664816976,0.0,53.1843156256751,410.3199692226265,0.0,0.0,0.0,0.0,5253.516815526567,410.3199692226265,0.0,151.19195664816976,96.46885719320649,5748.086826492616,5.465196136144668,5.465196136144668,50
