,ACCEPTS_OFFER,ARRIVES_AT_DROPOFF,ARRIVES_AT_PICKUP,DEPARTS_FROM_PICKUP,MEETS_DRIVER_AT_PICKUP,RECEIVES_OFFER,REQUESTS_RIDE,SETS_OFF_FOR_DEST,STARTS_DAY,IS_REJECTED_BY_VEHICLE,REJECTS_OFFER,ARRIVES_AT_DEST,PREFERS_OTHER_SERVICE,LOSES_PATIENCE,TRAVEL,WAIT,OPERATIONS,nP
sum,1500.0,28666.0,1850.0,3000.0,11566.0,108160.0,611122.0,1000.0,0.0,0.0,0.0,0.0,0.0,0.0,28666.0,119726.0,5500.0,100
mean,15.0,286.66,18.5,30.0,115.66,1081.6,6111.22,10.0,0.0,0.0,0.0,0.0,0.0,0.0,286.66,1197.26,55.0,100
std,0.0,152.34936060505038,3.588702812826367,0.0,139.60060056019705,3119.642228904403,4501.365172451307,0.0,0.0,0.0,0.0,0.0,0.0,0.0,152.34936060505038,3205.614643847336,0.0,100
