,nRIDES,nREJECTED,OUT,STARTS_DAY,OPENS_APP,RECEIVES_REQUEST,ACCEPTS_REQUEST,REJECTS_REQUEST,IS_ACCEPTED_BY_TRAVELLER,IS_REJECTED_BY_TRAVELLER,ARRIVES_AT_PICKUP,MEETS_TRAVELLER_AT_PICKUP,DEPARTS_FROM_PICKUP,ARRIVES_AT_DROPOFF,CONTINUES_SHIFT,STARTS_REPOSITIONING,REPOSITIONED,DECIDES_NOT_TO_DRIVE,ENDS_SHIFT,TRAVEL,WAIT,CRUISE,OPERATIONS,IDLE,PAX_KM,REVENUE,nV
sum,100.0,0.0,0.0,0.0,0.0,312480.0,1275.0,0.0,1528.0,0.0,6481.0,0.0,3000.0,22442.0,0.0,0.0,0.0,0.0,732744.0,22442.0,0.0,6481.0,5803.0,698018.0,264.97200000000004,264.97200000000004,50
mean,2.0,0.0,0.0,0.0,0.0,6249.6,25.5,0.0,30.56,0.0,129.62,0.0,60.0,448.84,0.0,0.0,0.0,0.0,14654.88,448.84,0.0,129.62,116.06,13960.36,5.29944,5.29944,50
std,1.7842851423995423,0.0,0.0,0.0,0.0,4952.085258571712,24.29096581875993,0.0,31.536930084960286,0.0,160.7948229951475,0.0,53.52855427198627,398.37662213190225,0.0,0.0,0.0,0.0,5425.099640352709,398.37662213190225,0.0,160.7948229951475,107.84236606439671,5927.830617261156,4.724413178806617,4.724413178806617,50
