,nRIDES,nREJECTED,OUT,STARTS_DAY,OPENS_APP,RECEIVES_REQUEST,ACCEPTS_REQUEST,REJECTS_REQUEST,IS_ACCEPTED_BY_TRAVELLER,IS_REJECTED_BY_TRAVELLER,ARRIVES_AT_PICKUP,MEETS_TRAVELLER_AT_PICKUP,DEPARTS_FROM_PICKUP,ARRIVES_AT_DROPOFF,CONTINUES_SHIFT,STARTS_REPOSITIONING,REPOSITIONED,DECIDES_NOT_TO_DRIVE,ENDS_SHIFT,TRAVEL,WAIT,CRUISE,OPERATIONS,IDLE,PAX_KM,REVENUE,nV
sum,100.0,0.0,0.0,0.0,0.0,317973.0,1275.0,0.0,1543.0,0.0,8868.0,0.0,3000.0,22442.0,0.0,0.0,0.0,0.0,724849.0,22442.0,0.0,8868.0,5818.0,687721.0,264.972,264.972,50
mean,2.0,0.0,0.0,0.0,0.0,6359.46,25.5,0.0,30.86,0.0,177.36,0.0,60.0,448.84,0.0,0.0,0.0,0.0,14496.98,448.84,0.0,177.36,116.36,13754.42,5.299439999999999,5.299439999999999,50
std,1.8294640678379568,0.0,0.0,0.0,0.0,4921.3947260291725,23.52267685725016,0.0,29.756158683402607,0.0,241.7128301205751,0.0,54.8839220351387,412.8210246188376,0.0,0.0,0.0,0.0,5433.45767121618,412.8210246188376,0.0,241.7128301205751,106.21556056493064,5986.7388795434135,5.254952416957723,5.254952416957723,50
