,nRIDES,nREJECTED,OUT,STARTS_DAY,OPENS_APP,RECEIVES_REQUEST,ACCEPTS_REQUEST,REJECTS_REQUEST,IS_ACCEPTED_BY_TRAVELLER,IS_REJECTED_BY_TRAVELLER,ARRIVES_AT_PICKUP,MEETS_TRAVELLER_AT_PICKUP,DEPARTS_FROM_PICKUP,ARRIVES_AT_DROPOFF,CONTINUES_SHIFT,STARTS_REPOSITIONING,REPOSITIONED,DECIDES_NOT_TO_DRIVE,ENDS_SHIFT,TRAVEL,WAIT,CRUISE,OPERATIONS,IDLE,PAX_KM,REVENUE,nV
sum,100.0,0.0,0.0,0.0,0.0,270068.0,1275.0,0.0,1572.0,0.0,20382.0,0.0,3000.0,22442.0,0.0,0.0,0.0,0.0,761211.0,22442.0,0.0,20382.0,5847.0,712540.0,264.972,264.972,50
mean,2.0,0.0,0.0,0.0,0.0,5401.36,25.5,0.0,31.44,0.0,407.64,0.0,60.0,448.84,0.0,0.0,0.0,0.0,15224.22,448.84,0.0,407.64,116.94,14250.8,5.299440000000001,5.299440000000001,50
std,2.1852940772540506,0.0,0.0,0.0,0.0,4971.3272270458465,28.948405898799205,0.0,36.4759691650628,0.0,1406.628604508101,0.0,65.55882231762152,508.475928433115,0.0,0.0,0.0,0.0,5756.861075309022,508.475928433115,0.0,1406.628604508101,129.6419574939269,6842.109532676516,6.1181033714439215,6.1181033714439215,50
