,ACCEPTS_OFFER,ARRIVES_AT_DROPOFF,ARRIVES_AT_PICKUP,DEPARTS_FROM_PICKUP,MEETS_DRIVER_AT_PICKUP,RECEIVES_OFFER,REQUESTS_RIDE,SETS_OFF_FOR_DEST,STARTS_DAY,IS_REJECTED_BY_VEHICLE,REJECTS_OFFER,ARRIVES_AT_DEST,PREFERS_OTHER_SERVICE,LOSES_PATIENCE,TRAVEL,WAIT,OPERATIONS,nP
sum,4500.0,90058.0,5170.0,8880.0,68245.0,669762.0,1570748.0,2960.0,0.0,0.0,0.0,0.0,0.0,0.0,90058.0,738007.0,16340.0,300
mean,15.0,300.1933333333333,17.233333333333334,29.6,227.48333333333332,2232.54,5235.826666666667,9.866666666666667,0.0,0.0,0.0,0.0,0.0,0.0,300.1933333333333,2460.0233333333335,54.46666666666667,300
std,0.0,170.57785702305407,4.480976760855456,3.4466793674792773,832.9050400504012,4144.129751797409,4834.767715844903,1.1488931224930927,0.0,0.0,0.0,0.0,0.0,0.0,170.57785702305407,4284.889639207703,4.595572489972371,300
