,nRIDES,nREJECTED,OUT,STARTS_DAY,OPENS_APP,RECEIVES_REQUEST,ACCEPTS_REQUEST,REJECTS_REQUEST,IS_ACCEPTED_BY_TRAVELLER,IS_REJECTED_BY_TRAVELLER,ARRIVES_AT_PICKUP,MEETS_TRAVELLER_AT_PICKUP,DEPARTS_FROM_PICKUP,ARRIVES_AT_DROPOFF,CONTINUES_SHIFT,STARTS_REPOSITIONING,REPOSITIONED,DECIDES_NOT_TO_DRIVE,ENDS_SHIFT,TRAVEL,WAIT,CRUISE,OPERATIONS,IDLE,PAX_KM,REVENUE,nV
sum,296.0,0.0,0.0,0.0,0.0,358146.0,3255.0,0.0,4145.0,0.0,39442.0,0.0,8880.0,59292.0,0.0,0.0,0.0,0.0,382742.0,59292.0,0.0,39442.0,16280.0,267728.0,813.608,813.608,40
mean,7.4,0.0,0.0,0.0,0.0,8953.65,81.375,0.0,103.625,0.0,986.05,0.0,222.0,1482.3,0.0,0.0,0.0,0.0,9568.55,1482.3,0.0,986.05,407.0,6693.2,20.340200000000003,20.340200000000003,40
std,3.7811950356250996,0.0,0.0,0.0,0.0,3096.4915179139143,37.655447046977045,0.0,49.97265277770459,0.0,1580.1422680187652,0.0,113.43585106875298,830.3974087208222,0.0,0.0,0.0,0.0,3701.16001185214,830.3974087208222,0.0,1580.1422680187652,197.39677601087405,4771.310738581439,11.562447886951169,11.562447886951169,40
