,nRIDES,nREJECTED,OUT,STARTS_DAY,OPENS_APP,RECEIVES_REQUEST,ACCEPTS_REQUEST,REJECTS_REQUEST,IS_ACCEPTED_BY_TRAVELLER,IS_REJECTED_BY_TRAVELLER,ARRIVES_AT_PICKUP,MEETS_TRAVELLER_AT_PICKUP,DEPARTS_FROM_PICKUP,ARRIVES_AT_DROPOFF,CONTINUES_SHIFT,STARTS_REPOSITIONING,REPOSITIONED,DECIDES_NOT_TO_DRIVE,ENDS_SHIFT,TRAVEL,WAIT,CRUISE,OPERATIONS,IDLE,PAX_KM,REVENUE,nV
sum,296.0,0.0,0.0,0.0,0.0,296501.0,3255.0,0.0,4184.0,0.0,43715.0,0.0,8880.0,59292.0,0.0,0.0,0.0,0.0,440075.0,59292.0,0.0,43715.0,16319.0,320749.0,813.608,813.608,40
mean,7.4,0.0,0.0,0.0,0.0,7412.525,81.375,0.0,104.6,0.0,1092.875,0.0,222.0,1482.3,0.0,0.0,0.0,0.0,11001.875,1482.3,0.0,1092.875,407.975,8018.725,20.340199999999996,20.340199999999996,40
std,5.158015917494652,0.0,0.0,0.0,0.0,4250.019167302177,55.0755599852812,0.0,72.00420215657645,0.0,1638.7367427929012,0.0,154.74047752483958,1086.9101158789533,0.0,0.0,0.0,0.0,5535.836184897964,1086.9101158789533,0.0,1638.7367427929012,278.93740567025293,7251.740795385721,14.892810754323797,14.892810754323797,40
