,nRIDES,nREJECTED,OUT,STARTS_DAY,OPENS_APP,RECEIVES_REQUEST,ACCEPTS_REQUEST,REJECTS_REQUEST,IS_ACCEPTED_BY_TRAVELLER,IS_REJECTED_BY_TRAVELLER,ARRIVES_AT_PICKUP,MEETS_TRAVELLER_AT_PICKUP,DEPARTS_FROM_PICKUP,ARRIVES_AT_DROPOFF,CONTINUES_SHIFT,STARTS_REPOSITIONING,REPOSITIONED,DECIDES_NOT_TO_DRIVE,ENDS_SHIFT,TRAVEL,WAIT,CRUISE,OPERATIONS,IDLE,PAX_KM,REVENUE,nV
sum,296.0,0.0,0.0,0.0,0.0,253640.0,3255.0,0.0,4199.0,0.0,44191.0,0.0,8880.0,59292.0,0.0,0.0,0.0,0.0,482445.0,59292.0,0.0,44191.0,16334.0,362628.0,813.608,813.608,40
mean,7.4,0.0,0.0,0.0,0.0,6341.0,81.375,0.0,104.975,0.0,1104.775,0.0,222.0,1482.3,0.0,0.0,0.0,0.0,12061.125,1482.3,0.0,1104.775,408.35,9065.7,20.3402,20.3402,40
std,5.93468725549315,0.0,0.0,0.0,0.0,4468.792729758056,64.35067688365535,0.0,84.48774376294968,0.0,1677.8419669401646,0.0,178.04061766479452,1216.6700498723596,0.0,0.0,0.0,0.0,6384.958985019764,1216.6700498723596,0.0,1677.8419669401646,325.1392246171099,8477.5647906393,16.530008460450468,16.530008460450468,40
