Average Profit 0,Average Profit 1
11.44665398198576,11.426989713746442
