,ACCEPTS_OFFER,ARRIVES_AT_DROPOFF,ARRIVES_AT_PICKUP,DEPARTS_FROM_PICKUP,MEETS_DRIVER_AT_PICKUP,RECEIVES_OFFER,REQUESTS_RIDE,SETS_OFF_FOR_DEST,STARTS_DAY,IS_REJECTED_BY_VEHICLE,REJECTS_OFFER,ARRIVES_AT_DEST,PREFERS_OTHER_SERVICE,LOSES_PATIENCE,TRAVEL,WAIT,OPERATIONS,nP
sum,1500.0,27027.0,1860.0,3000.0,7786.0,84149.0,560911.0,1000.0,0.0,0.0,0.0,0.0,0.0,0.0,27027.0,91935.0,5500.0,100
mean,15.0,270.27,18.6,30.0,77.86,841.49,5609.11,10.0,0.0,0.0,0.0,0.0,0.0,0.0,270.27,919.35,55.0,100
std,0.0,149.2289851201837,3.487350880197773,0.0,111.28142684022323,2539.710762562293,4412.855439416968,0.0,0.0,0.0,0.0,0.0,0.0,0.0,149.2289851201837,2613.5763777481675,0.0,100
