,ACCEPTS_OFFER,ARRIVES_AT_DROPOFF,ARRIVES_AT_PICKUP,DEPARTS_FROM_PICKUP,MEETS_DRIVER_AT_PICKUP,RECEIVES_OFFER,REQUESTS_RIDE,SETS_OFF_FOR_DEST,STARTS_DAY,IS_REJECTED_BY_VEHICLE,REJECTS_OFFER,ARRIVES_AT_DEST,PREFERS_OTHER_SERVICE,LOSES_PATIENCE,TRAVEL,WAIT,OPERATIONS,nP
sum,1500.0,25755.0,1890.0,3000.0,16422.0,73007.0,611771.0,990.0,0.0,0.0,0.0,0.0,0.0,0.0,25755.0,89429.0,5490.0,100
mean,15.0,257.55,18.9,30.0,164.22,730.07,6117.71,9.9,0.0,0.0,0.0,0.0,0.0,0.0,257.55,894.29,54.9,100
std,0.0,159.65217084827145,3.144660377352203,0.0,995.1676025533171,2587.0788536591826,4379.039812873053,1.0000000000000004,0.0,0.0,0.0,0.0,0.0,0.0,159.65217084827145,2788.9969425141962,1.0000000000000004,100
