,ACCEPTS_OFFER,ARRIVES_AT_DROPOFF,ARRIVES_AT_PICKUP,DEPARTS_FROM_PICKUP,MEETS_DRIVER_AT_PICKUP,RECEIVES_OFFER,REQUESTS_RIDE,SETS_OFF_FOR_DEST,STARTS_DAY,IS_REJECTED_BY_VEHICLE,REJECTS_OFFER,ARRIVES_AT_DEST,PREFERS_OTHER_SERVICE,LOSES_PATIENCE,TRAVEL,WAIT,OPERATIONS,nP
sum,1500.0,27867.0,1830.0,3000.0,11763.0,106959.0,572292.0,1000.0,0.0,0.0,0.0,0.0,0.0,0.0,27867.0,118722.0,5500.0,100
mean,15.0,278.67,18.3,30.0,117.63,1069.59,5722.92,10.0,0.0,0.0,0.0,0.0,0.0,0.0,278.67,1187.22,55.0,100
std,0.0,150.42002170353825,3.7752516806863716,0.0,159.9800274781799,2777.2573568471507,4378.98272555477,0.0,0.0,0.0,0.0,0.0,0.0,0.0,150.42002170353825,2884.107230455844,0.0,100
