,ACCEPTS_OFFER,ARRIVES_AT_DROPOFF,ARRIVES_AT_PICKUP,DEPARTS_FROM_PICKUP,MEETS_DRIVER_AT_PICKUP,RECEIVES_OFFER,REQUESTS_RIDE,SETS_OFF_FOR_DEST,STARTS_DAY,IS_REJECTED_BY_VEHICLE,REJECTS_OFFER,ARRIVES_AT_DEST,PREFERS_OTHER_SERVICE,LOSES_PATIENCE,TRAVEL,WAIT,OPERATIONS,nP
sum,1500.0,29562.0,1840.0,2970.0,8263.0,70582.0,581335.0,990.0,0.0,0.0,0.0,0.0,0.0,0.0,29562.0,78845.0,5460.0,100
mean,15.0,295.62,18.4,29.7,82.63,705.82,5813.35,9.9,0.0,0.0,0.0,0.0,0.0,0.0,295.62,788.45,54.6,100
std,0.0,168.25322306186905,3.684529491774704,3.0,103.6161969125786,2082.6054649952966,4362.128067847507,1.0,0.0,0.0,0.0,0.0,0.0,0.0,168.25322306186905,2142.3804252194877,4.0,100
