,ACCEPTS_OFFER,ARRIVES_AT_DROPOFF,ARRIVES_AT_PICKUP,DEPARTS_FROM_PICKUP,MEETS_DRIVER_AT_PICKUP,RECEIVES_OFFER,REQUESTS_RIDE,SETS_OFF_FOR_DEST,STARTS_DAY,IS_REJECTED_BY_VEHICLE,REJECTS_OFFER,ARRIVES_AT_DEST,PREFERS_OTHER_SERVICE,LOSES_PATIENCE,TRAVEL,WAIT,OPERATIONS,LOST_PATIENCE,nP
sum,384.0,25601.0,2150.0,2923.0,21108.0,32566.0,158625.0,1000.0,0.0,0.0,0.0,0.0,0.0,0.0,25601.0,53674.0,4307.0,0.0,100
mean,3.84,256.01,21.5,29.23,211.08,325.66,1586.25,10.0,0.0,0.0,0.0,0.0,0.0,0.0,256.01,536.74,43.07,0.0,100
std,6.431802298584809,172.62813978741892,5.250300616693921,4.428682910666819,143.56047400649558,616.789704678977,1216.8028431471178,0.0,0.0,0.0,0.0,0.0,0.0,0.0,172.62813978741892,646.0193827032458,7.626714081225784,0.0,100
