,ACCEPTS_OFFER,ARRIVES_AT_DROPOFF,ARRIVES_AT_PICKUP,DEPARTS_FROM_PICKUP,MEETS_DRIVER_AT_PICKUP,RECEIVES_OFFER,REQUESTS_RIDE,SETS_OFF_FOR_DEST,STARTS_DAY,IS_REJECTED_BY_VEHICLE,REJECTS_OFFER,ARRIVES_AT_DEST,PREFERS_OTHER_SERVICE,LOSES_PATIENCE,TRAVEL,WAIT,OPERATIONS,nP
sum,734.0,14931.0,1165.0,1489.0,7191.0,18989.0,69897.0,500.0,0.0,0.0,0.0,0.0,0.0,0.0,14931.0,26180.0,2723.0,50
mean,14.68,298.62,23.3,29.78,143.82,379.78,1397.94,10.0,0.0,0.0,0.0,0.0,0.0,0.0,298.62,523.6,54.46,50
std,1.5835893097772593,164.00770141200377,7.137855391631069,1.4183923063433044,142.37084229115834,802.1846011272681,1176.819328113032,0.0,0.0,0.0,0.0,0.0,0.0,0.0,164.00770141200377,811.4936342124607,2.0918695866011676,50
