,ACCEPTS_OFFER,ARRIVES_AT_DROPOFF,ARRIVES_AT_PICKUP,DEPARTS_FROM_PICKUP,MEETS_DRIVER_AT_PICKUP,RECEIVES_OFFER,REQUESTS_RIDE,SETS_OFF_FOR_DEST,STARTS_DAY,IS_REJECTED_BY_VEHICLE,REJECTS_OFFER,ARRIVES_AT_DEST,PREFERS_OTHER_SERVICE,LOSES_PATIENCE,TRAVEL,WAIT,OPERATIONS,nP
sum,720.0,14525.0,1150.0,1491.0,3712.0,24057.0,74551.0,500.0,0.0,0.0,0.0,0.0,0.0,0.0,14525.0,27769.0,2711.0,50
mean,14.4,290.5,23.0,29.82,74.24,481.14,1491.02,10.0,0.0,0.0,0.0,0.0,0.0,0.0,290.5,555.38,54.22,50
std,2.969229955832361,143.5537657934106,6.0609152673132645,1.2727922061357855,67.70902933184927,967.6292722791247,1125.7170320851196,0.0,0.0,0.0,0.0,0.0,0.0,0.0,143.5537657934106,973.3224163258795,3.196235030054414,50
