,ACCEPTS_OFFER,ARRIVES_AT_DROPOFF,ARRIVES_AT_PICKUP,DEPARTS_FROM_PICKUP,MEETS_DRIVER_AT_PICKUP,RECEIVES_OFFER,REQUESTS_RIDE,SETS_OFF_FOR_DEST,STARTS_DAY,IS_REJECTED_BY_VEHICLE,REJECTS_OFFER,ARRIVES_AT_DEST,PREFERS_OTHER_SERVICE,LOSES_PATIENCE,TRAVEL,WAIT,OPERATIONS,nP
sum,1500.0,27712.0,1870.0,3000.0,48403.0,88655.0,649222.0,1000.0,0.0,0.0,0.0,0.0,0.0,0.0,27712.0,137058.0,5500.0,100
mean,15.0,277.12,18.7,30.0,484.03,886.55,6492.22,10.0,0.0,0.0,0.0,0.0,0.0,0.0,277.12,1370.58,55.0,100
std,0.0,146.58201965059868,3.379976689896315,0.0,1967.210707775829,2732.434539495186,4634.241004575059,0.0,0.0,0.0,0.0,0.0,0.0,0.0,146.58201965059868,3551.0981433689476,0.0,100
