,ACCEPTS_OFFER,ARRIVES_AT_DROPOFF,ARRIVES_AT_PICKUP,DEPARTS_FROM_PICKUP,MEETS_DRIVER_AT_PICKUP,RECEIVES_OFFER,REQUESTS_RIDE,SETS_OFF_FOR_DEST,STARTS_DAY,IS_REJECTED_BY_VEHICLE,REJECTS_OFFER,ARRIVES_AT_DEST,PREFERS_OTHER_SERVICE,LOSES_PATIENCE,TRAVEL,WAIT,OPERATIONS,LOST_PATIENCE,nP
sum,1490.0,26951.0,2260.0,2978.0,12133.0,135106.0,586233.0,1000.0,0.0,0.0,0.0,0.0,0.0,0.0,26951.0,147239.0,5468.0,0.0,100
mean,14.9,269.51,22.6,29.78,121.33,1351.06,5862.33,10.0,0.0,0.0,0.0,0.0,0.0,0.0,269.51,1472.39,54.68,0.0,100
std,0.7035264706814487,149.59078828388442,5.662208585049306,2.0079639418872026,100.80083924213723,3505.1991912159588,4497.061206617118,0.0,0.0,0.0,0.0,0.0,0.0,0.0,149.59078828388442,3517.4020569451573,2.117173644844523,0.0,100
