,ACCEPTS_OFFER,ARRIVES_AT_DROPOFF,ARRIVES_AT_PICKUP,DEPARTS_FROM_PICKUP,MEETS_DRIVER_AT_PICKUP,RECEIVES_OFFER,REQUESTS_RIDE,SETS_OFF_FOR_DEST,STARTS_DAY,IS_REJECTED_BY_VEHICLE,REJECTS_OFFER,ARRIVES_AT_DEST,PREFERS_OTHER_SERVICE,LOSES_PATIENCE,TRAVEL,WAIT,OPERATIONS,nP
sum,750.0,13240.0,1150.0,1492.0,5596.0,21683.0,64519.0,500.0,0.0,0.0,0.0,0.0,0.0,0.0,13240.0,27279.0,2742.0,50
mean,15.0,264.8,23.0,29.84,111.92,433.66,1290.38,10.0,0.0,0.0,0.0,0.0,0.0,0.0,264.8,545.58,54.84,50
std,0.0,161.81987971008925,6.0609152673132645,1.1313708498984758,128.2742342938498,895.2851013241878,1099.0621584620524,0.0,0.0,0.0,0.0,0.0,0.0,0.0,161.81987971008925,951.455342609201,1.131370849898476,50
