,ACCEPTS_OFFER,ARRIVES_AT_DROPOFF,ARRIVES_AT_PICKUP,DEPARTS_FROM_PICKUP,LOSES_PATIENCE,MEETS_DRIVER_AT_PICKUP,RECEIVES_OFFER,REQUESTS_RIDE,SETS_OFF_FOR_DEST,STARTS_DAY,IS_REJECTED_BY_VEHICLE,REJECTS_OFFER,ARRIVES_AT_DEST,PREFERS_OTHER_SERVICE,TRAVEL,WAIT,OPERATIONS,LOST_PATIENCE,nP
sum,315.0,31991.0,2210.0,2820.0,247845.0,16265.0,57321.0,895836.0,930.0,0.0,0.0,0.0,0.0,0.0,31991.0,73586.0,4065.0,407.0,500
mean,0.63,63.982,4.42,5.64,495.69,32.53,114.642,1791.672,1.86,0.0,0.0,0.0,0.0,0.0,63.982,147.172,8.13,0.814,500
std,3.0118503423925196,152.95182967326937,9.377605182450145,11.733104084722244,243.43231602433136,90.05251807708682,385.5047362086211,1084.783071882155,3.894963604832006,0.0,0.0,0.0,0.0,0.0,152.95182967326937,430.0713675407335,17.13886172306448,0.3894963604832006,500
