,ACCEPTS_OFFER,ARRIVES_AT_DROPOFF,ARRIVES_AT_PICKUP,DEPARTS_FROM_PICKUP,MEETS_DRIVER_AT_PICKUP,RECEIVES_OFFER,REQUESTS_RIDE,SETS_OFF_FOR_DEST,STARTS_DAY,IS_REJECTED_BY_VEHICLE,REJECTS_OFFER,ARRIVES_AT_DEST,PREFERS_OTHER_SERVICE,LOSES_PATIENCE,TRAVEL,WAIT,OPERATIONS,nP
sum,1500.0,29007.0,1840.0,2970.0,23880.0,70582.0,581335.0,980.0,0.0,0.0,0.0,0.0,0.0,0.0,29007.0,94462.0,5450.0,100
mean,15.0,290.07,18.4,29.7,238.8,705.82,5813.35,9.8,0.0,0.0,0.0,0.0,0.0,0.0,290.07,944.62,54.5,100
std,0.0,168.76373150267526,3.684529491774704,3.0,992.9693353825692,2082.6054649952966,4362.128067847507,1.4070529413628972,0.0,0.0,0.0,0.0,0.0,0.0,168.76373150267526,2336.6956717172698,4.113294533484312,100
