,ACCEPTS_OFFER,ARRIVES_AT_DROPOFF,ARRIVES_AT_PICKUP,DEPARTS_FROM_PICKUP,MEETS_DRIVER_AT_PICKUP,RECEIVES_OFFER,REQUESTS_RIDE,SETS_OFF_FOR_DEST,STARTS_DAY,IS_REJECTED_BY_VEHICLE,REJECTS_OFFER,ARRIVES_AT_DEST,PREFERS_OTHER_SERVICE,LOSES_PATIENCE,TRAVEL,WAIT,OPERATIONS,nP
sum,1500.0,30484.0,1800.0,3000.0,11237.0,179103.0,596686.0,1000.0,0.0,0.0,0.0,0.0,0.0,0.0,30484.0,190340.0,5500.0,100
mean,15.0,304.84,18.0,30.0,112.37,1791.03,5966.86,10.0,0.0,0.0,0.0,0.0,0.0,0.0,304.84,1903.4,55.0,100
std,0.0,165.85564613101167,4.020151261036848,0.0,125.62487489314846,4128.288510919984,4884.985824488597,0.0,0.0,0.0,0.0,0.0,0.0,0.0,165.85564613101167,4197.514926186153,0.0,100
