,nRIDES,nREJECTED,OUT,STARTS_DAY,OPENS_APP,RECEIVES_REQUEST,ACCEPTS_REQUEST,REJECTS_REQUEST,IS_ACCEPTED_BY_TRAVELLER,IS_REJECTED_BY_TRAVELLER,ARRIVES_AT_PICKUP,MEETS_TRAVELLER_AT_PICKUP,DEPARTS_FROM_PICKUP,ARRIVES_AT_DROPOFF,CONTINUES_SHIFT,STARTS_REPOSITIONING,REPOSITIONED,DECIDES_NOT_TO_DRIVE,ENDS_SHIFT,TRAVEL,WAIT,CRUISE,OPERATIONS,IDLE,PAX_KM,REVENUE,nV
sum,99.0,0.0,0.0,0.0,0.0,288614.0,1335.0,0.0,1664.0,0.0,15583.0,0.0,3000.0,21361.0,0.0,0.0,0.0,0.0,748189.0,21361.0,0.0,15583.0,5999.0,705246.0,247.10899999999998,247.10899999999998,50
mean,1.98,0.0,0.0,0.0,0.0,5772.28,26.7,0.0,33.28,0.0,311.66,0.0,60.0,427.22,0.0,0.0,0.0,0.0,14963.78,427.22,0.0,311.66,119.98,14104.92,4.9421800000000005,4.9421800000000005,50
std,2.12362800847214,0.0,0.0,0.0,0.0,5111.539230775315,26.81398508089327,0.0,34.44074473583845,0.0,1412.1664440547663,0.0,63.56741560367711,390.3525507506656,0.0,0.0,0.0,0.0,5902.86473270844,390.3525507506656,0.0,1412.1664440547663,123.87575902277807,6938.965234390617,4.991264334897153,4.991264334897153,50
