,nRIDES,nREJECTED,OUT,STARTS_DAY,OPENS_APP,RECEIVES_REQUEST,ACCEPTS_REQUEST,REJECTS_REQUEST,IS_ACCEPTED_BY_TRAVELLER,IS_REJECTED_BY_TRAVELLER,ARRIVES_AT_PICKUP,MEETS_TRAVELLER_AT_PICKUP,DEPARTS_FROM_PICKUP,ARRIVES_AT_DROPOFF,CONTINUES_SHIFT,STARTS_REPOSITIONING,REPOSITIONED,DECIDES_NOT_TO_DRIVE,ENDS_SHIFT,TRAVEL,WAIT,CRUISE,OPERATIONS,IDLE,PAX_KM,REVENUE,nV
sum,100.0,0.0,0.0,0.0,0.0,79720.0,1225.0,0.0,3081.0,0.0,10919.0,0.0,2966.0,20655.0,0.0,0.0,0.0,0.0,97424.0,20655.0,0.0,10919.0,7272.0,58578.0,249.31,29.2599,10
mean,10.0,0.0,0.0,0.0,0.0,7972.0,122.5,0.0,308.1,0.0,1091.9,0.0,296.6,2065.5,0.0,0.0,0.0,0.0,9742.4,2065.5,0.0,1091.9,727.2,5857.8,24.931,2.9259899999999996,10
std,4.0276819911981905,0.0,0.0,0.0,0.0,3291.1442117024017,48.26144078523419,0.0,153.278577179664,0.0,495.5332593389782,0.0,121.47263066221954,911.8750218947525,0.0,0.0,0.0,0.0,4505.041526507337,911.8750218947525,0.0,495.5332593389782,292.0063926240885,5893.704679099933,10.608194788307134,1.9820209991319466,10
