,nRIDES,nREJECTED,OUT,STARTS_DAY,OPENS_APP,RECEIVES_REQUEST,ACCEPTS_REQUEST,REJECTS_REQUEST,IS_ACCEPTED_BY_TRAVELLER,IS_REJECTED_BY_TRAVELLER,ARRIVES_AT_PICKUP,MEETS_TRAVELLER_AT_PICKUP,DEPARTS_FROM_PICKUP,ARRIVES_AT_DROPOFF,CONTINUES_SHIFT,STARTS_REPOSITIONING,REPOSITIONED,DECIDES_NOT_TO_DRIVE,ENDS_SHIFT,TRAVEL,WAIT,CRUISE,OPERATIONS,IDLE,PAX_KM,REVENUE,nV
sum,100.0,0.0,0.0,0.0,0.0,355349.0,1290.0,0.0,1544.0,0.0,6587.0,0.0,3000.0,20957.0,0.0,0.0,0.0,0.0,691223.0,20957.0,0.0,6587.0,5834.0,657845.0,254.175,254.175,50
mean,2.0,0.0,0.0,0.0,0.0,7106.98,25.8,0.0,30.88,0.0,131.74,0.0,60.0,419.14,0.0,0.0,0.0,0.0,13824.46,419.14,0.0,131.74,116.68,13156.9,5.083499999999998,5.083499999999998,50
std,1.4982983545287878,0.0,0.0,0.0,0.0,4324.373780263285,18.690824989162728,0.0,22.464157392320303,0.0,188.90790435164595,0.0,44.94895063586364,342.4371838716689,0.0,0.0,0.0,0.0,4610.964258842887,342.4371838716689,0.0,188.90790435164595,83.95393294624652,4944.726815053608,4.801377864525889,4.801377864525889,50
