,nRIDES,nREJECTED,OUT,STARTS_DAY,OPENS_APP,RECEIVES_REQUEST,ACCEPTS_REQUEST,REJECTS_REQUEST,IS_ACCEPTED_BY_TRAVELLER,IS_REJECTED_BY_TRAVELLER,ARRIVES_AT_PICKUP,MEETS_TRAVELLER_AT_PICKUP,DEPARTS_FROM_PICKUP,ARRIVES_AT_DROPOFF,CONTINUES_SHIFT,STARTS_REPOSITIONING,REPOSITIONED,DECIDES_NOT_TO_DRIVE,ENDS_SHIFT,TRAVEL,WAIT,CRUISE,OPERATIONS,IDLE,PAX_KM,REVENUE,nV
sum,99.0,0.0,0.0,0.0,0.0,318226.0,1260.0,0.0,1514.0,0.0,7042.0,0.0,2970.0,22501.0,0.0,0.0,0.0,0.0,717877.0,22501.0,0.0,7042.0,5744.0,682590.0,275.284,275.284,50
mean,1.98,0.0,0.0,0.0,0.0,6364.52,25.2,0.0,30.28,0.0,140.84,0.0,59.4,450.02,0.0,0.0,0.0,0.0,14357.54,450.02,0.0,140.84,114.88,13651.8,5.505679999999999,5.505679999999999,50
std,1.6597270491110943,0.0,0.0,0.0,0.0,4599.511323821172,19.742216239338905,0.0,25.3111574977825,0.0,179.90489097275363,0.0,49.79181147333283,393.0495887081851,0.0,0.0,0.0,0.0,5333.984945266206,393.0495887081851,0.0,179.90489097275363,92.74996892017741,5722.542816415994,5.163484978190602,5.163484978190602,50
