,nRIDES,nREJECTED,OUT,STARTS_DAY,OPENS_APP,RECEIVES_REQUEST,ACCEPTS_REQUEST,REJECTS_REQUEST,IS_ACCEPTED_BY_TRAVELLER,IS_REJECTED_BY_TRAVELLER,ARRIVES_AT_PICKUP,MEETS_TRAVELLER_AT_PICKUP,DEPARTS_FROM_PICKUP,ARRIVES_AT_DROPOFF,CONTINUES_SHIFT,STARTS_REPOSITIONING,REPOSITIONED,DECIDES_NOT_TO_DRIVE,ENDS_SHIFT,TRAVEL,WAIT,CRUISE,OPERATIONS,IDLE,PAX_KM,REVENUE,nV
sum,100.0,0.0,0.0,0.0,0.0,226151.0,1245.0,0.0,1549.0,0.0,12174.0,0.0,3000.0,20537.0,0.0,0.0,0.0,0.0,815294.0,20537.0,0.0,12174.0,5794.0,776789.0,257.95300000000003,257.95300000000003,50
mean,2.0,0.0,0.0,0.0,0.0,4523.02,24.9,0.0,30.98,0.0,243.48,0.0,60.0,410.74,0.0,0.0,0.0,0.0,16305.88,410.74,0.0,243.48,115.88,15535.78,5.159059999999999,5.159059999999999,50
std,2.2677868380553634,0.0,0.0,0.0,0.0,4729.522677257598,27.03908735327358,0.0,34.058467136285934,0.0,325.34322472974753,0.0,68.0336051416609,473.9667520415502,0.0,0.0,0.0,0.0,5441.077030387664,473.9667520415502,0.0,325.34322472974753,128.21962026307895,6197.026203505902,6.256045110522938,6.256045110522938,50
