,nRIDES,nREJECTED,OUT,STARTS_DAY,OPENS_APP,RECEIVES_REQUEST,ACCEPTS_REQUEST,REJECTS_REQUEST,IS_ACCEPTED_BY_TRAVELLER,IS_REJECTED_BY_TRAVELLER,ARRIVES_AT_PICKUP,MEETS_TRAVELLER_AT_PICKUP,DEPARTS_FROM_PICKUP,ARRIVES_AT_DROPOFF,CONTINUES_SHIFT,STARTS_REPOSITIONING,REPOSITIONED,DECIDES_NOT_TO_DRIVE,ENDS_SHIFT,TRAVEL,WAIT,CRUISE,OPERATIONS,IDLE,PAX_KM,nV
sum,50.0,0.0,0.0,0.0,0.0,28363.0,532.0,0.0,2072.0,0.0,5883.0,0.0,1500.0,9239.0,0.0,0.0,0.0,0.0,168391.0,9239.0,0.0,5883.0,4104.0,149165.0,136.003,20
mean,2.5,0.0,0.0,0.0,0.0,1418.15,26.6,0.0,103.6,0.0,294.15,0.0,75.0,461.95,0.0,0.0,0.0,0.0,8419.55,461.95,0.0,294.15,205.2,7458.25,6.8001499999999995,20
std,2.2124052165246,0.0,0.0,0.0,0.0,1052.9371088831272,24.15171346215201,0.0,130.04468867520725,0.0,288.8649793861995,0.0,66.37215649573801,431.4636625548705,0.0,0.0,0.0,0.0,1668.9780193122283,431.4636625548705,0.0,288.8649793861995,206.96951212042904,2460.03619731606,6.574690997541854,20
