,nRIDES,nREJECTED,OUT,STARTS_DAY,OPENS_APP,RECEIVES_REQUEST,ACCEPTS_REQUEST,REJECTS_REQUEST,IS_ACCEPTED_BY_TRAVELLER,IS_REJECTED_BY_TRAVELLER,ARRIVES_AT_PICKUP,MEETS_TRAVELLER_AT_PICKUP,DEPARTS_FROM_PICKUP,ARRIVES_AT_DROPOFF,CONTINUES_SHIFT,STARTS_REPOSITIONING,REPOSITIONED,DECIDES_NOT_TO_DRIVE,ENDS_SHIFT,TRAVEL,WAIT,CRUISE,OPERATIONS,IDLE,PAX_KM,nV
sum,50.0,0.0,0.0,0.0,0.0,30740.0,600.0,0.0,1592.0,0.0,5124.0,0.0,1472.0,9557.0,0.0,0.0,0.0,0.0,166895.0,9557.0,0.0,5124.0,3664.0,148550.0,120.84599999999999,20
mean,2.5,0.0,0.0,0.0,0.0,1537.0,30.0,0.0,79.6,0.0,256.2,0.0,73.6,477.85,0.0,0.0,0.0,0.0,8344.75,477.85,0.0,256.2,183.2,7427.5,6.042299999999999,20
std,1.820930936000652,0.0,0.0,0.0,0.0,1002.69961918602,22.301758250250842,0.0,91.72234991366177,0.0,263.1068624202561,0.0,55.38610884176265,414.06410322430435,0.0,0.0,0.0,0.0,1416.7421068664619,414.06410322430435,0.0,263.1068624202561,162.5101130456356,2053.96565081718,5.246133624920959,20
