,nRIDES,nREJECTED,OUT,STARTS_DAY,OPENS_APP,RECEIVES_REQUEST,ACCEPTS_REQUEST,REJECTS_REQUEST,IS_ACCEPTED_BY_TRAVELLER,IS_REJECTED_BY_TRAVELLER,ARRIVES_AT_PICKUP,MEETS_TRAVELLER_AT_PICKUP,DEPARTS_FROM_PICKUP,ARRIVES_AT_DROPOFF,CONTINUES_SHIFT,STARTS_REPOSITIONING,REPOSITIONED,DECIDES_NOT_TO_DRIVE,ENDS_SHIFT,TRAVEL,WAIT,CRUISE,OPERATIONS,IDLE,PAX_KM,REVENUE,nV
sum,100.0,0.0,0.0,0.0,0.0,360391.0,1305.0,0.0,1646.0,0.0,37641.0,0.0,3000.0,23064.0,0.0,0.0,0.0,0.0,652903.0,23064.0,0.0,37641.0,5951.0,586247.0,260.298,260.298,50
mean,2.0,0.0,0.0,0.0,0.0,7207.82,26.1,0.0,32.92,0.0,752.82,0.0,60.0,461.28,0.0,0.0,0.0,0.0,13058.06,461.28,0.0,752.82,119.02,11724.94,5.205960000000001,5.205960000000001,50
std,1.7728105208558367,0.0,0.0,0.0,0.0,4604.729009687004,21.812980595255183,0.0,28.57488550515387,0.0,2386.550466720552,0.0,53.1843156256751,420.60525096919224,0.0,0.0,0.0,0.0,5377.612069288292,420.60525096919224,0.0,2386.550466720552,102.53451186039257,6955.699537613095,5.124342561953182,5.124342561953182,50
