,nRIDES,nREJECTED,OUT,STARTS_DAY,OPENS_APP,RECEIVES_REQUEST,ACCEPTS_REQUEST,REJECTS_REQUEST,IS_ACCEPTED_BY_TRAVELLER,IS_REJECTED_BY_TRAVELLER,ARRIVES_AT_PICKUP,MEETS_TRAVELLER_AT_PICKUP,DEPARTS_FROM_PICKUP,ARRIVES_AT_DROPOFF,CONTINUES_SHIFT,STARTS_REPOSITIONING,REPOSITIONED,DECIDES_NOT_TO_DRIVE,ENDS_SHIFT,TRAVEL,WAIT,CRUISE,OPERATIONS,IDLE,PAX_KM,nV
sum,23.0,0.0,0.0,0.0,0.0,23264.0,345.0,0.0,431.0,0.0,2286.0,0.0,690.0,5379.0,0.0,0.0,0.0,0.0,183585.0,5379.0,0.0,2286.0,1466.0,174454.0,53.899,20
mean,1.15,0.0,0.0,0.0,0.0,1163.2,17.25,0.0,21.55,0.0,114.3,0.0,34.5,268.95,0.0,0.0,0.0,0.0,9179.25,268.95,0.0,114.3,73.3,8722.7,2.69495,20
std,1.3869694338832113,0.0,0.0,0.0,0.0,1165.8394581181676,20.80454150824817,0.0,26.430594313966413,0.0,153.4848183817677,0.0,41.60908301649634,335.0642475705219,0.0,0.0,0.0,0.0,1599.7192475720956,335.0642475705219,0.0,153.4848183817677,88.3319695359798,2090.4063845653504,3.3571779419939194,20
