,nRIDES,nREJECTED,OUT,STARTS_DAY,OPENS_APP,RECEIVES_REQUEST,ACCEPTS_REQUEST,REJECTS_REQUEST,IS_ACCEPTED_BY_TRAVELLER,IS_REJECTED_BY_TRAVELLER,ARRIVES_AT_PICKUP,MEETS_TRAVELLER_AT_PICKUP,DEPARTS_FROM_PICKUP,ARRIVES_AT_DROPOFF,CONTINUES_SHIFT,STARTS_REPOSITIONING,REPOSITIONED,DECIDES_NOT_TO_DRIVE,ENDS_SHIFT,TRAVEL,WAIT,CRUISE,OPERATIONS,IDLE,PAX_KM,REVENUE,nV
sum,100.0,0.0,0.0,0.0,0.0,2126.0,279.0,0.0,2659.0,0.0,17118.0,0.0,2980.0,17093.0,0.0,0.0,0.0,0.0,65735.0,17093.0,0.0,17118.0,5918.0,25606.0,239.113,35.8959,10
mean,10.0,0.0,0.0,0.0,0.0,212.6,27.9,0.0,265.9,0.0,1711.8,0.0,298.0,1709.3,0.0,0.0,0.0,0.0,6573.5,1709.3,0.0,1711.8,591.8,2560.6,23.9113,3.58959,10
std,1.3333333333333333,0.0,0.0,0.0,0.0,115.604882634294,13.127155907591797,0.0,102.65633064853927,0.0,360.4536647676709,0.0,38.81580434135903,246.8634575360774,0.0,0.0,0.0,0.0,247.53282610595306,246.8634575360774,0.0,360.4536647676709,118.9853398999688,461.33747589662244,6.558577776893064,2.5570244349634206,10
