,nRIDES,nREJECTED,OUT,STARTS_DAY,OPENS_APP,RECEIVES_REQUEST,ACCEPTS_REQUEST,REJECTS_REQUEST,IS_ACCEPTED_BY_TRAVELLER,IS_REJECTED_BY_TRAVELLER,ARRIVES_AT_PICKUP,MEETS_TRAVELLER_AT_PICKUP,DEPARTS_FROM_PICKUP,ARRIVES_AT_DROPOFF,CONTINUES_SHIFT,STARTS_REPOSITIONING,REPOSITIONED,DECIDES_NOT_TO_DRIVE,ENDS_SHIFT,TRAVEL,WAIT,CRUISE,OPERATIONS,IDLE,PAX_KM,REVENUE,nV
sum,100.0,0.0,0.0,0.0,0.0,314896.0,1200.0,0.0,1494.0,0.0,8891.0,0.0,3000.0,22363.0,0.0,0.0,0.0,0.0,728106.0,22363.0,0.0,8891.0,5694.0,691158.0,278.702,278.702,50
mean,2.0,0.0,0.0,0.0,0.0,6297.92,24.0,0.0,29.88,0.0,177.82,0.0,60.0,447.26,0.0,0.0,0.0,0.0,14562.12,447.26,0.0,177.82,113.88,13823.16,5.57404,5.57404,50
std,1.7956864414252192,0.0,0.0,0.0,0.0,5228.727378002164,21.641796296490167,0.0,26.89028350424695,0.0,219.49484583228548,0.0,53.87059324275658,449.6293625570614,0.0,0.0,0.0,0.0,5733.639345875482,449.6293625570614,0.0,219.49484583228548,100.86657989034578,6281.699647680831,5.735811776292981,5.735811776292981,50
