,nRIDES,nREJECTED,OUT,STARTS_DAY,OPENS_APP,RECEIVES_REQUEST,ACCEPTS_REQUEST,REJECTS_REQUEST,IS_ACCEPTED_BY_TRAVELLER,IS_REJECTED_BY_TRAVELLER,ARRIVES_AT_PICKUP,MEETS_TRAVELLER_AT_PICKUP,DEPARTS_FROM_PICKUP,ARRIVES_AT_DROPOFF,CONTINUES_SHIFT,STARTS_REPOSITIONING,REPOSITIONED,DECIDES_NOT_TO_DRIVE,ENDS_SHIFT,TRAVEL,WAIT,CRUISE,OPERATIONS,IDLE,PAX_KM,REVENUE,nV
sum,100.0,0.0,0.0,0.0,0.0,79108.0,1225.0,0.0,3188.0,0.0,11400.0,0.0,2990.0,20655.0,0.0,0.0,0.0,0.0,97424.0,20655.0,0.0,11400.0,7403.0,57966.0,249.31,29.259900000000002,10
mean,10.0,0.0,0.0,0.0,0.0,7910.8,122.5,0.0,318.8,0.0,1140.0,0.0,299.0,2065.5,0.0,0.0,0.0,0.0,9742.4,2065.5,0.0,1140.0,740.3,5796.6,24.931,2.92599,10
std,4.320493798938574,0.0,0.0,0.0,0.0,3142.4138563283555,55.03786575319456,0.0,161.89008616959842,0.0,536.6894405105764,0.0,129.39603291188385,946.055583286028,0.0,0.0,0.0,0.0,4505.041526507337,946.055583286028,0.0,536.6894405105764,310.16556510640856,6012.42632110088,10.867325470827167,1.9820209991319466,10
