,nRIDES,nREJECTED,OUT,STARTS_DAY,OPENS_APP,RECEIVES_REQUEST,ACCEPTS_REQUEST,REJECTS_REQUEST,IS_ACCEPTED_BY_TRAVELLER,IS_REJECTED_BY_TRAVELLER,ARRIVES_AT_PICKUP,MEETS_TRAVELLER_AT_PICKUP,DEPARTS_FROM_PICKUP,ARRIVES_AT_DROPOFF,CONTINUES_SHIFT,STARTS_REPOSITIONING,REPOSITIONED,DECIDES_NOT_TO_DRIVE,ENDS_SHIFT,TRAVEL,WAIT,CRUISE,OPERATIONS,IDLE,PAX_KM,REVENUE,nV
sum,93.0,0.0,0.0,0.0,0.0,738.0,150.0,0.0,2487.0,0.0,7969.0,10800.0,2798.0,13202.0,0.0,0.0,0.0,0.0,56227.0,13202.0,10800.0,7969.0,5435.0,18821.0,264.46299999999997,38.3004,10
mean,9.3,0.0,0.0,0.0,0.0,73.8,15.0,0.0,248.7,0.0,796.9,1080.0,279.8,1320.2,0.0,0.0,0.0,0.0,5622.7,1320.2,1080.0,796.9,543.5,1882.1,26.446299999999997,3.8300400000000003,10
std,2.359378449224852,0.0,0.0,0.0,0.0,22.444004396126225,0.0,0.0,120.14532866491315,0.0,277.9018411837772,1738.9652095427327,72.39060712551043,515.6902170877396,0.0,0.0,0.0,0.0,3946.797212086445,515.6902170877396,1738.9652095427327,277.9018411837772,167.0783249457172,5760.707661968854,8.614073175784949,2.3666687296704625,10
