,nRIDES,nREJECTED,OUT,STARTS_DAY,OPENS_APP,RECEIVES_REQUEST,ACCEPTS_REQUEST,REJECTS_REQUEST,IS_ACCEPTED_BY_TRAVELLER,IS_REJECTED_BY_TRAVELLER,ARRIVES_AT_PICKUP,MEETS_TRAVELLER_AT_PICKUP,DEPARTS_FROM_PICKUP,ARRIVES_AT_DROPOFF,CONTINUES_SHIFT,STARTS_REPOSITIONING,REPOSITIONED,DECIDES_NOT_TO_DRIVE,ENDS_SHIFT,TRAVEL,WAIT,CRUISE,OPERATIONS,IDLE,PAX_KM,REVENUE,nV
sum,218.0,0.0,0.0,0.0,0.0,1779.0,107.0,0.0,3184.0,0.0,31393.0,0.0,6540.0,35325.0,0.0,0.0,0.0,0.0,29667.0,35325.0,0.0,31393.0,9831.0,-46882.0,482.038,482.038,5
mean,43.6,0.0,0.0,0.0,0.0,355.8,21.4,0.0,636.8,0.0,6278.6,0.0,1308.0,7065.0,0.0,0.0,0.0,0.0,5933.4,7065.0,0.0,6278.6,1966.2,-9376.4,96.4076,96.4076,5
std,11.545561917897285,0.0,0.0,0.0,0.0,128.61065274696338,6.8044103344816,0.0,197.4289745706035,0.0,3317.115282892652,0.0,346.36685753691853,1461.8372002381113,0.0,0.0,0.0,0.0,1280.5753784920278,1461.8372002381113,0.0,3317.115282892652,539.816820782754,2684.159887190031,19.679076510344686,19.679076510344686,5
