,nRIDES,nREJECTED,OUT,STARTS_DAY,OPENS_APP,RECEIVES_REQUEST,ACCEPTS_REQUEST,REJECTS_REQUEST,IS_ACCEPTED_BY_TRAVELLER,IS_REJECTED_BY_TRAVELLER,ARRIVES_AT_PICKUP,MEETS_TRAVELLER_AT_PICKUP,DEPARTS_FROM_PICKUP,ARRIVES_AT_DROPOFF,CONTINUES_SHIFT,STARTS_REPOSITIONING,REPOSITIONED,DECIDES_NOT_TO_DRIVE,ENDS_SHIFT,TRAVEL,WAIT,CRUISE,OPERATIONS,IDLE,PAX_KM,REVENUE,nV
sum,100.0,0.0,0.0,0.0,0.0,207855.0,1245.0,0.0,1577.0,0.0,12385.0,0.0,3000.0,20537.0,0.0,0.0,0.0,0.0,833351.0,20537.0,0.0,12385.0,5822.0,794607.0,257.953,257.953,50
mean,2.0,0.0,0.0,0.0,0.0,4157.1,24.9,0.0,31.54,0.0,247.7,0.0,60.0,410.74,0.0,0.0,0.0,0.0,16667.02,410.74,0.0,247.7,116.44,15892.14,5.159059999999999,5.159059999999999,50
std,2.523360247522242,0.0,0.0,0.0,0.0,4734.682245873291,30.09322250634395,0.0,37.55171128468266,0.0,368.50698495304493,0.0,75.70080742566726,505.4618744580172,0.0,0.0,0.0,0.0,5516.17844826119,505.4618744580172,0.0,368.50698495304493,142.6731901363163,6353.049883066771,6.745924497269233,6.745924497269233,50
