,ACCEPTS_OFFER,ARRIVES_AT_DROPOFF,ARRIVES_AT_PICKUP,DEPARTS_FROM_PICKUP,MEETS_DRIVER_AT_PICKUP,RECEIVES_OFFER,REQUESTS_RIDE,SETS_OFF_FOR_DEST,STARTS_DAY,IS_REJECTED_BY_VEHICLE,REJECTS_OFFER,ARRIVES_AT_DEST,PREFERS_OTHER_SERVICE,LOSES_PATIENCE,TRAVEL,WAIT,OPERATIONS,nP
sum,6000.0,112154.0,7000.0,12000.0,84497.0,668272.0,2118409.0,4000.0,0.0,0.0,0.0,0.0,0.0,0.0,112154.0,752769.0,22000.0,400
mean,15.0,280.385,17.5,30.0,211.2425,1670.68,5296.0225,10.0,0.0,0.0,0.0,0.0,0.0,0.0,280.385,1881.9225,55.0,400
std,0.0,161.64118118113984,4.3355498476206,0.0,721.2514873216269,3490.997480825185,4748.788854112815,0.0,0.0,0.0,0.0,0.0,0.0,0.0,161.64118118113984,3678.0293182161954,0.0,400
