,nRIDES,nREJECTED,OUT,STARTS_DAY,OPENS_APP,RECEIVES_REQUEST,ACCEPTS_REQUEST,REJECTS_REQUEST,IS_ACCEPTED_BY_TRAVELLER,IS_REJECTED_BY_TRAVELLER,ARRIVES_AT_PICKUP,MEETS_TRAVELLER_AT_PICKUP,DEPARTS_FROM_PICKUP,ARRIVES_AT_DROPOFF,CONTINUES_SHIFT,STARTS_REPOSITIONING,REPOSITIONED,DECIDES_NOT_TO_DRIVE,ENDS_SHIFT,TRAVEL,WAIT,CRUISE,OPERATIONS,IDLE,PAX_KM,REVENUE,nV
sum,400.0,0.0,0.0,0.0,0.0,136827.0,4500.0,0.0,5822.0,0.0,55966.0,0.0,12000.0,72878.0,0.0,0.0,0.0,0.0,143987.0,72878.0,0.0,55966.0,22322.0,-7179.0,993.257,993.257,20
mean,20.0,0.0,0.0,0.0,0.0,6841.35,225.0,0.0,291.1,0.0,2798.3,0.0,600.0,3643.9,0.0,0.0,0.0,0.0,7199.35,3643.9,0.0,2798.3,1116.1,-358.95,49.662850000000006,49.662850000000006,20
std,4.039280811442082,0.0,0.0,0.0,0.0,1227.2818178911948,47.68316485434158,0.0,61.103794351991986,0.0,2005.7397664019918,0.0,121.17842434326249,706.7053953306666,0.0,0.0,0.0,0.0,1276.787839400934,706.7053953306666,0.0,2005.7397664019918,224.06176310162903,2955.8365540419395,9.68485261293173,9.68485261293173,20
