,nRIDES,nREJECTED,OUT,STARTS_DAY,OPENS_APP,RECEIVES_REQUEST,ACCEPTS_REQUEST,REJECTS_REQUEST,IS_ACCEPTED_BY_TRAVELLER,IS_REJECTED_BY_TRAVELLER,ARRIVES_AT_PICKUP,MEETS_TRAVELLER_AT_PICKUP,DEPARTS_FROM_PICKUP,ARRIVES_AT_DROPOFF,CONTINUES_SHIFT,STARTS_REPOSITIONING,REPOSITIONED,DECIDES_NOT_TO_DRIVE,ENDS_SHIFT,TRAVEL,WAIT,CRUISE,OPERATIONS,IDLE,PAX_KM,REVENUE,nV
sum,400.0,0.0,0.0,0.0,0.0,136666.0,4500.0,0.0,5798.0,0.0,56151.0,0.0,12000.0,72878.0,0.0,0.0,0.0,0.0,143987.0,72878.0,0.0,56151.0,22298.0,-7340.0,993.257,993.257,20
mean,20.0,0.0,0.0,0.0,0.0,6833.3,225.0,0.0,289.9,0.0,2807.55,0.0,600.0,3643.9,0.0,0.0,0.0,0.0,7199.35,3643.9,0.0,2807.55,1114.9,-367.0,49.66285,49.66285,20
std,3.2606102108912713,0.0,0.0,0.0,0.0,1076.9753992205747,39.83518677329325,0.0,51.481115597448884,0.0,2034.8500649537073,0.0,97.81830632673814,530.3744357576664,0.0,0.0,0.0,0.0,1276.787839400934,530.3744357576664,0.0,2034.8500649537073,181.72648620790994,2992.238749973355,7.626622321116169,7.626622321116169,20
