,nRIDES,nREJECTED,OUT,STARTS_DAY,OPENS_APP,RECEIVES_REQUEST,ACCEPTS_REQUEST,REJECTS_REQUEST,IS_ACCEPTED_BY_TRAVELLER,IS_REJECTED_BY_TRAVELLER,ARRIVES_AT_PICKUP,MEETS_TRAVELLER_AT_PICKUP,DEPARTS_FROM_PICKUP,ARRIVES_AT_DROPOFF,CONTINUES_SHIFT,STARTS_REPOSITIONING,REPOSITIONED,DECIDES_NOT_TO_DRIVE,ENDS_SHIFT,TRAVEL,WAIT,CRUISE,OPERATIONS,IDLE,PAX_KM,REVENUE,nV
sum,400.0,0.0,0.0,0.0,0.0,136615.0,4500.0,0.0,5780.0,0.0,56220.0,0.0,12000.0,72878.0,0.0,0.0,0.0,0.0,143987.0,72878.0,0.0,56220.0,22280.0,-7391.0,993.2570000000002,993.2570000000002,20
mean,20.0,0.0,0.0,0.0,0.0,6830.75,225.0,0.0,289.0,0.0,2811.0,0.0,600.0,3643.9,0.0,0.0,0.0,0.0,7199.35,3643.9,0.0,2811.0,1114.0,-369.55,49.66285,49.66285,20
std,4.1422089199896845,0.0,0.0,0.0,0.0,1225.4170020639376,49.63021151211067,0.0,66.00637927703016,0.0,2019.427589559399,0.0,124.26626759969052,714.2487330276331,0.0,0.0,0.0,0.0,1276.787839400934,714.2487330276331,0.0,2019.427589559399,234.75967554747962,3015.43816271498,9.112457836304158,9.112457836304158,20
