,ACCEPTS_OFFER,ARRIVES_AT_DROPOFF,ARRIVES_AT_PICKUP,DEPARTS_FROM_PICKUP,MEETS_DRIVER_AT_PICKUP,RECEIVES_OFFER,REQUESTS_RIDE,SETS_OFF_FOR_DEST,STARTS_DAY,IS_REJECTED_BY_VEHICLE,REJECTS_OFFER,ARRIVES_AT_DEST,PREFERS_OTHER_SERVICE,LOSES_PATIENCE,TRAVEL,WAIT,OPERATIONS,nP
sum,7343.0,143761.0,8470.0,14970.0,108300.0,1056663.0,2475024.0,4990.0,0.0,0.0,0.0,0.0,0.0,0.0,143761.0,1164963.0,27303.0,500
mean,14.686,287.522,16.94,29.94,216.6,2113.326,4950.048,9.98,0.0,0.0,0.0,0.0,0.0,0.0,287.522,2329.926,54.606,500
std,2.1119480697447366,177.58118049876427,4.612912086289056,1.341640786499874,466.8999283424363,3954.9212411591175,4805.7550662939975,0.4472135954999578,0.0,0.0,0.0,0.0,0.0,0.0,177.58118049876427,4054.99458726266,2.758619939015866,500
