,ACCEPTS_OFFER,ARRIVES_AT_DROPOFF,ARRIVES_AT_PICKUP,DEPARTS_FROM_PICKUP,MEETS_DRIVER_AT_PICKUP,RECEIVES_OFFER,REQUESTS_RIDE,SETS_OFF_FOR_DEST,STARTS_DAY,IS_REJECTED_BY_VEHICLE,REJECTS_OFFER,ARRIVES_AT_DEST,PREFERS_OTHER_SERVICE,LOSES_PATIENCE,TRAVEL,WAIT,OPERATIONS,nP
sum,7358.0,143761.0,8470.0,14970.0,105889.0,1056573.0,2475024.0,4990.0,0.0,0.0,0.0,0.0,0.0,0.0,143761.0,1162462.0,27318.0,500
mean,14.716,287.522,16.94,29.94,211.778,2113.146,4950.048,9.98,0.0,0.0,0.0,0.0,0.0,0.0,287.522,2324.924,54.636,500
std,2.006838009804287,177.58118049876427,4.612912086289056,1.341640786499874,466.5290037486175,3955.0155601268702,4805.7550662939975,0.4472135954999578,0.0,0.0,0.0,0.0,0.0,0.0,177.58118049876427,4057.1192286022588,2.6799006950763955,500
