,nRIDES,nREJECTED,OUT,STARTS_DAY,OPENS_APP,RECEIVES_REQUEST,ACCEPTS_REQUEST,REJECTS_REQUEST,IS_ACCEPTED_BY_TRAVELLER,IS_REJECTED_BY_TRAVELLER,ARRIVES_AT_PICKUP,MEETS_TRAVELLER_AT_PICKUP,DEPARTS_FROM_PICKUP,ARRIVES_AT_DROPOFF,CONTINUES_SHIFT,STARTS_REPOSITIONING,REPOSITIONED,DECIDES_NOT_TO_DRIVE,ENDS_SHIFT,TRAVEL,WAIT,CRUISE,OPERATIONS,IDLE,PAX_KM,REVENUE,nV
sum,499.0,0.0,0.0,0.0,0.0,101513.0,5078.0,0.0,6838.0,0.0,76070.0,0.0,14970.0,83944.0,0.0,0.0,0.0,0.0,134482.0,83944.0,0.0,76070.0,26886.0,-52418.0,1249.306,1249.306,20
mean,24.95,0.0,0.0,0.0,0.0,5075.65,253.9,0.0,341.9,0.0,3803.5,0.0,748.5,4197.2,0.0,0.0,0.0,0.0,6724.1,4197.2,0.0,3803.5,1344.3,-2620.9,62.4653,62.4653,20
std,4.273233707134385,0.0,0.0,0.0,0.0,1227.8195167814663,43.374622704259245,0.0,59.37206502441328,0.0,1817.20900805256,0.0,128.19701121403153,762.901635378479,0.0,0.0,0.0,0.0,1631.6511785369605,762.901635378479,0.0,1817.20900805256,218.22009652256088,2223.564750575076,14.146011727692015,14.146011727692015,20
