,nRIDES,nREJECTED,OUT,STARTS_DAY,OPENS_APP,RECEIVES_REQUEST,ACCEPTS_REQUEST,REJECTS_REQUEST,IS_ACCEPTED_BY_TRAVELLER,IS_REJECTED_BY_TRAVELLER,ARRIVES_AT_PICKUP,MEETS_TRAVELLER_AT_PICKUP,DEPARTS_FROM_PICKUP,ARRIVES_AT_DROPOFF,CONTINUES_SHIFT,STARTS_REPOSITIONING,REPOSITIONED,DECIDES_NOT_TO_DRIVE,ENDS_SHIFT,TRAVEL,WAIT,CRUISE,OPERATIONS,IDLE,PAX_KM,REVENUE,nV
sum,499.0,0.0,0.0,0.0,0.0,103721.0,5093.0,0.0,6851.0,0.0,73834.0,0.0,14970.0,83944.0,0.0,0.0,0.0,0.0,134482.0,83944.0,0.0,73834.0,26914.0,-50210.0,1249.3059999999998,1249.3059999999998,20
mean,24.95,0.0,0.0,0.0,0.0,5186.05,254.65,0.0,342.55,0.0,3691.7,0.0,748.5,4197.2,0.0,0.0,0.0,0.0,6724.1,4197.2,0.0,3691.7,1345.7,-2510.5,62.4653,62.4653,20
std,4.273233707134384,0.0,0.0,0.0,0.0,1124.1434388247042,45.35390077809706,0.0,62.092863391943254,0.0,1890.956986902608,0.0,128.19701121403153,726.4480710966201,0.0,0.0,0.0,0.0,1631.6511785369605,726.4480710966201,0.0,1890.956986902608,218.43103211190868,2032.6346786479132,13.965801004408478,13.965801004408478,20
