,nRIDES,nREJECTED,OUT,STARTS_DAY,OPENS_APP,RECEIVES_REQUEST,ACCEPTS_REQUEST,REJECTS_REQUEST,IS_ACCEPTED_BY_TRAVELLER,IS_REJECTED_BY_TRAVELLER,ARRIVES_AT_PICKUP,MEETS_TRAVELLER_AT_PICKUP,DEPARTS_FROM_PICKUP,ARRIVES_AT_DROPOFF,CONTINUES_SHIFT,STARTS_REPOSITIONING,REPOSITIONED,DECIDES_NOT_TO_DRIVE,ENDS_SHIFT,TRAVEL,WAIT,CRUISE,OPERATIONS,IDLE,PAX_KM,REVENUE,nV
sum,499.0,0.0,0.0,0.0,0.0,103378.0,5093.0,0.0,6822.0,0.0,74206.0,0.0,14970.0,83944.0,0.0,0.0,0.0,0.0,134482.0,83944.0,0.0,74206.0,26885.0,-50553.0,1249.3059999999998,1249.3059999999998,20
mean,24.95,0.0,0.0,0.0,0.0,5168.9,254.65,0.0,341.1,0.0,3710.3,0.0,748.5,4197.2,0.0,0.0,0.0,0.0,6724.1,4197.2,0.0,3710.3,1344.25,-2527.65,62.4653,62.4653,20
std,4.465953072089457,0.0,0.0,0.0,0.0,1149.0269521826306,44.79341469457313,0.0,62.99782786564528,0.0,1872.8621805590558,0.0,133.97859216268373,732.211257982141,0.0,0.0,0.0,0.0,1631.6511785369605,732.211257982141,0.0,1872.8621805590558,223.3894110009882,2017.3756082437503,14.298888297236333,14.298888297236333,20
