,ACCEPTS_OFFER,ARRIVES_AT_DROPOFF,ARRIVES_AT_PICKUP,DEPARTS_FROM_PICKUP,MEETS_DRIVER_AT_PICKUP,RECEIVES_OFFER,REQUESTS_RIDE,SETS_OFF_FOR_DEST,STARTS_DAY,IS_REJECTED_BY_VEHICLE,REJECTS_OFFER,ARRIVES_AT_DEST,PREFERS_OTHER_SERVICE,LOSES_PATIENCE,TRAVEL,WAIT,OPERATIONS,nP
sum,1500.0,28794.0,1860.0,3000.0,17852.0,87996.0,611040.0,1000.0,0.0,0.0,0.0,0.0,0.0,0.0,28794.0,105848.0,5500.0,100
mean,15.0,287.94,18.6,30.0,178.52,879.96,6110.4,10.0,0.0,0.0,0.0,0.0,0.0,0.0,287.94,1058.48,55.0,100
std,0.0,151.63571578961964,3.4873508801977726,0.0,156.50310481962273,2581.3046655057246,4664.437794567952,0.0,0.0,0.0,0.0,0.0,0.0,0.0,151.63571578961964,2633.1848269594175,0.0,100
