,ACCEPTS_OFFER,ARRIVES_AT_DROPOFF,ARRIVES_AT_PICKUP,DEPARTS_FROM_PICKUP,LOSES_PATIENCE,MEETS_DRIVER_AT_PICKUP,RECEIVES_OFFER,REQUESTS_RIDE,SETS_OFF_FOR_DEST,STARTS_DAY,IS_REJECTED_BY_VEHICLE,REJECTS_OFFER,ARRIVES_AT_DEST,PREFERS_OTHER_SERVICE,TRAVEL,WAIT,OPERATIONS,LOST_PATIENCE,nP
sum,422.0,25842.0,2121.0,2715.0,3690.0,17005.0,46763.0,151322.0,930.0,0.0,0.0,0.0,0.0,0.0,25842.0,63768.0,4067.0,7.0,100
mean,4.22,258.42,21.21,27.15,36.9,170.05,467.63,1513.22,9.3,0.0,0.0,0.0,0.0,0.0,258.42,637.68,40.67,0.07,100
std,6.718856324035386,173.28823306033135,7.938265591806602,8.642594774976118,146.7902027942043,160.63588130811985,737.1343593520611,1156.0700808857532,2.564323999762428,0.0,0.0,0.0,0.0,0.0,173.28823306033135,739.1546342500556,13.966811310453725,0.2564323999762428,100
