,ACCEPTS_OFFER,ARRIVES_AT_DROPOFF,ARRIVES_AT_PICKUP,DEPARTS_FROM_PICKUP,MEETS_DRIVER_AT_PICKUP,RECEIVES_OFFER,REQUESTS_RIDE,SETS_OFF_FOR_DEST,STARTS_DAY,IS_REJECTED_BY_VEHICLE,REJECTS_OFFER,ARRIVES_AT_DEST,PREFERS_OTHER_SERVICE,LOSES_PATIENCE,TRAVEL,WAIT,OPERATIONS,nP
sum,1500.0,26623.0,1900.0,2940.0,22856.0,72028.0,652465.0,980.0,0.0,0.0,0.0,0.0,0.0,0.0,26623.0,94884.0,5420.0,100
mean,15.0,266.23,19.0,29.4,228.56,720.28,6524.65,9.8,0.0,0.0,0.0,0.0,0.0,0.0,266.23,948.84,54.2,100
std,0.0,161.98776952210767,3.0151134457776365,4.22115882408869,993.541256660673,2587.754121928038,4367.897460998594,1.4070529413628967,0.0,0.0,0.0,0.0,0.0,0.0,161.98776952210767,2796.2500636720347,5.628211765451587,100
