,nRIDES,nREJECTED,OUT,STARTS_DAY,OPENS_APP,RECEIVES_REQUEST,ACCEPTS_REQUEST,REJECTS_REQUEST,IS_ACCEPTED_BY_TRAVELLER,IS_REJECTED_BY_TRAVELLER,ARRIVES_AT_PICKUP,MEETS_TRAVELLER_AT_PICKUP,DEPARTS_FROM_PICKUP,ARRIVES_AT_DROPOFF,CONTINUES_SHIFT,STARTS_REPOSITIONING,REPOSITIONED,DECIDES_NOT_TO_DRIVE,ENDS_SHIFT,TRAVEL,WAIT,CRUISE,OPERATIONS,IDLE,PAX_KM,REVENUE,nV
sum,98.0,0.0,0.0,0.0,0.0,327613.0,1350.0,0.0,1702.0,0.0,7327.0,0.0,2940.0,22922.0,0.0,0.0,0.0,0.0,490886.0,22922.0,0.0,7327.0,5992.0,454645.0,262.827,262.827,40
mean,2.45,0.0,0.0,0.0,0.0,8190.325,33.75,0.0,42.55,0.0,183.175,0.0,73.5,573.05,0.0,0.0,0.0,0.0,12272.15,573.05,0.0,183.175,149.8,11366.125,6.570675,6.570675,40
std,1.4841038045110264,0.0,0.0,0.0,0.0,3993.3539941302347,21.41620522300452,0.0,27.286654951853997,0.0,189.41514404838858,0.0,44.523114135330786,449.3298114828122,0.0,0.0,0.0,0.0,4697.611692972156,449.3298114828122,0.0,189.41514404838858,92.01538332926062,5080.763839139009,5.271568322992159,5.271568322992159,40
