,nRIDES,nREJECTED,OUT,STARTS_DAY,OPENS_APP,RECEIVES_REQUEST,ACCEPTS_REQUEST,REJECTS_REQUEST,IS_ACCEPTED_BY_TRAVELLER,IS_REJECTED_BY_TRAVELLER,ARRIVES_AT_PICKUP,MEETS_TRAVELLER_AT_PICKUP,DEPARTS_FROM_PICKUP,ARRIVES_AT_DROPOFF,CONTINUES_SHIFT,STARTS_REPOSITIONING,REPOSITIONED,DECIDES_NOT_TO_DRIVE,ENDS_SHIFT,TRAVEL,WAIT,CRUISE,OPERATIONS,IDLE,PAX_KM,REVENUE,nV
sum,98.0,0.0,0.0,0.0,0.0,284150.0,1350.0,0.0,1753.0,0.0,20912.0,0.0,2940.0,22922.0,0.0,0.0,0.0,0.0,520713.0,22922.0,0.0,20912.0,6043.0,470836.0,262.827,262.827,40
mean,2.45,0.0,0.0,0.0,0.0,7103.75,33.75,0.0,43.825,0.0,522.8,0.0,73.5,573.05,0.0,0.0,0.0,0.0,13017.825,573.05,0.0,522.8,151.075,11770.9,6.570674999999999,6.570674999999999,40
std,1.9473848341577717,0.0,0.0,0.0,0.0,4638.571579147162,26.475678243654844,0.0,34.52972520998283,0.0,1561.327364283845,0.0,58.42154502473315,524.0269590833605,0.0,0.0,0.0,0.0,5529.626722170174,524.0269590833605,0.0,1561.327364283845,118.34529823945107,6475.126561677664,6.270966667344734,6.270966667344734,40
