,nRIDES,nREJECTED,OUT,STARTS_DAY,OPENS_APP,RECEIVES_REQUEST,ACCEPTS_REQUEST,REJECTS_REQUEST,IS_ACCEPTED_BY_TRAVELLER,IS_REJECTED_BY_TRAVELLER,ARRIVES_AT_PICKUP,MEETS_TRAVELLER_AT_PICKUP,DEPARTS_FROM_PICKUP,ARRIVES_AT_DROPOFF,CONTINUES_SHIFT,STARTS_REPOSITIONING,REPOSITIONED,DECIDES_NOT_TO_DRIVE,ENDS_SHIFT,TRAVEL,WAIT,CRUISE,OPERATIONS,IDLE,PAX_KM,REVENUE,nV
sum,98.0,0.0,0.0,0.0,0.0,245769.0,1350.0,0.0,1744.0,0.0,11830.0,0.0,2940.0,22922.0,0.0,0.0,0.0,0.0,568185.0,22922.0,0.0,11830.0,6034.0,527399.0,262.827,262.827,40
mean,2.45,0.0,0.0,0.0,0.0,6144.225,33.75,0.0,43.6,0.0,295.75,0.0,73.5,573.05,0.0,0.0,0.0,0.0,14204.625,573.05,0.0,295.75,150.85,13184.975,6.570674999999999,6.570674999999999,40
std,2.2752852737454865,0.0,0.0,0.0,0.0,4958.0022832169625,30.334671708991802,0.0,39.41807472955288,0.0,345.1475901326257,0.0,68.25855821236462,590.5067337161385,0.0,0.0,0.0,0.0,5946.732395955158,590.5067337161385,0.0,345.1475901326257,137.27728816579184,6578.034990230159,6.606896650713186,6.606896650713186,40
