,ACCEPTS_OFFER,ARRIVES_AT_DROPOFF,ARRIVES_AT_PICKUP,DEPARTS_FROM_PICKUP,LOSES_PATIENCE,MEETS_DRIVER_AT_PICKUP,RECEIVES_OFFER,REQUESTS_RIDE,SETS_OFF_FOR_DEST,STARTS_DAY,IS_REJECTED_BY_VEHICLE,REJECTS_OFFER,ARRIVES_AT_DEST,PREFERS_OTHER_SERVICE,TRAVEL,WAIT,OPERATIONS,nP
sum,1134.0,107361.0,6260.0,11010.0,12915.0,87416.0,778097.0,1960944.0,3670.0,0.0,0.0,0.0,0.0,0.0,107361.0,865513.0,15814.0,400
mean,2.835,268.4025,15.65,27.525,32.2875,218.54,1945.2425,4902.36,9.175,0.0,0.0,0.0,0.0,0.0,268.4025,2163.7825,39.535,400
std,5.617532079718524,176.9734995489622,6.417199632847633,8.26408571966405,137.33711644210177,175.70603269328006,3828.8070796040142,4695.8637598985815,2.7546952398880045,0.0,0.0,0.0,0.0,0.0,176.9734995489622,3905.8457262527622,13.10450667663967,400
