,ACCEPTS_OFFER,ARRIVES_AT_DROPOFF,ARRIVES_AT_PICKUP,DEPARTS_FROM_PICKUP,LOSES_PATIENCE,MEETS_DRIVER_AT_PICKUP,RECEIVES_OFFER,REQUESTS_RIDE,SETS_OFF_FOR_DEST,STARTS_DAY,IS_REJECTED_BY_VEHICLE,REJECTS_OFFER,ARRIVES_AT_DEST,PREFERS_OTHER_SERVICE,TRAVEL,WAIT,OPERATIONS,nP
sum,927.0,108953.0,6200.0,10950.0,15375.0,89366.0,806256.0,1960944.0,3650.0,0.0,0.0,0.0,0.0,0.0,108953.0,895622.0,15527.0,400
mean,2.3175,272.3825,15.5,27.375,38.4375,223.415,2015.64,4902.36,9.125,0.0,0.0,0.0,0.0,0.0,272.3825,2239.055,38.8175,400
std,5.133964133035837,180.01069640663593,6.508140266182865,8.487607064668493,149.0542317539472,177.1535243877681,3881.389887533539,4695.8637598985815,2.829202354889498,0.0,0.0,0.0,0.0,0.0,180.01069640663593,3962.1264994911407,13.064873556702755,400
