,nRIDES,nREJECTED,OUT,STARTS_DAY,OPENS_APP,RECEIVES_REQUEST,ACCEPTS_REQUEST,REJECTS_REQUEST,IS_ACCEPTED_BY_TRAVELLER,IS_REJECTED_BY_TRAVELLER,ARRIVES_AT_PICKUP,MEETS_TRAVELLER_AT_PICKUP,DEPARTS_FROM_PICKUP,ARRIVES_AT_DROPOFF,CONTINUES_SHIFT,STARTS_REPOSITIONING,REPOSITIONED,DECIDES_NOT_TO_DRIVE,ENDS_SHIFT,TRAVEL,WAIT,CRUISE,OPERATIONS,IDLE,PAX_KM,REVENUE,nV
sum,367.0,0.0,0.0,0.0,0.0,5520.0,731.0,0.0,5167.0,0.0,59460.0,0.0,11010.0,67964.0,0.0,0.0,0.0,0.0,66138.0,67964.0,0.0,59460.0,16908.0,-78194.0,941.666,941.666,10
mean,36.7,0.0,0.0,0.0,0.0,552.0,73.1,0.0,516.7,0.0,5946.0,0.0,1101.0,6796.4,0.0,0.0,0.0,0.0,6613.8,6796.4,0.0,5946.0,1690.8,-7819.4,94.16659999999999,94.16659999999999,10
std,2.002775851439973,0.0,0.0,0.0,0.0,183.9112104612803,17.419337913173777,0.0,48.96722259725263,0.0,357.7208719409901,0.0,60.08327554319921,427.60033260562886,0.0,0.0,0.0,0.0,302.977006828351,427.60033260562886,0.0,357.7208719409901,112.43842759483967,680.5080128518367,8.283023216193468,8.283023216193468,10
