,nRIDES,nREJECTED,OUT,STARTS_DAY,OPENS_APP,RECEIVES_REQUEST,ACCEPTS_REQUEST,REJECTS_REQUEST,IS_ACCEPTED_BY_TRAVELLER,IS_REJECTED_BY_TRAVELLER,ARRIVES_AT_PICKUP,MEETS_TRAVELLER_AT_PICKUP,DEPARTS_FROM_PICKUP,ARRIVES_AT_DROPOFF,CONTINUES_SHIFT,STARTS_REPOSITIONING,REPOSITIONED,DECIDES_NOT_TO_DRIVE,ENDS_SHIFT,TRAVEL,WAIT,CRUISE,OPERATIONS,IDLE,PAX_KM,REVENUE,nV
sum,365.0,0.0,0.0,0.0,0.0,5030.0,625.0,0.0,5050.0,0.0,61000.0,0.0,10950.0,67789.0,0.0,0.0,0.0,0.0,65546.0,67789.0,0.0,61000.0,16625.0,-79868.0,953.6790000000001,953.6790000000001,10
mean,36.5,0.0,0.0,0.0,0.0,503.0,62.5,0.0,505.0,0.0,6100.0,0.0,1095.0,6778.9,0.0,0.0,0.0,0.0,6554.6,6778.9,0.0,6100.0,1662.5,-7986.8,95.36789999999999,95.36789999999999,10
std,3.13581462037113,0.0,0.0,0.0,0.0,168.01917879945862,29.3986016296316,0.0,62.455317361027525,0.0,552.7621549997792,0.0,94.0744386111339,502.4503181631217,0.0,0.0,0.0,0.0,244.2704330131759,502.4503181631217,0.0,552.7621549997792,150.64546310976496,538.5494509430969,10.49886399621936,10.49886399621936,10
