,ACCEPTS_OFFER,ARRIVES_AT_DROPOFF,ARRIVES_AT_PICKUP,DEPARTS_FROM_PICKUP,MEETS_DRIVER_AT_PICKUP,RECEIVES_OFFER,REQUESTS_RIDE,SETS_OFF_FOR_DEST,STARTS_DAY,IS_REJECTED_BY_VEHICLE,REJECTS_OFFER,ARRIVES_AT_DEST,PREFERS_OTHER_SERVICE,LOSES_PATIENCE,TRAVEL,WAIT,OPERATIONS,nP
sum,4500.0,87295.0,5220.0,8940.0,43447.0,561605.0,1634734.0,2970.0,0.0,0.0,0.0,0.0,0.0,0.0,87295.0,605052.0,16410.0,300
mean,15.0,290.98333333333335,17.4,29.8,144.82333333333332,1872.0166666666667,5449.113333333334,9.9,0.0,0.0,0.0,0.0,0.0,0.0,290.98333333333335,2016.84,54.7,300
std,0.0,182.42825974998212,4.39367133796863,2.445390175486907,584.3725378548218,3812.086165452147,4830.772758607733,0.9966499068325325,0.0,0.0,0.0,0.0,0.0,0.0,182.42825974998212,3913.471770529218,3.308547762132868,300
