,ACCEPTS_OFFER,ARRIVES_AT_DROPOFF,ARRIVES_AT_PICKUP,DEPARTS_FROM_PICKUP,MEETS_DRIVER_AT_PICKUP,RECEIVES_OFFER,REQUESTS_RIDE,SETS_OFF_FOR_DEST,STARTS_DAY,IS_REJECTED_BY_VEHICLE,REJECTS_OFFER,ARRIVES_AT_DEST,PREFERS_OTHER_SERVICE,LOSES_PATIENCE,TRAVEL,WAIT,OPERATIONS,nP
sum,4500.0,89149.0,5220.0,9000.0,41080.0,561605.0,1634734.0,3000.0,0.0,0.0,0.0,0.0,0.0,0.0,89149.0,602685.0,16500.0,300
mean,15.0,297.16333333333336,17.4,30.0,136.93333333333334,1872.0166666666667,5449.113333333334,10.0,0.0,0.0,0.0,0.0,0.0,0.0,297.16333333333336,2008.95,55.0,300
std,0.0,184.33725632416056,4.39367133796863,0.0,148.84609306357302,3812.086165452147,4830.772758607733,0.0,0.0,0.0,0.0,0.0,0.0,0.0,184.33725632416056,3897.601976179163,0.0,300
