,nRIDES,nREJECTED,OUT,STARTS_DAY,OPENS_APP,RECEIVES_REQUEST,ACCEPTS_REQUEST,REJECTS_REQUEST,IS_ACCEPTED_BY_TRAVELLER,IS_REJECTED_BY_TRAVELLER,ARRIVES_AT_PICKUP,MEETS_TRAVELLER_AT_PICKUP,DEPARTS_FROM_PICKUP,ARRIVES_AT_DROPOFF,CONTINUES_SHIFT,STARTS_REPOSITIONING,REPOSITIONED,DECIDES_NOT_TO_DRIVE,ENDS_SHIFT,TRAVEL,WAIT,CRUISE,OPERATIONS,IDLE,PAX_KM,REVENUE,nV
sum,297.0,0.0,0.0,0.0,0.0,383780.0,3330.0,0.0,4105.0,0.0,34195.0,0.0,8940.0,57410.0,0.0,0.0,0.0,0.0,372069.0,57410.0,0.0,34195.0,16375.0,264089.0,793.577,793.577,40
mean,7.425,0.0,0.0,0.0,0.0,9594.5,83.25,0.0,102.625,0.0,854.875,0.0,223.5,1435.25,0.0,0.0,0.0,0.0,9301.725,1435.25,0.0,854.875,409.375,6602.225,19.839425,19.839425,40
std,3.500091573893607,0.0,0.0,0.0,0.0,2409.14900391755,36.5771050711318,0.0,44.80652854216671,0.0,1566.0866496560045,0.0,104.13378968349397,704.0597567150397,0.0,0.0,0.0,0.0,3275.5013316617583,704.0597567150397,0.0,1566.0866496560045,182.66175655481993,4663.769145271302,9.98302198192845,9.98302198192845,40
