,nRIDES,nREJECTED,OUT,STARTS_DAY,OPENS_APP,RECEIVES_REQUEST,ACCEPTS_REQUEST,REJECTS_REQUEST,IS_ACCEPTED_BY_TRAVELLER,IS_REJECTED_BY_TRAVELLER,ARRIVES_AT_PICKUP,MEETS_TRAVELLER_AT_PICKUP,DEPARTS_FROM_PICKUP,ARRIVES_AT_DROPOFF,CONTINUES_SHIFT,STARTS_REPOSITIONING,REPOSITIONED,DECIDES_NOT_TO_DRIVE,ENDS_SHIFT,TRAVEL,WAIT,CRUISE,OPERATIONS,IDLE,PAX_KM,REVENUE,nV
sum,297.0,0.0,0.0,0.0,0.0,295961.0,3330.0,0.0,4135.0,0.0,38529.0,0.0,8940.0,57410.0,0.0,0.0,0.0,0.0,455524.0,57410.0,0.0,38529.0,16405.0,343180.0,793.577,793.577,40
mean,7.425,0.0,0.0,0.0,0.0,7399.025,83.25,0.0,103.375,0.0,963.225,0.0,223.5,1435.25,0.0,0.0,0.0,0.0,11388.1,1435.25,0.0,963.225,410.125,8579.5,19.839425,19.839425,40
std,5.093422102864508,0.0,0.0,0.0,0.0,4119.142202757566,55.18674590041456,0.0,69.00712988060708,0.0,1731.5527859817112,0.0,152.9630422935302,1019.2824461984054,0.0,0.0,0.0,0.0,5744.6125342994865,1019.2824461984054,0.0,1731.5527859817112,274.540285914005,7871.1629284467135,15.22690859728685,15.22690859728685,40
