,ACCEPTS_OFFER,ARRIVES_AT_DROPOFF,ARRIVES_AT_PICKUP,DEPARTS_FROM_PICKUP,LOSES_PATIENCE,MEETS_DRIVER_AT_PICKUP,RECEIVES_OFFER,REQUESTS_RIDE,SETS_OFF_FOR_DEST,STARTS_DAY,IS_REJECTED_BY_VEHICLE,REJECTS_OFFER,ARRIVES_AT_DEST,PREFERS_OTHER_SERVICE,TRAVEL,WAIT,OPERATIONS,nP
sum,1028.0,85674.0,4790.0,8310.0,8610.0,95920.0,591899.0,1538496.0,2770.0,0.0,0.0,0.0,0.0,0.0,85674.0,687819.0,12108.0,300
mean,3.4266666666666667,285.58,15.966666666666667,27.7,28.7,319.73333333333335,1972.9966666666667,5128.32,9.233333333333333,0.0,0.0,0.0,0.0,0.0,285.58,2292.73,40.36,300
std,6.181585196427476,172.09265879375084,6.180037629813311,7.995190862204431,129.93493354953372,989.4691639004836,3743.5474104164455,4755.411997062505,2.6650636207348035,0.0,0.0,0.0,0.0,0.0,172.09265879375084,3942.9560889640056,13.150673012013359,300
