,ACCEPTS_OFFER,ARRIVES_AT_DROPOFF,ARRIVES_AT_PICKUP,DEPARTS_FROM_PICKUP,LOSES_PATIENCE,MEETS_DRIVER_AT_PICKUP,RECEIVES_OFFER,REQUESTS_RIDE,SETS_OFF_FOR_DEST,STARTS_DAY,IS_REJECTED_BY_VEHICLE,REJECTS_OFFER,ARRIVES_AT_DEST,PREFERS_OTHER_SERVICE,TRAVEL,WAIT,OPERATIONS,nP
sum,1038.0,85574.0,4750.0,8220.0,9225.0,95212.0,569790.0,1538496.0,2740.0,0.0,0.0,0.0,0.0,0.0,85574.0,665002.0,11998.0,300
mean,3.46,285.24666666666667,15.833333333333334,27.4,30.75,317.37333333333333,1899.3,5128.32,9.133333333333333,0.0,0.0,0.0,0.0,0.0,285.24666666666667,2216.673333333333,39.99333333333333,300
std,6.134097911725544,174.4815516373047,6.359273287468045,8.45448170318944,134.26009612454192,991.1502931616054,3677.796746199347,4755.411997062505,2.8181605677298194,0.0,0.0,0.0,0.0,0.0,174.4815516373047,3892.0827492546605,13.739329902733362,300
