,ACCEPTS_OFFER,ARRIVES_AT_DROPOFF,ARRIVES_AT_PICKUP,DEPARTS_FROM_PICKUP,LOSES_PATIENCE,MEETS_DRIVER_AT_PICKUP,RECEIVES_OFFER,REQUESTS_RIDE,SETS_OFF_FOR_DEST,STARTS_DAY,IS_REJECTED_BY_VEHICLE,REJECTS_OFFER,ARRIVES_AT_DEST,PREFERS_OTHER_SERVICE,TRAVEL,WAIT,OPERATIONS,nP
sum,1295.0,87083.0,4890.0,8460.0,5535.0,91590.0,590224.0,1538496.0,2820.0,0.0,0.0,0.0,0.0,0.0,87083.0,681814.0,12575.0,300
mean,4.316666666666666,290.27666666666664,16.3,28.2,18.45,305.3,1967.4133333333334,5128.32,9.4,0.0,0.0,0.0,0.0,0.0,290.27666666666664,2272.713333333333,41.916666666666664,300
std,6.634488955543306,167.57533160172164,5.838690007471233,7.136509362866938,105.08643122095158,815.7065447966438,3764.789080220927,4755.411997062505,2.3788364542889777,0.0,0.0,0.0,0.0,0.0,167.57533160172164,3940.019451994605,12.463849621210745,300
