,nRIDES,nREJECTED,OUT,STARTS_DAY,OPENS_APP,RECEIVES_REQUEST,ACCEPTS_REQUEST,REJECTS_REQUEST,IS_ACCEPTED_BY_TRAVELLER,IS_REJECTED_BY_TRAVELLER,ARRIVES_AT_PICKUP,MEETS_TRAVELLER_AT_PICKUP,DEPARTS_FROM_PICKUP,ARRIVES_AT_DROPOFF,CONTINUES_SHIFT,STARTS_REPOSITIONING,REPOSITIONED,DECIDES_NOT_TO_DRIVE,ENDS_SHIFT,TRAVEL,WAIT,CRUISE,OPERATIONS,IDLE,PAX_KM,REVENUE,nV
sum,277.0,0.0,0.0,0.0,0.0,13526.0,685.0,0.0,3945.0,0.0,66816.0,0.0,8310.0,55369.0,0.0,0.0,0.0,0.0,57650.0,55369.0,0.0,66816.0,12940.0,-77475.0,754.2489999999999,754.2489999999999,10
mean,27.7,0.0,0.0,0.0,0.0,1352.6,68.5,0.0,394.5,0.0,6681.6,0.0,831.0,5536.9,0.0,0.0,0.0,0.0,5765.0,5536.9,0.0,6681.6,1294.0,-7747.5,75.42490000000001,75.42490000000001,10
std,9.080504146552414,0.0,0.0,0.0,0.0,416.076969375192,32.10486290614277,0.0,125.43280627048448,0.0,2565.6280236144044,0.0,272.41512439657237,1807.3684030779236,0.0,0.0,0.0,0.0,2167.562737782282,1807.3684030779236,0.0,2565.6280236144044,415.068133630559,1659.37104885489,23.6334248491411,23.6334248491411,10
