,nRIDES,nREJECTED,OUT,STARTS_DAY,OPENS_APP,RECEIVES_REQUEST,ACCEPTS_REQUEST,REJECTS_REQUEST,IS_ACCEPTED_BY_TRAVELLER,IS_REJECTED_BY_TRAVELLER,ARRIVES_AT_PICKUP,MEETS_TRAVELLER_AT_PICKUP,DEPARTS_FROM_PICKUP,ARRIVES_AT_DROPOFF,CONTINUES_SHIFT,STARTS_REPOSITIONING,REPOSITIONED,DECIDES_NOT_TO_DRIVE,ENDS_SHIFT,TRAVEL,WAIT,CRUISE,OPERATIONS,IDLE,PAX_KM,REVENUE,nV
sum,274.0,0.0,0.0,0.0,0.0,13939.0,784.0,0.0,3949.0,0.0,66232.0,0.0,8220.0,55484.0,0.0,0.0,0.0,0.0,57493.0,55484.0,0.0,66232.0,12953.0,-77176.0,754.561,754.561,10
mean,27.4,0.0,0.0,0.0,0.0,1393.9,78.4,0.0,394.9,0.0,6623.2,0.0,822.0,5548.4,0.0,0.0,0.0,0.0,5749.3,5548.4,0.0,6623.2,1295.3,-7717.6,75.4561,75.4561,10
std,8.448537019968473,0.0,0.0,0.0,0.0,328.9547250171535,24.486731100741068,0.0,129.73173174756522,0.0,2764.079987586788,0.0,253.4561105990542,1672.566703536148,0.0,0.0,0.0,0.0,2147.4758335207302,1672.566703536148,0.0,2764.079987586788,390.5696836388838,1839.2974020895408,23.41379437401996,23.41379437401996,10
