,nRIDES,nREJECTED,OUT,STARTS_DAY,OPENS_APP,RECEIVES_REQUEST,ACCEPTS_REQUEST,REJECTS_REQUEST,IS_ACCEPTED_BY_TRAVELLER,IS_REJECTED_BY_TRAVELLER,ARRIVES_AT_PICKUP,MEETS_TRAVELLER_AT_PICKUP,DEPARTS_FROM_PICKUP,ARRIVES_AT_DROPOFF,CONTINUES_SHIFT,STARTS_REPOSITIONING,REPOSITIONED,DECIDES_NOT_TO_DRIVE,ENDS_SHIFT,TRAVEL,WAIT,CRUISE,OPERATIONS,IDLE,PAX_KM,REVENUE,nV
sum,282.0,0.0,0.0,0.0,0.0,16365.0,933.0,0.0,4050.0,0.0,61326.0,0.0,8460.0,56831.0,0.0,0.0,0.0,0.0,58303.0,56831.0,0.0,61326.0,13443.0,-73297.0,768.4159999999999,768.4159999999999,10
mean,28.2,0.0,0.0,0.0,0.0,1636.5,93.3,0.0,405.0,0.0,6132.6,0.0,846.0,5683.1,0.0,0.0,0.0,0.0,5830.3,5683.1,0.0,6132.6,1344.3,-7329.7,76.8416,76.8416,10
std,5.846176338238334,0.0,0.0,0.0,0.0,265.19814395194317,29.177807396109195,0.0,84.05289339986392,0.0,2199.449840300979,0.0,175.38529014715002,1246.6347990579368,0.0,0.0,0.0,0.0,2188.909421505503,1246.6347990579368,0.0,2199.449840300979,272.3739463800947,1774.2174519113114,16.227137422642766,16.227137422642766,10
