,ACCEPTS_OFFER,ARRIVES_AT_DROPOFF,ARRIVES_AT_PICKUP,DEPARTS_FROM_PICKUP,MEETS_DRIVER_AT_PICKUP,RECEIVES_OFFER,REQUESTS_RIDE,SETS_OFF_FOR_DEST,STARTS_DAY,IS_REJECTED_BY_VEHICLE,REJECTS_OFFER,ARRIVES_AT_DEST,PREFERS_OTHER_SERVICE,LOSES_PATIENCE,TRAVEL,WAIT,OPERATIONS,nP
sum,6000.0,121501.0,6840.0,12000.0,64977.0,829432.0,2086121.0,4000.0,0.0,0.0,0.0,0.0,0.0,0.0,121501.0,894409.0,22000.0,400
mean,15.0,303.7525,17.1,30.0,162.4425,2073.58,5215.3025,10.0,0.0,0.0,0.0,0.0,0.0,0.0,303.7525,2236.0225,55.0,400
std,0.0,181.26824511056438,4.543303204720654,0.0,170.52831571296224,3924.4571495171153,4850.392987307527,0.0,0.0,0.0,0.0,0.0,0.0,0.0,181.26824511056438,4011.5794128319835,0.0,400
