,nRIDES,nREJECTED,OUT,STARTS_DAY,OPENS_APP,RECEIVES_REQUEST,ACCEPTS_REQUEST,REJECTS_REQUEST,IS_ACCEPTED_BY_TRAVELLER,IS_REJECTED_BY_TRAVELLER,ARRIVES_AT_PICKUP,MEETS_TRAVELLER_AT_PICKUP,DEPARTS_FROM_PICKUP,ARRIVES_AT_DROPOFF,CONTINUES_SHIFT,STARTS_REPOSITIONING,REPOSITIONED,DECIDES_NOT_TO_DRIVE,ENDS_SHIFT,TRAVEL,WAIT,CRUISE,OPERATIONS,IDLE,PAX_KM,REVENUE,nV
sum,400.0,0.0,0.0,0.0,0.0,356919.0,4260.0,0.0,5318.0,0.0,38251.0,0.0,12000.0,75298.0,0.0,0.0,0.0,0.0,371914.0,75298.0,0.0,38251.0,21578.0,236787.0,1064.043,1064.043,40
mean,10.0,0.0,0.0,0.0,0.0,8922.975,106.5,0.0,132.95,0.0,956.275,0.0,300.0,1882.45,0.0,0.0,0.0,0.0,9297.85,1882.45,0.0,956.275,539.45,5919.675,26.601074999999998,26.601074999999998,40
std,4.48358830654244,0.0,0.0,0.0,0.0,2252.8643931044644,49.66812938820101,0.0,61.94370893741411,0.0,513.7456213551006,0.0,134.50764919627318,860.9363403012338,0.0,0.0,0.0,0.0,2799.9453891194526,860.9363403012338,0.0,513.7456213551006,241.66781078420593,3892.5006555176237,12.261727665920699,12.261727665920699,40
