,nRIDES,nREJECTED,OUT,STARTS_DAY,OPENS_APP,RECEIVES_REQUEST,ACCEPTS_REQUEST,REJECTS_REQUEST,IS_ACCEPTED_BY_TRAVELLER,IS_REJECTED_BY_TRAVELLER,ARRIVES_AT_PICKUP,MEETS_TRAVELLER_AT_PICKUP,DEPARTS_FROM_PICKUP,ARRIVES_AT_DROPOFF,CONTINUES_SHIFT,STARTS_REPOSITIONING,REPOSITIONED,DECIDES_NOT_TO_DRIVE,ENDS_SHIFT,TRAVEL,WAIT,CRUISE,OPERATIONS,IDLE,PAX_KM,REVENUE,nV
sum,400.0,0.0,0.0,0.0,0.0,300433.0,4260.0,0.0,5322.0,0.0,43389.0,0.0,12000.0,75298.0,0.0,0.0,0.0,0.0,423258.0,75298.0,0.0,43389.0,21582.0,282989.0,1064.0430000000001,1064.0430000000001,40
mean,10.0,0.0,0.0,0.0,0.0,7510.825,106.5,0.0,133.05,0.0,1084.725,0.0,300.0,1882.45,0.0,0.0,0.0,0.0,10581.45,1882.45,0.0,1084.725,539.55,7074.725,26.601075,26.601075,40
std,5.19861914604648,0.0,0.0,0.0,0.0,3829.342153368396,57.02226285880333,0.0,71.47133188944558,0.0,681.4193327542756,0.0,155.95857438139439,1115.564223116462,0.0,0.0,0.0,0.0,4911.068059456658,1115.564223116462,0.0,681.4193327542756,281.7328203303301,6446.804288779093,15.473047705669464,15.473047705669464,40
