,nRIDES,nREJECTED,OUT,STARTS_DAY,OPENS_APP,RECEIVES_REQUEST,ACCEPTS_REQUEST,REJECTS_REQUEST,IS_ACCEPTED_BY_TRAVELLER,IS_REJECTED_BY_TRAVELLER,ARRIVES_AT_PICKUP,MEETS_TRAVELLER_AT_PICKUP,DEPARTS_FROM_PICKUP,ARRIVES_AT_DROPOFF,CONTINUES_SHIFT,STARTS_REPOSITIONING,REPOSITIONED,DECIDES_NOT_TO_DRIVE,ENDS_SHIFT,TRAVEL,WAIT,CRUISE,OPERATIONS,IDLE,PAX_KM,REVENUE,nV
sum,400.0,0.0,0.0,0.0,0.0,275930.0,4260.0,0.0,5352.0,0.0,43580.0,0.0,12000.0,75298.0,0.0,0.0,0.0,0.0,447540.0,75298.0,0.0,43580.0,21612.0,307050.0,1064.043,1064.043,40
mean,10.0,0.0,0.0,0.0,0.0,6898.25,106.5,0.0,133.8,0.0,1089.5,0.0,300.0,1882.45,0.0,0.0,0.0,0.0,11188.5,1882.45,0.0,1089.5,540.3,7676.25,26.601075,26.601075,40
std,5.830951894845301,0.0,0.0,0.0,0.0,4023.5935829197288,64.0732753602047,0.0,79.59068364499028,0.0,711.7060398644143,0.0,174.92855684535903,1186.893120498716,0.0,0.0,0.0,0.0,5466.225201061327,1186.893120498716,0.0,711.7060398644143,316.341927958681,7256.839630519398,16.561052130251184,16.561052130251184,40
