,ACCEPTS_OFFER,ARRIVES_AT_DROPOFF,ARRIVES_AT_PICKUP,DEPARTS_FROM_PICKUP,MEETS_DRIVER_AT_PICKUP,RECEIVES_OFFER,REQUESTS_RIDE,SETS_OFF_FOR_DEST,STARTS_DAY,IS_REJECTED_BY_VEHICLE,REJECTS_OFFER,ARRIVES_AT_DEST,PREFERS_OTHER_SERVICE,LOSES_PATIENCE,TRAVEL,WAIT,OPERATIONS,nP
sum,1500.0,26606.0,1890.0,3000.0,10440.0,77476.0,662816.0,1000.0,0.0,0.0,0.0,0.0,0.0,0.0,26606.0,87916.0,5500.0,100
mean,15.0,266.06,18.9,30.0,104.4,774.76,6628.16,10.0,0.0,0.0,0.0,0.0,0.0,0.0,266.06,879.16,55.0,100
std,0.0,158.25824822521298,3.1446603773522037,0.0,135.61278805049432,2620.716264649415,4626.189739893399,0.0,0.0,0.0,0.0,0.0,0.0,0.0,158.25824822521298,2704.2082346153775,0.0,100
