,nRIDES,nREJECTED,OUT,STARTS_DAY,OPENS_APP,RECEIVES_REQUEST,ACCEPTS_REQUEST,REJECTS_REQUEST,IS_ACCEPTED_BY_TRAVELLER,IS_REJECTED_BY_TRAVELLER,ARRIVES_AT_PICKUP,MEETS_TRAVELLER_AT_PICKUP,DEPARTS_FROM_PICKUP,ARRIVES_AT_DROPOFF,CONTINUES_SHIFT,STARTS_REPOSITIONING,REPOSITIONED,DECIDES_NOT_TO_DRIVE,ENDS_SHIFT,TRAVEL,WAIT,CRUISE,OPERATIONS,IDLE,PAX_KM,REVENUE,nV
sum,100.0,0.0,0.0,0.0,0.0,210476.0,1335.0,0.0,1710.0,0.0,11854.0,0.0,3000.0,22129.0,0.0,0.0,0.0,0.0,613456.0,22129.0,0.0,11854.0,6045.0,573428.0,248.223,248.223,40
mean,2.5,0.0,0.0,0.0,0.0,5261.9,33.375,0.0,42.75,0.0,296.35,0.0,75.0,553.225,0.0,0.0,0.0,0.0,15336.4,553.225,0.0,296.35,151.125,14335.7,6.205575,6.205575,40
std,2.8644594961577314,0.0,0.0,0.0,0.0,4948.101022951465,37.28592743402508,0.0,48.25719024411192,0.0,367.9273583543918,0.0,85.93378488473195,583.1864058552453,0.0,0.0,0.0,0.0,5718.040850608779,583.1864058552453,0.0,367.9273583543918,171.02394306810993,6580.318584758878,6.885574329014583,6.885574329014583,40
