,nRIDES,nREJECTED,OUT,STARTS_DAY,OPENS_APP,RECEIVES_REQUEST,ACCEPTS_REQUEST,REJECTS_REQUEST,IS_ACCEPTED_BY_TRAVELLER,IS_REJECTED_BY_TRAVELLER,ARRIVES_AT_PICKUP,MEETS_TRAVELLER_AT_PICKUP,DEPARTS_FROM_PICKUP,ARRIVES_AT_DROPOFF,CONTINUES_SHIFT,STARTS_REPOSITIONING,REPOSITIONED,DECIDES_NOT_TO_DRIVE,ENDS_SHIFT,TRAVEL,WAIT,CRUISE,OPERATIONS,IDLE,PAX_KM,REVENUE,nV
sum,100.0,0.0,0.0,0.0,0.0,167553.0,1335.0,0.0,1720.0,0.0,12182.0,0.0,3000.0,22129.0,0.0,0.0,0.0,0.0,656041.0,22129.0,0.0,12182.0,6055.0,615675.0,248.223,248.223,40
mean,2.5,0.0,0.0,0.0,0.0,4188.825,33.375,0.0,43.0,0.0,304.55,0.0,75.0,553.225,0.0,0.0,0.0,0.0,16401.025,553.225,0.0,304.55,151.375,15391.875,6.205574999999999,6.205574999999999,40
std,3.4418242032610915,0.0,0.0,0.0,0.0,4971.194046769954,44.87000454303863,0.0,57.88981576435331,0.0,476.00753872504674,0.0,103.25472609783274,735.4389405357937,0.0,0.0,0.0,0.0,6034.544991610324,735.4389405357937,0.0,476.00753872504674,205.63394006751975,7209.925367469983,8.634743637569006,8.634743637569006,40
