,ACCEPTS_OFFER,ARRIVES_AT_DROPOFF,ARRIVES_AT_PICKUP,DEPARTS_FROM_PICKUP,MEETS_DRIVER_AT_PICKUP,RECEIVES_OFFER,REQUESTS_RIDE,SETS_OFF_FOR_DEST,STARTS_DAY,IS_REJECTED_BY_VEHICLE,REJECTS_OFFER,ARRIVES_AT_DEST,PREFERS_OTHER_SERVICE,LOSES_PATIENCE,TRAVEL,WAIT,OPERATIONS,nP
sum,6000.0,117521.0,6870.0,12000.0,89041.0,800681.0,2020608.0,4000.0,0.0,0.0,0.0,0.0,0.0,0.0,117521.0,889722.0,22000.0,400
mean,15.0,293.8025,17.175,30.0,222.6025,2001.7025,5051.52,10.0,0.0,0.0,0.0,0.0,0.0,0.0,293.8025,2224.305,55.0,400
std,0.0,174.2410351771332,4.507790527364442,0.0,865.3139951886963,3869.4987958806796,4731.003905036824,0.0,0.0,0.0,0.0,0.0,0.0,0.0,174.2410351771332,4029.9478714484003,0.0,400
