,nRIDES,nREJECTED,OUT,STARTS_DAY,OPENS_APP,RECEIVES_REQUEST,ACCEPTS_REQUEST,REJECTS_REQUEST,IS_ACCEPTED_BY_TRAVELLER,IS_REJECTED_BY_TRAVELLER,ARRIVES_AT_PICKUP,MEETS_TRAVELLER_AT_PICKUP,DEPARTS_FROM_PICKUP,ARRIVES_AT_DROPOFF,CONTINUES_SHIFT,STARTS_REPOSITIONING,REPOSITIONED,DECIDES_NOT_TO_DRIVE,ENDS_SHIFT,TRAVEL,WAIT,CRUISE,OPERATIONS,IDLE,PAX_KM,REVENUE,nV
sum,400.0,0.0,0.0,0.0,0.0,459773.0,4305.0,0.0,5383.0,0.0,52441.0,0.0,12000.0,71232.0,0.0,0.0,0.0,0.0,474816.0,71232.0,0.0,52441.0,21688.0,329455.0,1020.917,1020.917,50
mean,8.0,0.0,0.0,0.0,0.0,9195.46,86.1,0.0,107.66,0.0,1048.82,0.0,240.0,1424.64,0.0,0.0,0.0,0.0,9496.32,1424.64,0.0,1048.82,433.76,6589.1,20.418339999999997,20.418339999999997,50
std,3.719776161797582,0.0,0.0,0.0,0.0,2805.036324913036,37.827346764811644,0.0,46.029542421255975,0.0,1931.5633478969248,0.0,111.59328485392746,781.9760098621952,0.0,0.0,0.0,0.0,3278.941096121846,781.9760098621952,0.0,1931.5633478969248,190.2993946176307,4797.8525564111715,12.645062941733746,12.645062941733746,50
