,nRIDES,nREJECTED,OUT,STARTS_DAY,OPENS_APP,RECEIVES_REQUEST,ACCEPTS_REQUEST,REJECTS_REQUEST,IS_ACCEPTED_BY_TRAVELLER,IS_REJECTED_BY_TRAVELLER,ARRIVES_AT_PICKUP,MEETS_TRAVELLER_AT_PICKUP,DEPARTS_FROM_PICKUP,ARRIVES_AT_DROPOFF,CONTINUES_SHIFT,STARTS_REPOSITIONING,REPOSITIONED,DECIDES_NOT_TO_DRIVE,ENDS_SHIFT,TRAVEL,WAIT,CRUISE,OPERATIONS,IDLE,PAX_KM,REVENUE,nV
sum,400.0,0.0,0.0,0.0,0.0,373025.0,4305.0,0.0,5356.0,0.0,59136.0,0.0,12000.0,71232.0,0.0,0.0,0.0,0.0,554896.0,71232.0,0.0,59136.0,21661.0,402867.0,1020.917,1020.917,50
mean,8.0,0.0,0.0,0.0,0.0,7460.5,86.1,0.0,107.12,0.0,1182.72,0.0,240.0,1424.64,0.0,0.0,0.0,0.0,11097.92,1424.64,0.0,1182.72,433.22,8057.34,20.41834,20.41834,50
std,4.7979587496419045,0.0,0.0,0.0,0.0,3753.572215576919,48.184276375140456,0.0,59.535837260992196,0.0,1998.439085171939,0.0,143.93876248925713,938.1706419779866,0.0,0.0,0.0,0.0,5068.112766491838,938.1706419779866,0.0,1998.439085171939,247.45820426314998,7081.638299467842,14.856995086641504,14.856995086641504,50
