,nRIDES,nREJECTED,OUT,STARTS_DAY,OPENS_APP,RECEIVES_REQUEST,ACCEPTS_REQUEST,REJECTS_REQUEST,IS_ACCEPTED_BY_TRAVELLER,IS_REJECTED_BY_TRAVELLER,ARRIVES_AT_PICKUP,MEETS_TRAVELLER_AT_PICKUP,DEPARTS_FROM_PICKUP,ARRIVES_AT_DROPOFF,CONTINUES_SHIFT,STARTS_REPOSITIONING,REPOSITIONED,DECIDES_NOT_TO_DRIVE,ENDS_SHIFT,TRAVEL,WAIT,CRUISE,OPERATIONS,IDLE,PAX_KM,REVENUE,nV
sum,400.0,0.0,0.0,0.0,0.0,323127.0,4305.0,0.0,5376.0,0.0,59831.0,0.0,12000.0,71232.0,0.0,0.0,0.0,0.0,604079.0,71232.0,0.0,59831.0,21681.0,451335.0,1020.917,1020.917,50
mean,8.0,0.0,0.0,0.0,0.0,6462.54,86.1,0.0,107.52,0.0,1196.62,0.0,240.0,1424.64,0.0,0.0,0.0,0.0,12081.58,1424.64,0.0,1196.62,433.62,9026.7,20.41834,20.41834,50
std,5.903993805649092,0.0,0.0,0.0,0.0,4289.45256585195,61.272975699082934,0.0,75.75881170544064,0.0,2027.720464271269,0.0,177.1198141694728,1152.6082889495035,0.0,0.0,0.0,0.0,5958.225023632867,1152.6082889495035,0.0,2027.720464271269,311.1108398848834,8271.20500623108,17.61315579345421,17.61315579345421,50
