,ACCEPTS_OFFER,ARRIVES_AT_DROPOFF,ARRIVES_AT_PICKUP,DEPARTS_FROM_PICKUP,MEETS_DRIVER_AT_PICKUP,RECEIVES_OFFER,REQUESTS_RIDE,SETS_OFF_FOR_DEST,STARTS_DAY,IS_REJECTED_BY_VEHICLE,REJECTS_OFFER,ARRIVES_AT_DEST,PREFERS_OTHER_SERVICE,LOSES_PATIENCE,TRAVEL,WAIT,OPERATIONS,nP
sum,5824.0,116665.0,6950.0,12000.0,121614.0,728805.0,2046652.0,4000.0,0.0,0.0,0.0,0.0,0.0,0.0,116665.0,850419.0,21824.0,400
mean,14.56,291.6625,17.375,30.0,304.035,1822.0125,5116.63,10.0,0.0,0.0,0.0,0.0,0.0,0.0,291.6625,2126.0475,54.56,400
std,2.444655569222456,169.37662085713742,4.405439221785055,0.0,1126.2263552604375,3863.589350463673,4686.3196634534215,0.0,0.0,0.0,0.0,0.0,0.0,0.0,169.37662085713742,4072.709846524631,2.444655569222456,400
