,nRIDES,nREJECTED,OUT,STARTS_DAY,OPENS_APP,RECEIVES_REQUEST,ACCEPTS_REQUEST,REJECTS_REQUEST,IS_ACCEPTED_BY_TRAVELLER,IS_REJECTED_BY_TRAVELLER,ARRIVES_AT_PICKUP,MEETS_TRAVELLER_AT_PICKUP,DEPARTS_FROM_PICKUP,ARRIVES_AT_DROPOFF,CONTINUES_SHIFT,STARTS_REPOSITIONING,REPOSITIONED,DECIDES_NOT_TO_DRIVE,ENDS_SHIFT,TRAVEL,WAIT,CRUISE,OPERATIONS,IDLE,PAX_KM,REVENUE,nV
sum,400.0,0.0,0.0,0.0,0.0,120701.0,4311.0,0.0,5687.0,0.0,70595.0,0.0,12000.0,75397.0,0.0,0.0,0.0,0.0,143289.0,75397.0,0.0,70595.0,21998.0,-24701.0,1035.057,1035.057,20
mean,20.0,0.0,0.0,0.0,0.0,6035.05,215.55,0.0,284.35,0.0,3529.75,0.0,600.0,3769.85,0.0,0.0,0.0,0.0,7164.45,3769.85,0.0,3529.75,1099.9,-1235.05,51.75285,51.75285,20
std,4.812265031857878,0.0,0.0,0.0,0.0,1968.4932114905075,58.95446503334943,0.0,77.9117415649542,0.0,2653.950954907161,0.0,144.36795095573635,948.0148386025012,0.0,0.0,0.0,0.0,583.8943194755276,948.0148386025012,0.0,2653.950954907161,272.9561175450427,2167.262922747443,12.267342483516746,12.267342483516746,20
