,nRIDES,nREJECTED,OUT,STARTS_DAY,OPENS_APP,RECEIVES_REQUEST,ACCEPTS_REQUEST,REJECTS_REQUEST,IS_ACCEPTED_BY_TRAVELLER,IS_REJECTED_BY_TRAVELLER,ARRIVES_AT_PICKUP,MEETS_TRAVELLER_AT_PICKUP,DEPARTS_FROM_PICKUP,ARRIVES_AT_DROPOFF,CONTINUES_SHIFT,STARTS_REPOSITIONING,REPOSITIONED,DECIDES_NOT_TO_DRIVE,ENDS_SHIFT,TRAVEL,WAIT,CRUISE,OPERATIONS,IDLE,PAX_KM,REVENUE,nV
sum,400.0,0.0,0.0,0.0,0.0,120202.0,4294.0,0.0,5708.0,0.0,71090.0,0.0,12000.0,75397.0,0.0,0.0,0.0,0.0,143289.0,75397.0,0.0,71090.0,22002.0,-25200.0,1035.057,1035.057,20
mean,20.0,0.0,0.0,0.0,0.0,6010.1,214.7,0.0,285.4,0.0,3554.5,0.0,600.0,3769.85,0.0,0.0,0.0,0.0,7164.45,3769.85,0.0,3554.5,1100.1,-1260.0,51.75285,51.75285,20
std,5.525062514530825,0.0,0.0,0.0,0.0,1976.3618329488256,59.129741381046756,0.0,78.14453545227991,0.0,2670.423138164082,0.0,165.75187543592475,1060.984313342047,0.0,0.0,0.0,0.0,583.8943194755276,1060.984313342047,0.0,2670.423138164082,292.29075286523573,2271.32096969328,15.579592769743781,15.579592769743781,20
