,ACCEPTS_OFFER,ARRIVES_AT_DROPOFF,ARRIVES_AT_PICKUP,DEPARTS_FROM_PICKUP,MEETS_DRIVER_AT_PICKUP,RECEIVES_OFFER,REQUESTS_RIDE,SETS_OFF_FOR_DEST,STARTS_DAY,IS_REJECTED_BY_VEHICLE,REJECTS_OFFER,ARRIVES_AT_DEST,PREFERS_OTHER_SERVICE,LOSES_PATIENCE,TRAVEL,WAIT,OPERATIONS,nP
sum,3000.0,63602.0,3500.0,6000.0,53626.0,339636.0,1036183.0,2000.0,0.0,0.0,0.0,0.0,0.0,0.0,63602.0,393262.0,11000.0,200
mean,15.0,318.01,17.5,30.0,268.13,1698.18,5180.915,10.0,0.0,0.0,0.0,0.0,0.0,0.0,318.01,1966.31,55.0,200
std,0.0,184.02558785376726,4.340993101299245,0.0,1014.2818550617667,3478.7819487335196,4569.055104781255,0.0,0.0,0.0,0.0,0.0,0.0,0.0,184.02558785376726,3728.960659742812,0.0,200
