,nRIDES,nREJECTED,OUT,STARTS_DAY,OPENS_APP,RECEIVES_REQUEST,ACCEPTS_REQUEST,REJECTS_REQUEST,IS_ACCEPTED_BY_TRAVELLER,IS_REJECTED_BY_TRAVELLER,ARRIVES_AT_PICKUP,MEETS_TRAVELLER_AT_PICKUP,DEPARTS_FROM_PICKUP,ARRIVES_AT_DROPOFF,CONTINUES_SHIFT,STARTS_REPOSITIONING,REPOSITIONED,DECIDES_NOT_TO_DRIVE,ENDS_SHIFT,TRAVEL,WAIT,CRUISE,OPERATIONS,IDLE,PAX_KM,REVENUE,nV
sum,200.0,0.0,0.0,0.0,0.0,174411.0,2250.0,0.0,2921.0,0.0,32953.0,0.0,6000.0,42427.0,0.0,0.0,0.0,0.0,171018.0,42427.0,0.0,32953.0,11171.0,84467.0,565.0539999999999,565.0539999999999,20
mean,10.0,0.0,0.0,0.0,0.0,8720.55,112.5,0.0,146.05,0.0,1647.65,0.0,300.0,2121.35,0.0,0.0,0.0,0.0,8550.9,2121.35,0.0,1647.65,558.55,4223.35,28.252699999999994,28.252699999999994,20
std,3.6992175559590694,0.0,0.0,0.0,0.0,1817.978995738776,45.78266737073046,0.0,60.75011371009501,0.0,2154.106049165786,0.0,110.97652667877207,761.8932978891605,0.0,0.0,0.0,0.0,1538.607740441783,761.8932978891605,0.0,2154.106049165786,214.62340947514753,3263.8538775825314,9.904200103730581,9.904200103730581,20
