,nRIDES,nREJECTED,OUT,STARTS_DAY,OPENS_APP,RECEIVES_REQUEST,ACCEPTS_REQUEST,REJECTS_REQUEST,IS_ACCEPTED_BY_TRAVELLER,IS_REJECTED_BY_TRAVELLER,ARRIVES_AT_PICKUP,MEETS_TRAVELLER_AT_PICKUP,DEPARTS_FROM_PICKUP,ARRIVES_AT_DROPOFF,CONTINUES_SHIFT,STARTS_REPOSITIONING,REPOSITIONED,DECIDES_NOT_TO_DRIVE,ENDS_SHIFT,TRAVEL,WAIT,CRUISE,OPERATIONS,IDLE,PAX_KM,REVENUE,nV
sum,200.0,0.0,0.0,0.0,0.0,174100.0,2250.0,0.0,2938.0,0.0,34535.0,0.0,6000.0,42427.0,0.0,0.0,0.0,0.0,169730.0,42427.0,0.0,34535.0,11188.0,81580.0,565.054,565.054,20
mean,10.0,0.0,0.0,0.0,0.0,8705.0,112.5,0.0,146.9,0.0,1726.75,0.0,300.0,2121.35,0.0,0.0,0.0,0.0,8486.5,2121.35,0.0,1726.75,559.4,4079.0,28.252699999999997,28.252699999999997,20
std,3.5688712648767758,0.0,0.0,0.0,0.0,2241.931005088905,39.084927772062834,0.0,50.866078035728705,0.0,2165.291881989707,0.0,107.06613794630327,820.1943463530298,0.0,0.0,0.0,0.0,1489.187362288574,820.1943463530298,0.0,2165.291881989707,194.11808668680868,3134.8821685234543,10.953973535710803,10.953973535710803,20
