,nRIDES,nREJECTED,OUT,STARTS_DAY,OPENS_APP,RECEIVES_REQUEST,ACCEPTS_REQUEST,REJECTS_REQUEST,IS_ACCEPTED_BY_TRAVELLER,IS_REJECTED_BY_TRAVELLER,ARRIVES_AT_PICKUP,MEETS_TRAVELLER_AT_PICKUP,DEPARTS_FROM_PICKUP,ARRIVES_AT_DROPOFF,CONTINUES_SHIFT,STARTS_REPOSITIONING,REPOSITIONED,DECIDES_NOT_TO_DRIVE,ENDS_SHIFT,TRAVEL,WAIT,CRUISE,OPERATIONS,IDLE,PAX_KM,REVENUE,nV
sum,200.0,0.0,0.0,0.0,0.0,175361.0,2250.0,0.0,2938.0,0.0,34561.0,0.0,6000.0,42427.0,0.0,0.0,0.0,0.0,168443.0,42427.0,0.0,34561.0,11188.0,80267.0,565.054,565.054,20
mean,10.0,0.0,0.0,0.0,0.0,8768.05,112.5,0.0,146.9,0.0,1728.05,0.0,300.0,2121.35,0.0,0.0,0.0,0.0,8422.15,2121.35,0.0,1728.05,559.4,4013.35,28.252699999999997,28.252699999999997,20
std,3.8251246969698154,0.0,0.0,0.0,0.0,2194.9638403687463,42.00563871923062,0.0,53.841775993230975,0.0,2220.92558881486,0.0,114.75374090909446,786.4617817863284,0.0,0.0,0.0,0.0,1492.5562062942115,786.4617817863284,0.0,2220.92558881486,207.76439084997978,3237.307202550325,10.639054192727354,10.639054192727354,20
