,ACCEPTS_OFFER,ARRIVES_AT_DROPOFF,ARRIVES_AT_PICKUP,DEPARTS_FROM_PICKUP,MEETS_DRIVER_AT_PICKUP,RECEIVES_OFFER,REQUESTS_RIDE,SETS_OFF_FOR_DEST,STARTS_DAY,IS_REJECTED_BY_VEHICLE,REJECTS_OFFER,ARRIVES_AT_DEST,PREFERS_OTHER_SERVICE,LOSES_PATIENCE,TRAVEL,WAIT,OPERATIONS,nP
sum,7500.0,156883.0,8430.0,15000.0,84913.0,1081763.0,2470152.0,5000.0,0.0,0.0,0.0,0.0,0.0,0.0,156883.0,1166676.0,27500.0,500
mean,15.0,313.766,16.86,30.0,169.826,2163.526,4940.304,10.0,0.0,0.0,0.0,0.0,0.0,0.0,313.766,2333.352,55.0,500
std,0.0,192.14639136718344,4.6458117842061215,0.0,466.44188468401467,3896.265054134297,4793.234343794705,0.0,0.0,0.0,0.0,0.0,0.0,0.0,192.14639136718344,3994.2059855503217,0.0,500
