,nRIDES,nREJECTED,OUT,STARTS_DAY,OPENS_APP,RECEIVES_REQUEST,ACCEPTS_REQUEST,REJECTS_REQUEST,IS_ACCEPTED_BY_TRAVELLER,IS_REJECTED_BY_TRAVELLER,ARRIVES_AT_PICKUP,MEETS_TRAVELLER_AT_PICKUP,DEPARTS_FROM_PICKUP,ARRIVES_AT_DROPOFF,CONTINUES_SHIFT,STARTS_REPOSITIONING,REPOSITIONED,DECIDES_NOT_TO_DRIVE,ENDS_SHIFT,TRAVEL,WAIT,CRUISE,OPERATIONS,IDLE,PAX_KM,REVENUE,nV
sum,500.0,0.0,0.0,0.0,0.0,343783.0,5145.0,0.0,6322.0,0.0,57763.0,0.0,15000.0,90246.0,0.0,0.0,0.0,0.0,345701.0,90246.0,0.0,57763.0,26467.0,171225.0,1350.082,1350.082,40
mean,12.5,0.0,0.0,0.0,0.0,8594.575,128.625,0.0,158.05,0.0,1444.075,0.0,375.0,2256.15,0.0,0.0,0.0,0.0,8642.525,2256.15,0.0,1444.075,661.675,4280.625,33.752050000000004,33.752050000000004,40
std,4.755563543407303,0.0,0.0,0.0,0.0,2290.206214962155,46.06277071729236,0.0,57.0743779237638,0.0,1501.6847698757965,0.0,142.66690630221905,854.5618025391577,0.0,0.0,0.0,0.0,2115.3979317413036,854.5618025391577,0.0,1501.6847698757965,239.6646575465876,3166.9568478717943,14.423439456004438,14.423439456004438,40
