,nRIDES,nREJECTED,OUT,STARTS_DAY,OPENS_APP,RECEIVES_REQUEST,ACCEPTS_REQUEST,REJECTS_REQUEST,IS_ACCEPTED_BY_TRAVELLER,IS_REJECTED_BY_TRAVELLER,ARRIVES_AT_PICKUP,MEETS_TRAVELLER_AT_PICKUP,DEPARTS_FROM_PICKUP,ARRIVES_AT_DROPOFF,CONTINUES_SHIFT,STARTS_REPOSITIONING,REPOSITIONED,DECIDES_NOT_TO_DRIVE,ENDS_SHIFT,TRAVEL,WAIT,CRUISE,OPERATIONS,IDLE,PAX_KM,REVENUE,nV
sum,500.0,0.0,0.0,0.0,0.0,344726.0,5145.0,0.0,6454.0,0.0,59866.0,0.0,15000.0,90246.0,0.0,0.0,0.0,0.0,342523.0,90246.0,0.0,59866.0,26599.0,165812.0,1350.0819999999999,1350.0819999999999,40
mean,12.5,0.0,0.0,0.0,0.0,8618.15,128.625,0.0,161.35,0.0,1496.65,0.0,375.0,2256.15,0.0,0.0,0.0,0.0,8563.075,2256.15,0.0,1496.65,664.975,4145.3,33.75205000000001,33.75205000000001,40
std,4.83045891539648,0.0,0.0,0.0,0.0,2505.7655317287768,43.75027472441217,0.0,56.29389455440584,0.0,1527.4514310965749,0.0,144.9137674618944,827.7235246948906,0.0,0.0,0.0,0.0,2027.255178395984,827.7235246948906,0.0,1527.4514310965749,236.87868662985957,2916.7142226159654,15.44619734125938,15.44619734125938,40
