,nRIDES,nREJECTED,OUT,STARTS_DAY,OPENS_APP,RECEIVES_REQUEST,ACCEPTS_REQUEST,REJECTS_REQUEST,IS_ACCEPTED_BY_TRAVELLER,IS_REJECTED_BY_TRAVELLER,ARRIVES_AT_PICKUP,MEETS_TRAVELLER_AT_PICKUP,DEPARTS_FROM_PICKUP,ARRIVES_AT_DROPOFF,CONTINUES_SHIFT,STARTS_REPOSITIONING,REPOSITIONED,DECIDES_NOT_TO_DRIVE,ENDS_SHIFT,TRAVEL,WAIT,CRUISE,OPERATIONS,IDLE,PAX_KM,REVENUE,nV
sum,500.0,0.0,0.0,0.0,0.0,321576.0,5145.0,0.0,6400.0,0.0,60420.0,0.0,15000.0,90246.0,0.0,0.0,0.0,0.0,365173.0,90246.0,0.0,60420.0,26545.0,187962.0,1350.0819999999999,1350.0819999999999,40
mean,12.5,0.0,0.0,0.0,0.0,8039.4,128.625,0.0,160.0,0.0,1510.5,0.0,375.0,2256.15,0.0,0.0,0.0,0.0,9129.325,2256.15,0.0,1510.5,663.625,4699.05,33.75204999999999,33.75204999999999,40
std,6.234724923506639,0.0,0.0,0.0,0.0,3006.9631396272425,60.372640899920626,0.0,76.27850455016969,0.0,1586.6647651356845,0.0,187.04174770519919,1085.1165729648942,0.0,0.0,0.0,0.0,3507.916025275493,1085.1165729648942,0.0,1586.6647651356845,317.41291456607956,5062.830858830682,18.642803314773595,18.642803314773595,40
