,nRIDES,nREJECTED,OUT,STARTS_DAY,OPENS_APP,RECEIVES_REQUEST,ACCEPTS_REQUEST,REJECTS_REQUEST,IS_ACCEPTED_BY_TRAVELLER,IS_REJECTED_BY_TRAVELLER,ARRIVES_AT_PICKUP,MEETS_TRAVELLER_AT_PICKUP,DEPARTS_FROM_PICKUP,ARRIVES_AT_DROPOFF,CONTINUES_SHIFT,STARTS_REPOSITIONING,REPOSITIONED,DECIDES_NOT_TO_DRIVE,ENDS_SHIFT,TRAVEL,WAIT,CRUISE,OPERATIONS,IDLE,PAX_KM,REVENUE,nV
sum,200.0,0.0,0.0,0.0,0.0,334776.0,2340.0,0.0,2873.0,0.0,15820.0,0.0,6000.0,39615.0,0.0,0.0,0.0,0.0,462536.0,39615.0,0.0,15820.0,11213.0,395888.0,507.902,507.902,40
mean,5.0,0.0,0.0,0.0,0.0,8369.4,58.5,0.0,71.825,0.0,395.5,0.0,150.0,990.375,0.0,0.0,0.0,0.0,11563.4,990.375,0.0,395.5,280.325,9897.2,12.69755,12.69755,40
std,2.8374781146789574,0.0,0.0,0.0,0.0,3802.8579455254644,31.828869333938382,0.0,39.78653779538489,0.0,302.9764313419741,0.0,85.12434344036872,586.744197419223,0.0,0.0,0.0,0.0,4213.118205721816,586.744197419223,0.0,302.9764313419741,154.87255099365427,4791.998208552381,7.778558675896131,7.778558675896131,40
