,nRIDES,nREJECTED,OUT,STARTS_DAY,OPENS_APP,RECEIVES_REQUEST,ACCEPTS_REQUEST,REJECTS_REQUEST,IS_ACCEPTED_BY_TRAVELLER,IS_REJECTED_BY_TRAVELLER,ARRIVES_AT_PICKUP,MEETS_TRAVELLER_AT_PICKUP,DEPARTS_FROM_PICKUP,ARRIVES_AT_DROPOFF,CONTINUES_SHIFT,STARTS_REPOSITIONING,REPOSITIONED,DECIDES_NOT_TO_DRIVE,ENDS_SHIFT,TRAVEL,WAIT,CRUISE,OPERATIONS,IDLE,PAX_KM,REVENUE,nV
sum,200.0,0.0,0.0,0.0,0.0,231224.0,2340.0,0.0,2996.0,0.0,20487.0,0.0,6000.0,39615.0,0.0,0.0,0.0,0.0,561298.0,39615.0,0.0,20487.0,11336.0,489860.0,507.902,507.902,40
mean,5.0,0.0,0.0,0.0,0.0,5780.6,58.5,0.0,74.9,0.0,512.175,0.0,150.0,990.375,0.0,0.0,0.0,0.0,14032.45,990.375,0.0,512.175,283.4,12246.5,12.697549999999996,12.697549999999996,40
std,5.038314736557789,0.0,0.0,0.0,0.0,4713.987395955867,57.02226285880333,0.0,72.76403732755026,0.0,627.1220748744792,0.0,151.14944209673368,1005.1105995400169,0.0,0.0,0.0,0.0,5883.400987262646,1005.1105995400169,0.0,627.1220748744792,280.04613173089166,7350.824286589069,13.485270701579253,13.485270701579253,40
