,ACCEPTS_OFFER,ARRIVES_AT_DROPOFF,ARRIVES_AT_PICKUP,DEPARTS_FROM_PICKUP,LOSES_PATIENCE,MEETS_DRIVER_AT_PICKUP,RECEIVES_OFFER,REQUESTS_RIDE,SETS_OFF_FOR_DEST,STARTS_DAY,IS_REJECTED_BY_VEHICLE,REJECTS_OFFER,ARRIVES_AT_DEST,PREFERS_OTHER_SERVICE,TRAVEL,WAIT,OPERATIONS,nP
sum,2269.0,59054.0,3570.0,5970.0,615.0,56729.0,337100.0,1179401.0,1990.0,0.0,0.0,0.0,0.0,0.0,59054.0,393829.0,10229.0,200
mean,11.345,295.27,17.85,29.85,3.075,283.645,1685.5,5897.005,9.95,0.0,0.0,0.0,0.0,0.0,295.27,1969.145,51.145,200
std,6.369365674498313,169.46681713702176,4.238789530445814,2.121320343559646,43.48706704297268,712.5767658372359,3624.9172050846337,4647.269977761786,0.7071067811865468,0.0,0.0,0.0,0.0,0.0,169.46681713702176,3764.964831827715,7.289007004769442,200
