,ACCEPTS_OFFER,ARRIVES_AT_DROPOFF,ARRIVES_AT_PICKUP,DEPARTS_FROM_PICKUP,MEETS_DRIVER_AT_PICKUP,RECEIVES_OFFER,REQUESTS_RIDE,SETS_OFF_FOR_DEST,STARTS_DAY,IS_REJECTED_BY_VEHICLE,REJECTS_OFFER,ARRIVES_AT_DEST,PREFERS_OTHER_SERVICE,LOSES_PATIENCE,TRAVEL,WAIT,OPERATIONS,nP
sum,2985.0,57986.0,3570.0,6000.0,37831.0,299456.0,1147631.0,2000.0,0.0,0.0,0.0,0.0,0.0,0.0,57986.0,337287.0,10985.0,200
mean,14.925,289.93,17.85,30.0,189.155,1497.28,5738.155,10.0,0.0,0.0,0.0,0.0,0.0,0.0,289.93,1686.435,54.925,200
std,1.060660171779825,159.35632176488062,4.1185326947577945,0.0,150.8660458617838,3351.2351014403084,4641.018334036108,0.0,0.0,0.0,0.0,0.0,0.0,0.0,159.35632176488062,3425.23430233678,1.0606601717798247,200
