,ACCEPTS_OFFER,ARRIVES_AT_DROPOFF,ARRIVES_AT_PICKUP,DEPARTS_FROM_PICKUP,LOSES_PATIENCE,MEETS_DRIVER_AT_PICKUP,RECEIVES_OFFER,REQUESTS_RIDE,SETS_OFF_FOR_DEST,STARTS_DAY,IS_REJECTED_BY_VEHICLE,REJECTS_OFFER,ARRIVES_AT_DEST,PREFERS_OTHER_SERVICE,TRAVEL,WAIT,OPERATIONS,nP
sum,2398.0,56193.0,3470.0,5940.0,1230.0,86496.0,373831.0,1129834.0,1980.0,0.0,0.0,0.0,0.0,0.0,56193.0,460327.0,10318.0,200
mean,11.99,280.965,17.35,29.7,6.15,432.48,1869.155,5649.17,9.9,0.0,0.0,0.0,0.0,0.0,280.965,2301.635,51.59,200
std,5.956281258651305,174.45298217557,4.646011960346037,2.99245281823235,61.34528277376319,1412.3135229244167,3820.5638973117834,4802.733935727331,0.9974842727441167,0.0,0.0,0.0,0.0,0.0,174.45298217557,4166.776213313377,7.81262346636107,200
