,nRIDES,nREJECTED,OUT,STARTS_DAY,OPENS_APP,RECEIVES_REQUEST,ACCEPTS_REQUEST,REJECTS_REQUEST,IS_ACCEPTED_BY_TRAVELLER,IS_REJECTED_BY_TRAVELLER,ARRIVES_AT_PICKUP,MEETS_TRAVELLER_AT_PICKUP,DEPARTS_FROM_PICKUP,ARRIVES_AT_DROPOFF,CONTINUES_SHIFT,STARTS_REPOSITIONING,REPOSITIONED,DECIDES_NOT_TO_DRIVE,ENDS_SHIFT,TRAVEL,WAIT,CRUISE,OPERATIONS,IDLE,PAX_KM,REVENUE,nV
sum,199.0,0.0,0.0,0.0,0.0,47734.0,1839.0,0.0,3118.0,0.0,45052.0,0.0,5970.0,42354.0,0.0,0.0,0.0,0.0,69923.0,42354.0,0.0,45052.0,10927.0,-28410.0,537.232,537.232,10
mean,19.9,0.0,0.0,0.0,0.0,4773.4,183.9,0.0,311.8,0.0,4505.2,0.0,597.0,4235.4,0.0,0.0,0.0,0.0,6992.3,4235.4,0.0,4505.2,1092.7,-2841.0,53.7232,53.7232,10
std,4.357624225296267,0.0,0.0,0.0,0.0,851.0806463941396,43.99861108918982,0.0,78.33092194870001,0.0,2461.9143319331356,0.0,130.728726758888,773.2665488404083,0.0,0.0,0.0,0.0,1528.2752842483726,773.2665488404083,0.0,2461.9143319331356,245.58051406593498,3615.954768645328,11.485269733203674,11.485269733203674,10
