,nRIDES,nREJECTED,OUT,STARTS_DAY,OPENS_APP,RECEIVES_REQUEST,ACCEPTS_REQUEST,REJECTS_REQUEST,IS_ACCEPTED_BY_TRAVELLER,IS_REJECTED_BY_TRAVELLER,ARRIVES_AT_PICKUP,MEETS_TRAVELLER_AT_PICKUP,DEPARTS_FROM_PICKUP,ARRIVES_AT_DROPOFF,CONTINUES_SHIFT,STARTS_REPOSITIONING,REPOSITIONED,DECIDES_NOT_TO_DRIVE,ENDS_SHIFT,TRAVEL,WAIT,CRUISE,OPERATIONS,IDLE,PAX_KM,REVENUE,nV
sum,200.0,0.0,0.0,0.0,0.0,60569.0,2340.0,0.0,3099.0,0.0,28971.0,0.0,6000.0,40273.0,0.0,0.0,0.0,0.0,74738.0,40273.0,0.0,28971.0,11439.0,-5945.0,523.5989999999999,523.5989999999999,10
mean,20.0,0.0,0.0,0.0,0.0,6056.9,234.0,0.0,309.9,0.0,2897.1,0.0,600.0,4027.3,0.0,0.0,0.0,0.0,7473.8,4027.3,0.0,2897.1,1143.9,-594.5,52.3599,52.3599,10
std,2.0548046676563256,0.0,0.0,0.0,0.0,640.6662244188553,32.55764119219941,0.0,45.88984395024435,0.0,352.5710172748495,0.0,61.644140029689765,397.85844774799546,0.0,0.0,0.0,0.0,579.0188636343763,397.85844774799546,0.0,352.5710172748495,114.09591481634116,1068.1340167683911,10.60235851591522,10.60235851591522,10
