,nRIDES,nREJECTED,OUT,STARTS_DAY,OPENS_APP,RECEIVES_REQUEST,ACCEPTS_REQUEST,REJECTS_REQUEST,IS_ACCEPTED_BY_TRAVELLER,IS_REJECTED_BY_TRAVELLER,ARRIVES_AT_PICKUP,MEETS_TRAVELLER_AT_PICKUP,DEPARTS_FROM_PICKUP,ARRIVES_AT_DROPOFF,CONTINUES_SHIFT,STARTS_REPOSITIONING,REPOSITIONED,DECIDES_NOT_TO_DRIVE,ENDS_SHIFT,TRAVEL,WAIT,CRUISE,OPERATIONS,IDLE,PAX_KM,TTRAV,DIST,DRIVING_TIME,DRIVING_DIST,FARE,COMMISSION,REVENUE,PICKUP_DIST,TRAVEL_DIST,OPERATING_COST,PROFIT,nV
sum,103.0,0.0,0.0,0.0,0.0,74015.0,1560.0,0.0,2052.0,0.0,43333.0,0.0,3090.0,24048.0,0.0,0.0,0.0,0.0,59208.0,24048.0,0.0,43333.0,6702.0,-14875.0,242.651,2550.0,25.5,67381.0,673.81,38.322,7.664400000000001,30.657600000000006,433.33,458.8299999999999,22.9415,7.716100000000001,10
mean,10.3,0.0,0.0,0.0,0.0,7401.5,156.0,0.0,205.2,0.0,4333.3,0.0,309.0,2404.8,0.0,0.0,0.0,0.0,5920.8,2404.8,0.0,4333.3,670.2,-1487.5,24.2651,255.0,2.55,6738.1,67.381,3.8322000000000003,0.7664400000000001,3.0657600000000005,43.333,45.882999999999996,2.29415,0.7716100000000001,10
std,3.5605867181937554,0.0,0.0,0.0,0.0,2854.113882723595,52.53570214625479,0.0,70.62545968385308,0.0,4424.5986396759445,0.0,106.81760154581266,681.1912441532929,0.0,0.0,0.0,0.0,3105.116129515574,681.1912441532929,0.0,4424.5986396759445,229.58213248324782,6077.681342419985,6.844371612256794,184.0,1.8399999999999999,4231.022241859656,42.31022241859657,2.7640414070704513,0.5528082814140903,2.211233125656361,44.24598639675945,44.095605991728675,2.204780299586434,3.215949485317068,10
