,nRIDES,nREJECTED,OUT,STARTS_DAY,OPENS_APP,RECEIVES_REQUEST,ACCEPTS_REQUEST,REJECTS_REQUEST,IS_ACCEPTED_BY_TRAVELLER,IS_REJECTED_BY_TRAVELLER,ARRIVES_AT_PICKUP,MEETS_TRAVELLER_AT_PICKUP,DEPARTS_FROM_PICKUP,ARRIVES_AT_DROPOFF,CONTINUES_SHIFT,STARTS_REPOSITIONING,REPOSITIONED,DECIDES_NOT_TO_DRIVE,ENDS_SHIFT,TRAVEL,WAIT,CRUISE,OPERATIONS,IDLE,PAX_KM,REVENUE,nV
sum,198.0,0.0,0.0,0.0,0.0,54961.0,1804.0,0.0,2958.0,0.0,52751.0,0.0,5940.0,36854.0,0.0,0.0,0.0,0.0,60722.0,36854.0,0.0,52751.0,10702.0,-39585.0,500.947,500.947,10
mean,19.8,0.0,0.0,0.0,0.0,5496.1,180.4,0.0,295.8,0.0,5275.1,0.0,594.0,3685.4,0.0,0.0,0.0,0.0,6072.2,3685.4,0.0,5275.1,1070.2,-3958.5,50.0947,50.0947,10
std,5.513619500836088,0.0,0.0,0.0,0.0,1619.501325854488,52.10502215078056,0.0,95.47169446723173,0.0,3465.7448598148903,0.0,165.40858502508266,1023.0848992684386,0.0,0.0,0.0,0.0,2057.980768725608,1023.0848992684386,0.0,3465.7448598148903,306.28338366798664,4920.653823990828,14.104024540298182,14.104024540298182,10
