,ACCEPTS_OFFER,ARRIVES_AT_DROPOFF,ARRIVES_AT_PICKUP,DEPARTS_FROM_PICKUP,MEETS_DRIVER_AT_PICKUP,RECEIVES_OFFER,REQUESTS_RIDE,SETS_OFF_FOR_DEST,STARTS_DAY,IS_REJECTED_BY_VEHICLE,REJECTS_OFFER,ARRIVES_AT_DEST,PREFERS_OTHER_SERVICE,LOSES_PATIENCE,TRAVEL,WAIT,OPERATIONS,nP
sum,6000.0,117268.0,6920.0,12000.0,138498.0,709871.0,2035284.0,4000.0,0.0,0.0,0.0,0.0,0.0,0.0,117268.0,848369.0,22000.0,400
mean,15.0,293.17,17.3,30.0,346.245,1774.6775,5088.21,10.0,0.0,0.0,0.0,0.0,0.0,0.0,293.17,2120.9225,55.0,400
std,0.0,172.34861825828153,4.445154496329748,0.0,1392.7932015308581,3577.5526230119667,4725.571638879834,0.0,0.0,0.0,0.0,0.0,0.0,0.0,172.34861825828153,3915.9596411699567,0.0,400
