,nRIDES,nREJECTED,OUT,STARTS_DAY,OPENS_APP,RECEIVES_REQUEST,ACCEPTS_REQUEST,REJECTS_REQUEST,IS_ACCEPTED_BY_TRAVELLER,IS_REJECTED_BY_TRAVELLER,ARRIVES_AT_PICKUP,MEETS_TRAVELLER_AT_PICKUP,DEPARTS_FROM_PICKUP,ARRIVES_AT_DROPOFF,CONTINUES_SHIFT,STARTS_REPOSITIONING,REPOSITIONED,DECIDES_NOT_TO_DRIVE,ENDS_SHIFT,TRAVEL,WAIT,CRUISE,OPERATIONS,IDLE,PAX_KM,REVENUE,nV
sum,400.0,0.0,0.0,0.0,0.0,238538.0,4380.0,0.0,5464.0,0.0,89502.0,0.0,12000.0,74635.0,0.0,0.0,0.0,0.0,223451.0,74635.0,0.0,89502.0,21844.0,37470.0,1036.588,1036.588,30
mean,13.333333333333334,0.0,0.0,0.0,0.0,7951.266666666666,146.0,0.0,182.13333333333333,0.0,2983.4,0.0,400.0,2487.8333333333335,0.0,0.0,0.0,0.0,7448.366666666667,2487.8333333333335,0.0,2983.4,728.1333333333333,1249.0,34.552933333333335,34.552933333333335,30
std,4.1716062674435985,0.0,0.0,0.0,0.0,2400.1403253995786,43.497919094104276,0.0,55.98320766292233,0.0,3561.853078346177,0.0,125.14818802330795,877.3934391858859,0.0,0.0,0.0,0.0,2246.4114291899873,877.3934391858859,0.0,3561.853078346177,219.75154204210958,5170.550634320194,13.778779261111513,13.778779261111513,30
