,nRIDES,nREJECTED,OUT,STARTS_DAY,OPENS_APP,RECEIVES_REQUEST,ACCEPTS_REQUEST,REJECTS_REQUEST,IS_ACCEPTED_BY_TRAVELLER,IS_REJECTED_BY_TRAVELLER,ARRIVES_AT_PICKUP,MEETS_TRAVELLER_AT_PICKUP,DEPARTS_FROM_PICKUP,ARRIVES_AT_DROPOFF,CONTINUES_SHIFT,STARTS_REPOSITIONING,REPOSITIONED,DECIDES_NOT_TO_DRIVE,ENDS_SHIFT,TRAVEL,WAIT,CRUISE,OPERATIONS,IDLE,PAX_KM,REVENUE,nV
sum,400.0,0.0,0.0,0.0,0.0,236689.0,4380.0,0.0,5435.0,0.0,91380.0,0.0,12000.0,74635.0,0.0,0.0,0.0,0.0,223451.0,74635.0,0.0,91380.0,21815.0,35621.0,1036.5880000000002,1036.5880000000002,30
mean,13.333333333333334,0.0,0.0,0.0,0.0,7889.633333333333,146.0,0.0,181.16666666666666,0.0,3046.0,0.0,400.0,2487.8333333333335,0.0,0.0,0.0,0.0,7448.366666666667,2487.8333333333335,0.0,3046.0,727.1666666666666,1187.3666666666666,34.552933333333335,34.552933333333335,30
std,4.678146798815143,0.0,0.0,0.0,0.0,2394.2163426479024,50.89543032125976,0.0,65.48023304433353,0.0,3489.616192708561,0.0,140.34440396445427,899.9122211344429,0.0,0.0,0.0,0.0,2246.4114291899873,899.9122211344429,0.0,3489.616192708561,251.4319107574185,5162.862654763733,13.986809302988332,13.986809302988332,30
