,nRIDES,nREJECTED,OUT,STARTS_DAY,OPENS_APP,RECEIVES_REQUEST,ACCEPTS_REQUEST,REJECTS_REQUEST,IS_ACCEPTED_BY_TRAVELLER,IS_REJECTED_BY_TRAVELLER,ARRIVES_AT_PICKUP,MEETS_TRAVELLER_AT_PICKUP,DEPARTS_FROM_PICKUP,ARRIVES_AT_DROPOFF,CONTINUES_SHIFT,STARTS_REPOSITIONING,REPOSITIONED,DECIDES_NOT_TO_DRIVE,ENDS_SHIFT,TRAVEL,WAIT,CRUISE,OPERATIONS,IDLE,PAX_KM,REVENUE,nV
sum,400.0,0.0,0.0,0.0,0.0,236630.0,4380.0,0.0,5435.0,0.0,91439.0,0.0,12000.0,74635.0,0.0,0.0,0.0,0.0,223451.0,74635.0,0.0,91439.0,21815.0,35562.0,1036.588,1036.588,30
mean,13.333333333333334,0.0,0.0,0.0,0.0,7887.666666666667,146.0,0.0,181.16666666666666,0.0,3047.9666666666667,0.0,400.0,2487.8333333333335,0.0,0.0,0.0,0.0,7448.366666666667,2487.8333333333335,0.0,3047.9666666666667,727.1666666666666,1185.4,34.552933333333335,34.552933333333335,30
std,4.204540512296227,0.0,0.0,0.0,0.0,2333.742684946271,46.59806122946348,0.0,58.51736160487246,0.0,3483.3375937388014,0.0,126.13621536888685,820.4314291182765,0.0,0.0,0.0,0.0,2246.4114291899878,820.4314291182765,0.0,3483.3375937388014,224.13543986237173,5096.380863264467,13.197538743718619,13.197538743718619,30
