,nRIDES,nREJECTED,OUT,STARTS_DAY,OPENS_APP,RECEIVES_REQUEST,ACCEPTS_REQUEST,REJECTS_REQUEST,IS_ACCEPTED_BY_TRAVELLER,IS_REJECTED_BY_TRAVELLER,ARRIVES_AT_PICKUP,MEETS_TRAVELLER_AT_PICKUP,DEPARTS_FROM_PICKUP,ARRIVES_AT_DROPOFF,CONTINUES_SHIFT,STARTS_REPOSITIONING,REPOSITIONED,DECIDES_NOT_TO_DRIVE,ENDS_SHIFT,TRAVEL,WAIT,CRUISE,OPERATIONS,IDLE,PAX_KM,TTRAV,DIST,DRIVING_TIME,DRIVING_DIST,FARE,COMMISSION,REVENUE,PICKUP_DIST,TRAVEL_DIST,OPERATING_COST,PROFIT,nV
sum,100.0,0.0,0.0,0.0,0.0,361407.0,1305.0,0.0,2722.0,0.0,15970.0,0.0,3000.0,24448.0,0.0,0.0,0.0,0.0,671098.0,24448.0,0.0,15970.0,7027.0,623653.0,277.73199999999997,13907.0,139.07,40418.0,404.17999999999995,208.96050000000002,41.7921,167.16839999999996,159.70000000000002,298.77,14.938500000000003,152.22990000000001,50
mean,2.0,0.0,0.0,0.0,0.0,7228.14,26.1,0.0,54.44,0.0,319.4,0.0,60.0,488.96,0.0,0.0,0.0,0.0,13421.96,488.96,0.0,319.4,140.54,12473.06,5.554639999999999,278.14,2.7813999999999997,808.36,8.083599999999999,4.17921,0.835842,3.3433679999999995,3.1940000000000004,5.9754,0.29877000000000004,3.044598,50
std,1.6659862556700857,0.0,0.0,0.0,0.0,4625.715499029224,20.058333298005532,0.0,71.71205460388235,0.0,1403.461944112283,0.0,49.979587670102575,420.19213098150175,0.0,0.0,0.0,0.0,5045.688023552428,420.19213098150175,0.0,1403.461944112283,132.2022584635268,5833.0834335937025,5.34453840911735,130.7699350705939,1.3076993507059391,1458.666119215408,14.586661192154079,1.9618301744981468,0.3923660348996294,1.5694641395985174,14.034619441122826,14.281634876116037,0.7140817438058017,1.5652023643684192,50
