,ACCEPTS_OFFER,ARRIVES_AT_DROPOFF,ARRIVES_AT_PICKUP,DEPARTS_FROM_PICKUP,MEETS_DRIVER_AT_PICKUP,RECEIVES_OFFER,REQUESTS_RIDE,SETS_OFF_FOR_DEST,STARTS_DAY,IS_REJECTED_BY_VEHICLE,REJECTS_OFFER,ARRIVES_AT_DEST,PREFERS_OTHER_SERVICE,LOSES_PATIENCE,TRAVEL,WAIT,OPERATIONS,nP
sum,3000.0,57255.0,3600.0,6000.0,37846.0,273904.0,1134684.0,2000.0,0.0,0.0,0.0,0.0,0.0,0.0,57255.0,311750.0,11000.0,200
mean,15.0,286.275,18.0,30.0,189.23,1369.52,5673.42,10.0,0.0,0.0,0.0,0.0,0.0,0.0,286.275,1558.75,55.0,200
std,0.0,156.02769814343756,4.010037656936684,0.0,1002.1948010222271,3294.1185398178777,4518.8467626065385,0.0,0.0,0.0,0.0,0.0,0.0,0.0,156.02769814343756,3480.7942672838017,0.0,200
