,ACCEPTS_OFFER,ARRIVES_AT_DROPOFF,ARRIVES_AT_PICKUP,DEPARTS_FROM_PICKUP,MEETS_DRIVER_AT_PICKUP,RECEIVES_OFFER,REQUESTS_RIDE,SETS_OFF_FOR_DEST,STARTS_DAY,IS_REJECTED_BY_VEHICLE,REJECTS_OFFER,ARRIVES_AT_DEST,PREFERS_OTHER_SERVICE,LOSES_PATIENCE,TRAVEL,WAIT,OPERATIONS,nP
sum,3000.0,55351.0,3610.0,5940.0,16955.0,274243.0,1122471.0,1980.0,0.0,0.0,0.0,0.0,0.0,0.0,55351.0,291198.0,10920.0,200
mean,15.0,276.755,18.05,29.7,84.775,1371.215,5612.355,9.9,0.0,0.0,0.0,0.0,0.0,0.0,276.755,1455.99,54.6,200
std,0.0,162.277617373754,3.9719493840616433,2.992452818232348,120.87858593517895,3237.296719335457,4719.314899919055,0.9974842727441161,0.0,0.0,0.0,0.0,0.0,0.0,162.277617373754,3305.736632479451,3.9899370909764644,200
