,nRIDES,nREJECTED,OUT,STARTS_DAY,OPENS_APP,RECEIVES_REQUEST,ACCEPTS_REQUEST,REJECTS_REQUEST,IS_ACCEPTED_BY_TRAVELLER,IS_REJECTED_BY_TRAVELLER,ARRIVES_AT_PICKUP,MEETS_TRAVELLER_AT_PICKUP,DEPARTS_FROM_PICKUP,ARRIVES_AT_DROPOFF,CONTINUES_SHIFT,STARTS_REPOSITIONING,REPOSITIONED,DECIDES_NOT_TO_DRIVE,ENDS_SHIFT,TRAVEL,WAIT,CRUISE,OPERATIONS,IDLE,PAX_KM,REVENUE,nV
sum,200.0,0.0,0.0,0.0,0.0,418483.0,2400.0,0.0,2909.0,0.0,23582.0,0.0,6000.0,41036.0,0.0,0.0,0.0,0.0,585540.0,41036.0,0.0,23582.0,11309.0,509613.0,525.275,525.275,50
mean,4.0,0.0,0.0,0.0,0.0,8369.66,48.0,0.0,58.18,0.0,471.64,0.0,120.0,820.72,0.0,0.0,0.0,0.0,11710.8,820.72,0.0,471.64,226.18,10192.26,10.5055,10.5055,50
std,2.2406267344797315,0.0,0.0,0.0,0.0,3304.2034429261307,24.619554199448693,0.0,30.94411684548355,0.0,1439.2548066160305,0.0,67.21880203439196,508.55730477980353,0.0,0.0,0.0,0.0,3615.5551243402256,508.55730477980353,0.0,1439.2548066160305,119.15565022101066,4510.650918274502,7.322431449780509,7.322431449780509,50
