,nRIDES,nREJECTED,OUT,STARTS_DAY,OPENS_APP,RECEIVES_REQUEST,ACCEPTS_REQUEST,REJECTS_REQUEST,IS_ACCEPTED_BY_TRAVELLER,IS_REJECTED_BY_TRAVELLER,ARRIVES_AT_PICKUP,MEETS_TRAVELLER_AT_PICKUP,DEPARTS_FROM_PICKUP,ARRIVES_AT_DROPOFF,CONTINUES_SHIFT,STARTS_REPOSITIONING,REPOSITIONED,DECIDES_NOT_TO_DRIVE,ENDS_SHIFT,TRAVEL,WAIT,CRUISE,OPERATIONS,IDLE,PAX_KM,REVENUE,nV
sum,198.0,0.0,0.0,0.0,0.0,440113.0,2415.0,0.0,2914.0,0.0,13555.0,0.0,5940.0,41265.0,0.0,0.0,0.0,0.0,564910.0,41265.0,0.0,13555.0,11269.0,498821.0,515.315,515.315,50
mean,3.96,0.0,0.0,0.0,0.0,8802.26,48.3,0.0,58.28,0.0,271.1,0.0,118.8,825.3,0.0,0.0,0.0,0.0,11298.2,825.3,0.0,271.1,225.38,9976.42,10.3063,10.3063,50
std,2.5068070593192973,0.0,0.0,0.0,0.0,3933.93905937257,29.73711348411857,0.0,36.58037836918384,0.0,242.41053472763676,0.0,75.20421177957891,593.3007376585018,0.0,0.0,0.0,0.0,4705.169701335686,593.3007376585018,0.0,242.41053472763676,139.8106430797289,5238.668985378571,7.234508762218223,7.234508762218223,50
