,nRIDES,nREJECTED,OUT,STARTS_DAY,OPENS_APP,RECEIVES_REQUEST,ACCEPTS_REQUEST,REJECTS_REQUEST,IS_ACCEPTED_BY_TRAVELLER,IS_REJECTED_BY_TRAVELLER,ARRIVES_AT_PICKUP,MEETS_TRAVELLER_AT_PICKUP,DEPARTS_FROM_PICKUP,ARRIVES_AT_DROPOFF,CONTINUES_SHIFT,STARTS_REPOSITIONING,REPOSITIONED,DECIDES_NOT_TO_DRIVE,ENDS_SHIFT,TRAVEL,WAIT,CRUISE,OPERATIONS,IDLE,PAX_KM,REVENUE,nV
sum,200.0,0.0,0.0,0.0,0.0,415129.0,2415.0,0.0,2778.0,0.0,14226.0,0.0,6000.0,44576.0,0.0,0.0,0.0,0.0,594826.0,44576.0,0.0,14226.0,11193.0,524831.0,549.562,549.562,50
mean,4.0,0.0,0.0,0.0,0.0,8302.58,48.3,0.0,55.56,0.0,284.52,0.0,120.0,891.52,0.0,0.0,0.0,0.0,11896.52,891.52,0.0,284.52,223.86,10496.62,10.99124,10.99124,50
std,2.2406267344797315,0.0,0.0,0.0,0.0,4044.3701817389037,26.29522343525918,0.0,31.24959428308058,0.0,303.23650364502146,0.0,67.21880203439196,559.8833785271897,0.0,0.0,0.0,0.0,4507.517286869633,559.8833785271897,0.0,303.23650364502146,122.48498616865129,5087.310920680342,7.17397835309058,7.17397835309058,50
