,ACCEPTS_OFFER,ARRIVES_AT_DROPOFF,ARRIVES_AT_PICKUP,DEPARTS_FROM_PICKUP,MEETS_DRIVER_AT_PICKUP,RECEIVES_OFFER,REQUESTS_RIDE,SETS_OFF_FOR_DEST,STARTS_DAY,IS_REJECTED_BY_VEHICLE,REJECTS_OFFER,ARRIVES_AT_DEST,PREFERS_OTHER_SERVICE,LOSES_PATIENCE,TRAVEL,WAIT,OPERATIONS,nP
sum,3000.0,59855.0,3550.0,6000.0,28976.0,302969.0,1111124.0,2000.0,0.0,0.0,0.0,0.0,0.0,0.0,59855.0,331945.0,11000.0,200
mean,15.0,299.275,17.75,30.0,144.88,1514.845,5555.62,10.0,0.0,0.0,0.0,0.0,0.0,0.0,299.275,1659.725,55.0,200
std,0.0,151.9165314825494,4.186302142480963,0.0,147.63436295669152,3524.709938666396,4719.274295373695,0.0,0.0,0.0,0.0,0.0,0.0,0.0,151.9165314825494,3597.5634369374143,0.0,200
