,nRIDES,nREJECTED,OUT,STARTS_DAY,OPENS_APP,RECEIVES_REQUEST,ACCEPTS_REQUEST,REJECTS_REQUEST,IS_ACCEPTED_BY_TRAVELLER,IS_REJECTED_BY_TRAVELLER,ARRIVES_AT_PICKUP,MEETS_TRAVELLER_AT_PICKUP,DEPARTS_FROM_PICKUP,ARRIVES_AT_DROPOFF,CONTINUES_SHIFT,STARTS_REPOSITIONING,REPOSITIONED,DECIDES_NOT_TO_DRIVE,ENDS_SHIFT,TRAVEL,WAIT,CRUISE,OPERATIONS,IDLE,PAX_KM,REVENUE,nV
sum,200.0,0.0,0.0,0.0,0.0,409916.0,2325.0,0.0,2885.0,0.0,15168.0,0.0,6000.0,41049.0,0.0,0.0,0.0,0.0,602607.0,41049.0,0.0,15168.0,11210.0,535180.0,538.015,538.015,50
mean,4.0,0.0,0.0,0.0,0.0,8198.32,46.5,0.0,57.7,0.0,303.36,0.0,120.0,820.98,0.0,0.0,0.0,0.0,12052.14,820.98,0.0,303.36,224.2,10703.6,10.760299999999999,10.760299999999999,50
std,2.8926366759023696,0.0,0.0,0.0,0.0,4270.427624909692,30.643606384446624,0.0,38.31089257373049,0.0,308.6037522752556,0.0,86.7791002770711,569.5854736883085,0.0,0.0,0.0,0.0,4682.411641015596,569.5854736883085,0.0,308.6037522752556,153.05967890376107,5247.382850098725,8.603253846359408,8.603253846359408,50
