,nRIDES,nREJECTED,OUT,STARTS_DAY,OPENS_APP,RECEIVES_REQUEST,ACCEPTS_REQUEST,REJECTS_REQUEST,IS_ACCEPTED_BY_TRAVELLER,IS_REJECTED_BY_TRAVELLER,ARRIVES_AT_PICKUP,MEETS_TRAVELLER_AT_PICKUP,DEPARTS_FROM_PICKUP,ARRIVES_AT_DROPOFF,CONTINUES_SHIFT,STARTS_REPOSITIONING,REPOSITIONED,DECIDES_NOT_TO_DRIVE,ENDS_SHIFT,TRAVEL,WAIT,CRUISE,OPERATIONS,IDLE,PAX_KM,REVENUE,nV
sum,200.0,0.0,0.0,0.0,0.0,314243.0,2325.0,0.0,2995.0,0.0,20121.0,0.0,6000.0,41049.0,0.0,0.0,0.0,0.0,693217.0,41049.0,0.0,20121.0,11320.0,620727.0,538.0150000000001,538.0150000000001,50
mean,4.0,0.0,0.0,0.0,0.0,6284.86,46.5,0.0,59.9,0.0,402.42,0.0,120.0,820.98,0.0,0.0,0.0,0.0,13864.34,820.98,0.0,402.42,226.4,12414.54,10.760300000000003,10.760300000000003,50
std,3.562846832382836,0.0,0.0,0.0,0.0,4869.019152828653,38.362529549931764,0.0,49.79683212610936,0.0,467.92551692310514,0.0,106.88540497148507,800.9615010238937,0.0,0.0,0.0,0.0,5681.1711375636005,800.9615010238937,0.0,467.92551692310514,192.72768141518605,6696.244891073242,11.22085741976494,11.22085741976494,50
