,nRIDES,nREJECTED,OUT,STARTS_DAY,OPENS_APP,RECEIVES_REQUEST,ACCEPTS_REQUEST,REJECTS_REQUEST,IS_ACCEPTED_BY_TRAVELLER,IS_REJECTED_BY_TRAVELLER,ARRIVES_AT_PICKUP,MEETS_TRAVELLER_AT_PICKUP,DEPARTS_FROM_PICKUP,ARRIVES_AT_DROPOFF,CONTINUES_SHIFT,STARTS_REPOSITIONING,REPOSITIONED,DECIDES_NOT_TO_DRIVE,ENDS_SHIFT,TRAVEL,WAIT,CRUISE,OPERATIONS,IDLE,PAX_KM,REVENUE,nV
sum,200.0,0.0,0.0,0.0,0.0,271936.0,2325.0,0.0,3003.0,0.0,21167.0,0.0,6000.0,41049.0,0.0,0.0,0.0,0.0,734470.0,41049.0,0.0,21167.0,11328.0,660926.0,538.0149999999999,538.0149999999999,50
mean,4.0,0.0,0.0,0.0,0.0,5438.72,46.5,0.0,60.06,0.0,423.34,0.0,120.0,820.98,0.0,0.0,0.0,0.0,14689.4,820.98,0.0,423.34,226.56,13218.52,10.760299999999997,10.760299999999997,50
std,4.342481186734475,0.0,0.0,0.0,0.0,4914.730719220432,49.63386352243059,0.0,64.6615710875494,0.0,551.4406960177039,0.0,130.27443560203426,983.5861185748107,0.0,0.0,0.0,0.0,6030.861393106058,983.5861185748107,0.0,551.4406960177039,243.27813594437842,7387.464001749373,13.1660528032652,13.1660528032652,50
