,ACCEPTS_OFFER,ARRIVES_AT_DROPOFF,ARRIVES_AT_PICKUP,DEPARTS_FROM_PICKUP,LOSES_PATIENCE,MEETS_DRIVER_AT_PICKUP,RECEIVES_OFFER,REQUESTS_RIDE,SETS_OFF_FOR_DEST,STARTS_DAY,IS_REJECTED_BY_VEHICLE,REJECTS_OFFER,ARRIVES_AT_DEST,PREFERS_OTHER_SERVICE,TRAVEL,WAIT,OPERATIONS,nP
sum,148.0,12556.0,860.0,1500.0,19065.0,29207.0,28832.0,115400.0,500.0,0.0,0.0,0.0,0.0,0.0,12556.0,58039.0,2148.0,100
mean,1.48,125.56,8.6,15.0,190.65,292.07,288.32,1154.0,5.0,0.0,0.0,0.0,0.0,0.0,125.56,580.39,21.48,100
std,4.46417841140885,170.44293573930935,9.213516640723503,15.07556722888818,285.8662672077153,1414.614215568644,703.8765370389465,1164.1571538189673,5.02518907629606,0.0,0.0,0.0,0.0,0.0,170.44293573930935,1570.0608937235531,21.9947101078253,100
