,ACCEPTS_OFFER,ARRIVES_AT_DROPOFF,ARRIVES_AT_PICKUP,DEPARTS_FROM_PICKUP,LOSES_PATIENCE,MEETS_DRIVER_AT_PICKUP,RECEIVES_OFFER,REQUESTS_RIDE,SETS_OFF_FOR_DEST,STARTS_DAY,IS_REJECTED_BY_VEHICLE,REJECTS_OFFER,ARRIVES_AT_DEST,PREFERS_OTHER_SERVICE,TRAVEL,WAIT,OPERATIONS,nP
sum,162.0,20784.0,1330.0,2370.0,43665.0,12736.0,58821.0,220148.0,790.0,0.0,0.0,0.0,0.0,0.0,20784.0,71557.0,3322.0,200
mean,0.81,103.92,6.65,11.85,218.325,63.68,294.105,1100.74,3.95,0.0,0.0,0.0,0.0,0.0,103.92,357.785,16.61,200
std,3.369073057434589,178.23797992413725,8.755615570598128,14.702322655189107,295.02417816768354,130.94169019512358,760.6487735865973,1185.847152776758,4.900774218396361,0.0,0.0,0.0,0.0,0.0,178.23797992413725,840.9525460443605,20.857446280085007,200
