,ACCEPTS_OFFER,ARRIVES_AT_DROPOFF,ARRIVES_AT_PICKUP,DEPARTS_FROM_PICKUP,LOSES_PATIENCE,MEETS_DRIVER_AT_PICKUP,RECEIVES_OFFER,REQUESTS_RIDE,SETS_OFF_FOR_DEST,STARTS_DAY,IS_REJECTED_BY_VEHICLE,REJECTS_OFFER,ARRIVES_AT_DEST,PREFERS_OTHER_SERVICE,TRAVEL,WAIT,OPERATIONS,nP
sum,124.0,14513.0,860.0,1530.0,19680.0,28455.0,33473.0,115400.0,510.0,0.0,0.0,0.0,0.0,0.0,14513.0,61928.0,2164.0,100
mean,1.24,145.13,8.6,15.3,196.8,284.55,334.73,1154.0,5.1,0.0,0.0,0.0,0.0,0.0,145.13,619.28,21.64,100
std,4.097597226461275,186.22559659800473,9.103223982122318,15.072551813870746,288.32809594122295,1415.26469933787,747.3517940979428,1164.1571538189673,5.024183937956917,0.0,0.0,0.0,0.0,0.0,186.22559659800473,1589.0825323265797,21.674133911371868,100
