,nRIDES,nREJECTED,OUT,STARTS_DAY,OPENS_APP,RECEIVES_REQUEST,ACCEPTS_REQUEST,REJECTS_REQUEST,IS_ACCEPTED_BY_TRAVELLER,IS_REJECTED_BY_TRAVELLER,ARRIVES_AT_PICKUP,MEETS_TRAVELLER_AT_PICKUP,DEPARTS_FROM_PICKUP,ARRIVES_AT_DROPOFF,CONTINUES_SHIFT,STARTS_REPOSITIONING,REPOSITIONED,DECIDES_NOT_TO_DRIVE,ENDS_SHIFT,TRAVEL,WAIT,CRUISE,OPERATIONS,IDLE,PAX_KM,REVENUE,nV
sum,50.0,0.0,0.0,0.0,0.0,572.0,103.0,0.0,720.0,0.0,16347.0,0.0,1500.0,7598.0,0.0,0.0,0.0,0.0,27155.0,7598.0,0.0,16347.0,2323.0,887.0,110.011,110.011,5
mean,10.0,0.0,0.0,0.0,0.0,114.4,20.6,0.0,144.0,0.0,3269.4,0.0,300.0,1519.6,0.0,0.0,0.0,0.0,5431.0,1519.6,0.0,3269.4,464.6,177.4,22.0022,22.0022,5
std,4.636809247747852,0.0,0.0,0.0,0.0,68.09772389735211,7.6681158050723255,0.0,77.9743547584717,0.0,3870.936424174389,0.0,139.10427743243557,616.8312573143485,0.0,0.0,0.0,0.0,3009.5046934670163,616.8312573143485,0.0,3870.936424174389,217.2160215085434,6082.521294660628,9.079099580905588,9.079099580905588,5
