,nRIDES,nREJECTED,OUT,STARTS_DAY,OPENS_APP,RECEIVES_REQUEST,ACCEPTS_REQUEST,REJECTS_REQUEST,IS_ACCEPTED_BY_TRAVELLER,IS_REJECTED_BY_TRAVELLER,ARRIVES_AT_PICKUP,MEETS_TRAVELLER_AT_PICKUP,DEPARTS_FROM_PICKUP,ARRIVES_AT_DROPOFF,CONTINUES_SHIFT,STARTS_REPOSITIONING,REPOSITIONED,DECIDES_NOT_TO_DRIVE,ENDS_SHIFT,TRAVEL,WAIT,CRUISE,OPERATIONS,IDLE,PAX_KM,REVENUE,nV
sum,51.0,0.0,0.0,0.0,0.0,572.0,85.0,0.0,690.0,0.0,16275.0,0.0,1530.0,8105.0,0.0,0.0,0.0,0.0,26738.0,8105.0,0.0,16275.0,2305.0,53.0,120.621,120.621,5
mean,10.2,0.0,0.0,0.0,0.0,114.4,17.0,0.0,138.0,0.0,3255.0,0.0,306.0,1621.0,0.0,0.0,0.0,0.0,5347.6,1621.0,0.0,3255.0,461.0,10.6,24.1242,24.1242,5
std,4.8166378315169185,0.0,0.0,0.0,0.0,70.3014935829958,2.8284271247461903,0.0,70.25311380999422,0.0,3877.7632728159156,0.0,144.49913494550754,662.3107276799916,0.0,0.0,0.0,0.0,2955.1441250808734,662.3107276799916,0.0,3877.7632728159156,208.60369124250894,5974.229598868795,10.687433751841459,10.687433751841459,5
