,nRIDES,nREJECTED,OUT,STARTS_DAY,OPENS_APP,RECEIVES_REQUEST,ACCEPTS_REQUEST,REJECTS_REQUEST,IS_ACCEPTED_BY_TRAVELLER,IS_REJECTED_BY_TRAVELLER,ARRIVES_AT_PICKUP,MEETS_TRAVELLER_AT_PICKUP,DEPARTS_FROM_PICKUP,ARRIVES_AT_DROPOFF,CONTINUES_SHIFT,STARTS_REPOSITIONING,REPOSITIONED,DECIDES_NOT_TO_DRIVE,ENDS_SHIFT,TRAVEL,WAIT,CRUISE,OPERATIONS,IDLE,PAX_KM,REVENUE,nV
sum,51.0,0.0,0.0,0.0,0.0,562.0,79.0,0.0,670.0,0.0,15573.0,0.0,1530.0,8258.0,0.0,0.0,0.0,0.0,27323.0,8258.0,0.0,15573.0,2279.0,1213.0,124.53,124.53,5
mean,10.2,0.0,0.0,0.0,0.0,112.4,15.8,0.0,134.0,0.0,3114.6,0.0,306.0,1651.6,0.0,0.0,0.0,0.0,5464.6,1651.6,0.0,3114.6,455.8,242.6,24.906,24.906,5
std,4.658325879540847,0.0,0.0,0.0,0.0,72.17548060110164,1.7888543819998317,0.0,63.874877690685246,0.0,3958.168301121113,0.0,139.7497763862254,680.6337487959293,0.0,0.0,0.0,0.0,3023.40557980566,680.6337487959293,0.0,3958.168301121113,203.50233413894787,6108.035715350722,9.936313602136359,9.936313602136359,5
