,ACCEPTS_OFFER,ARRIVES_AT_DROPOFF,ARRIVES_AT_PICKUP,DEPARTS_FROM_PICKUP,MEETS_DRIVER_AT_PICKUP,RECEIVES_OFFER,REQUESTS_RIDE,SETS_OFF_FOR_DEST,STARTS_DAY,IS_REJECTED_BY_VEHICLE,REJECTS_OFFER,ARRIVES_AT_DEST,PREFERS_OTHER_SERVICE,LOSES_PATIENCE,TRAVEL,WAIT,OPERATIONS,nP
sum,3000.0,58037.0,3600.0,6000.0,90497.0,308340.0,1125115.0,2000.0,0.0,0.0,0.0,0.0,0.0,0.0,58037.0,398837.0,11000.0,200
mean,15.0,290.185,18.0,30.0,452.485,1541.7,5625.575,10.0,0.0,0.0,0.0,0.0,0.0,0.0,290.185,1994.185,55.0,200
std,0.0,174.47132138241125,4.010037656936684,0.0,1834.56925229941,3521.7432226999695,4769.64180300996,0.0,0.0,0.0,0.0,0.0,0.0,0.0,174.47132138241125,4145.333118591977,0.0,200
