,nRIDES,nREJECTED,OUT,STARTS_DAY,OPENS_APP,RECEIVES_REQUEST,ACCEPTS_REQUEST,REJECTS_REQUEST,IS_ACCEPTED_BY_TRAVELLER,IS_REJECTED_BY_TRAVELLER,ARRIVES_AT_PICKUP,MEETS_TRAVELLER_AT_PICKUP,DEPARTS_FROM_PICKUP,ARRIVES_AT_DROPOFF,CONTINUES_SHIFT,STARTS_REPOSITIONING,REPOSITIONED,DECIDES_NOT_TO_DRIVE,ENDS_SHIFT,TRAVEL,WAIT,CRUISE,OPERATIONS,IDLE,PAX_KM,REVENUE,nV
sum,200.0,0.0,0.0,0.0,0.0,423989.0,2400.0,0.0,2923.0,0.0,54905.0,0.0,6000.0,42142.0,0.0,0.0,0.0,0.0,547591.0,42142.0,0.0,54905.0,11323.0,439221.0,527.409,527.409,50
mean,4.0,0.0,0.0,0.0,0.0,8479.78,48.0,0.0,58.46,0.0,1098.1,0.0,120.0,842.84,0.0,0.0,0.0,0.0,10951.82,842.84,0.0,1098.1,226.46,8784.42,10.548180000000002,10.548180000000002,50
std,2.0503857277724746,0.0,0.0,0.0,0.0,3636.484337704116,23.47382389307855,0.0,30.647575394328022,0.0,2767.95219560289,0.0,61.511571833174244,520.9264259225957,0.0,0.0,0.0,0.0,4179.936600876494,520.9264259225957,0.0,2767.95219560289,112.53991763469747,6225.153787429099,7.004106811881504,7.004106811881504,50
