,nRIDES,nREJECTED,OUT,STARTS_DAY,OPENS_APP,RECEIVES_REQUEST,ACCEPTS_REQUEST,REJECTS_REQUEST,IS_ACCEPTED_BY_TRAVELLER,IS_REJECTED_BY_TRAVELLER,ARRIVES_AT_PICKUP,MEETS_TRAVELLER_AT_PICKUP,DEPARTS_FROM_PICKUP,ARRIVES_AT_DROPOFF,CONTINUES_SHIFT,STARTS_REPOSITIONING,REPOSITIONED,DECIDES_NOT_TO_DRIVE,ENDS_SHIFT,TRAVEL,WAIT,CRUISE,OPERATIONS,IDLE,PAX_KM,REVENUE,nV
sum,200.0,0.0,0.0,0.0,0.0,345863.0,2400.0,0.0,2997.0,0.0,50153.0,0.0,6000.0,42142.0,0.0,0.0,0.0,0.0,630395.0,42142.0,0.0,50153.0,11397.0,526703.0,527.409,527.409,50
mean,4.0,0.0,0.0,0.0,0.0,6917.26,48.0,0.0,59.94,0.0,1003.06,0.0,120.0,842.84,0.0,0.0,0.0,0.0,12607.9,842.84,0.0,1003.06,227.94,10534.06,10.54818,10.54818,50
std,3.3319725113401715,0.0,0.0,0.0,0.0,4674.657572573239,35.85685828003181,0.0,44.87325006536267,0.0,2450.262563273493,0.0,99.95917534020515,720.7680246141073,0.0,0.0,0.0,0.0,5856.873353555789,720.7680246141073,0.0,2450.262563273493,178.96726527724655,7911.810833797526,9.875889772758374,9.875889772758374,50
