,ACCEPTS_OFFER,ARRIVES_AT_DROPOFF,ARRIVES_AT_PICKUP,DEPARTS_FROM_PICKUP,MEETS_DRIVER_AT_PICKUP,RECEIVES_OFFER,REQUESTS_RIDE,SETS_OFF_FOR_DEST,STARTS_DAY,IS_REJECTED_BY_VEHICLE,REJECTS_OFFER,ARRIVES_AT_DEST,PREFERS_OTHER_SERVICE,LOSES_PATIENCE,TRAVEL,WAIT,OPERATIONS,nP
sum,1500.0,29631.0,1830.0,3000.0,20157.0,127540.0,634778.0,1000.0,0.0,0.0,0.0,0.0,0.0,0.0,29631.0,147697.0,5500.0,100
mean,15.0,296.31,18.3,30.0,201.57,1275.4,6347.78,10.0,0.0,0.0,0.0,0.0,0.0,0.0,296.31,1476.97,55.0,100
std,0.0,166.67361773383587,3.7752516806863716,0.0,994.7907780132474,3271.0916720985865,4700.632299139891,0.0,0.0,0.0,0.0,0.0,0.0,0.0,166.67361773383587,3446.6108853554256,0.0,100
