,ACCEPTS_OFFER,ARRIVES_AT_DROPOFF,ARRIVES_AT_PICKUP,DEPARTS_FROM_PICKUP,MEETS_DRIVER_AT_PICKUP,RECEIVES_OFFER,REQUESTS_RIDE,SETS_OFF_FOR_DEST,STARTS_DAY,IS_REJECTED_BY_VEHICLE,REJECTS_OFFER,ARRIVES_AT_DEST,PREFERS_OTHER_SERVICE,LOSES_PATIENCE,TRAVEL,WAIT,OPERATIONS,nP
sum,1500.0,28270.0,1830.0,3000.0,9753.0,124731.0,546119.0,1000.0,0.0,0.0,0.0,0.0,0.0,0.0,28270.0,134484.0,5500.0,100
mean,15.0,282.7,18.3,30.0,97.53,1247.31,5461.19,10.0,0.0,0.0,0.0,0.0,0.0,0.0,282.7,1344.84,55.0,100
std,0.0,124.87638332011026,3.77525168068637,0.0,100.35225382862535,3317.787959368912,4432.82754848939,0.0,0.0,0.0,0.0,0.0,0.0,0.0,124.87638332011026,3387.363340178292,0.0,100
