,ACCEPTS_OFFER,ARRIVES_AT_DROPOFF,ARRIVES_AT_PICKUP,DEPARTS_FROM_PICKUP,MEETS_DRIVER_AT_PICKUP,RECEIVES_OFFER,REQUESTS_RIDE,SETS_OFF_FOR_DEST,STARTS_DAY,IS_REJECTED_BY_VEHICLE,REJECTS_OFFER,ARRIVES_AT_DEST,PREFERS_OTHER_SERVICE,LOSES_PATIENCE,TRAVEL,WAIT,OPERATIONS,nP
sum,1500.0,29798.0,1840.0,3000.0,10751.0,105585.0,605754.0,1000.0,0.0,0.0,0.0,0.0,0.0,0.0,29798.0,116336.0,5500.0,100
mean,15.0,297.98,18.4,30.0,107.51,1055.85,6057.54,10.0,0.0,0.0,0.0,0.0,0.0,0.0,297.98,1163.36,55.0,100
std,0.0,150.08704410468215,3.6845294917747053,0.0,120.52398185431895,2938.916602330618,4644.11743998401,0.0,0.0,0.0,0.0,0.0,0.0,0.0,150.08704410468215,3018.455941890044,0.0,100
