,nRIDES,nREJECTED,OUT,STARTS_DAY,OPENS_APP,RECEIVES_REQUEST,ACCEPTS_REQUEST,REJECTS_REQUEST,IS_ACCEPTED_BY_TRAVELLER,IS_REJECTED_BY_TRAVELLER,ARRIVES_AT_PICKUP,MEETS_TRAVELLER_AT_PICKUP,DEPARTS_FROM_PICKUP,ARRIVES_AT_DROPOFF,CONTINUES_SHIFT,STARTS_REPOSITIONING,REPOSITIONED,DECIDES_NOT_TO_DRIVE,ENDS_SHIFT,TRAVEL,WAIT,CRUISE,OPERATIONS,IDLE,PAX_KM,REVENUE,nV
sum,100.0,0.0,0.0,0.0,0.0,245743.0,1245.0,0.0,1519.0,0.0,18451.0,0.0,3000.0,22726.0,0.0,0.0,0.0,0.0,355286.0,22726.0,0.0,18451.0,5764.0,308345.0,270.851,270.851,30
mean,3.3333333333333335,0.0,0.0,0.0,0.0,8191.433333333333,41.5,0.0,50.63333333333333,0.0,615.0333333333333,0.0,100.0,757.5333333333333,0.0,0.0,0.0,0.0,11842.866666666667,757.5333333333333,0.0,615.0333333333333,192.13333333333333,10278.166666666666,9.028366666666667,9.028366666666667,30
std,1.7681732894739686,0.0,0.0,0.0,0.0,4079.038643359852,24.50017593181027,0.0,31.044443484533073,0.0,1781.2928370328018,0.0,53.045198684219066,466.68432314709736,0.0,0.0,0.0,0.0,4606.683291385076,466.68432314709736,0.0,1781.2928370328018,105.88859901943574,5658.019454162221,5.391391078142195,5.391391078142195,30
