,nRIDES,nREJECTED,OUT,STARTS_DAY,OPENS_APP,RECEIVES_REQUEST,ACCEPTS_REQUEST,REJECTS_REQUEST,IS_ACCEPTED_BY_TRAVELLER,IS_REJECTED_BY_TRAVELLER,ARRIVES_AT_PICKUP,MEETS_TRAVELLER_AT_PICKUP,DEPARTS_FROM_PICKUP,ARRIVES_AT_DROPOFF,CONTINUES_SHIFT,STARTS_REPOSITIONING,REPOSITIONED,DECIDES_NOT_TO_DRIVE,ENDS_SHIFT,TRAVEL,WAIT,CRUISE,OPERATIONS,IDLE,PAX_KM,REVENUE,nV
sum,100.0,0.0,0.0,0.0,0.0,219651.0,1245.0,0.0,1615.0,0.0,7938.0,0.0,3000.0,22220.0,0.0,0.0,0.0,0.0,392301.0,22220.0,0.0,7938.0,5860.0,356283.0,261.42999999999995,261.42999999999995,30
mean,3.3333333333333335,0.0,0.0,0.0,0.0,7321.7,41.5,0.0,53.833333333333336,0.0,264.6,0.0,100.0,740.6666666666666,0.0,0.0,0.0,0.0,13076.7,740.6666666666666,0.0,264.6,195.33333333333334,11876.1,8.714333333333334,8.714333333333334,30
std,2.3390733994075714,0.0,0.0,0.0,0.0,4379.251393670556,30.176206658158048,0.0,38.66842544553349,0.0,256.4128675021783,0.0,70.17220198222714,530.2837453427293,0.0,0.0,0.0,0.0,4902.166341315953,530.2837453427293,0.0,256.4128675021783,137.77726486123785,5515.41744660772,6.128405436604394,6.128405436604394,30
