,nRIDES,nREJECTED,OUT,STARTS_DAY,OPENS_APP,RECEIVES_REQUEST,ACCEPTS_REQUEST,REJECTS_REQUEST,IS_ACCEPTED_BY_TRAVELLER,IS_REJECTED_BY_TRAVELLER,ARRIVES_AT_PICKUP,MEETS_TRAVELLER_AT_PICKUP,DEPARTS_FROM_PICKUP,ARRIVES_AT_DROPOFF,CONTINUES_SHIFT,STARTS_REPOSITIONING,REPOSITIONED,DECIDES_NOT_TO_DRIVE,ENDS_SHIFT,TRAVEL,WAIT,CRUISE,OPERATIONS,IDLE,PAX_KM,REVENUE,nV
sum,100.0,0.0,0.0,0.0,0.0,273257.0,1260.0,0.0,1563.0,0.0,8704.0,0.0,3000.0,22588.0,0.0,0.0,0.0,0.0,337598.0,22588.0,0.0,8704.0,5823.0,300483.0,278.41100000000006,278.41100000000006,30
mean,3.3333333333333335,0.0,0.0,0.0,0.0,9108.566666666668,42.0,0.0,52.1,0.0,290.1333333333333,0.0,100.0,752.9333333333333,0.0,0.0,0.0,0.0,11253.266666666666,752.9333333333333,0.0,290.1333333333333,194.1,10016.1,9.28036666666667,9.28036666666667,30
std,1.8257418583505534,0.0,0.0,0.0,0.0,3529.3915631093023,22.073544783526383,0.0,29.825180289653655,0.0,224.43949085994487,0.0,54.772255750516614,404.1181061003836,0.0,0.0,0.0,0.0,3744.750927984888,404.1181061003836,0.0,224.43949085994487,104.47647813148478,4054.9066263325794,5.3951157891338095,5.3951157891338095,30
