,ACCEPTS_OFFER,ARRIVES_AT_DROPOFF,ARRIVES_AT_PICKUP,DEPARTS_FROM_PICKUP,MEETS_DRIVER_AT_PICKUP,RECEIVES_OFFER,REQUESTS_RIDE,SETS_OFF_FOR_DEST,STARTS_DAY,IS_REJECTED_BY_VEHICLE,REJECTS_OFFER,ARRIVES_AT_DEST,PREFERS_OTHER_SERVICE,LOSES_PATIENCE,TRAVEL,WAIT,OPERATIONS,nP
sum,6000.0,117344.0,6870.0,11940.0,66421.0,819426.0,2040064.0,3980.0,0.0,0.0,0.0,0.0,0.0,0.0,117344.0,885847.0,21920.0,400
mean,15.0,293.36,17.175,29.85,166.0525,2048.565,5100.16,9.95,0.0,0.0,0.0,0.0,0.0,0.0,293.36,2214.6175,54.8,400
std,0.0,172.48542969957384,4.507790527364442,2.1186603797001737,513.9172863279813,3969.9544217853004,4803.227862505369,0.7062201265667238,0.0,0.0,0.0,0.0,0.0,0.0,172.48542969957384,4066.85965516771,2.8248805062668954,400
