,nRIDES,nREJECTED,OUT,STARTS_DAY,OPENS_APP,RECEIVES_REQUEST,ACCEPTS_REQUEST,REJECTS_REQUEST,IS_ACCEPTED_BY_TRAVELLER,IS_REJECTED_BY_TRAVELLER,ARRIVES_AT_PICKUP,MEETS_TRAVELLER_AT_PICKUP,DEPARTS_FROM_PICKUP,ARRIVES_AT_DROPOFF,CONTINUES_SHIFT,STARTS_REPOSITIONING,REPOSITIONED,DECIDES_NOT_TO_DRIVE,ENDS_SHIFT,TRAVEL,WAIT,CRUISE,OPERATIONS,IDLE,PAX_KM,REVENUE,nV
sum,398.0,0.0,0.0,0.0,0.0,359696.0,4305.0,0.0,5370.0,0.0,43129.0,0.0,11940.0,72615.0,0.0,0.0,0.0,0.0,349434.0,72615.0,0.0,43129.0,21615.0,212075.0,1021.134,1021.134,40
mean,9.95,0.0,0.0,0.0,0.0,8992.4,107.625,0.0,134.25,0.0,1078.225,0.0,298.5,1815.375,0.0,0.0,0.0,0.0,8735.85,1815.375,0.0,1078.225,540.375,5301.875,25.528349999999996,25.528349999999996,40
std,4.534483262902011,0.0,0.0,0.0,0.0,2444.499663556574,44.27460202661775,0.0,58.21170470019379,0.0,1578.7089741304444,0.0,136.03449788706033,915.1171057890308,0.0,0.0,0.0,0.0,3250.945074029854,915.1171057890308,0.0,1578.7089741304444,232.93981697711823,4290.35107754479,15.084982409158302,15.084982409158302,40
