,nRIDES,nREJECTED,OUT,STARTS_DAY,OPENS_APP,RECEIVES_REQUEST,ACCEPTS_REQUEST,REJECTS_REQUEST,IS_ACCEPTED_BY_TRAVELLER,IS_REJECTED_BY_TRAVELLER,ARRIVES_AT_PICKUP,MEETS_TRAVELLER_AT_PICKUP,DEPARTS_FROM_PICKUP,ARRIVES_AT_DROPOFF,CONTINUES_SHIFT,STARTS_REPOSITIONING,REPOSITIONED,DECIDES_NOT_TO_DRIVE,ENDS_SHIFT,TRAVEL,WAIT,CRUISE,OPERATIONS,IDLE,PAX_KM,REVENUE,nV
sum,398.0,0.0,0.0,0.0,0.0,324602.0,4305.0,0.0,5468.0,0.0,46760.0,0.0,11940.0,72615.0,0.0,0.0,0.0,0.0,380799.0,72615.0,0.0,46760.0,21713.0,239711.0,1021.134,1021.134,40
mean,9.95,0.0,0.0,0.0,0.0,8115.05,107.625,0.0,136.7,0.0,1169.0,0.0,298.5,1815.375,0.0,0.0,0.0,0.0,9519.975,1815.375,0.0,1169.0,542.825,5992.775,25.528350000000007,25.528350000000007,40
std,5.661158710786862,0.0,0.0,0.0,0.0,3339.202468500678,53.37323227121366,0.0,69.52114601752291,0.0,1607.1934448692755,0.0,169.83476132360582,1101.947080666646,0.0,0.0,0.0,0.0,4692.18725164365,1101.947080666646,0.0,1607.1934448692755,288.72379556975403,6198.015412262302,18.1533186053454,18.1533186053454,40
