,nRIDES,nREJECTED,OUT,STARTS_DAY,OPENS_APP,RECEIVES_REQUEST,ACCEPTS_REQUEST,REJECTS_REQUEST,IS_ACCEPTED_BY_TRAVELLER,IS_REJECTED_BY_TRAVELLER,ARRIVES_AT_PICKUP,MEETS_TRAVELLER_AT_PICKUP,DEPARTS_FROM_PICKUP,ARRIVES_AT_DROPOFF,CONTINUES_SHIFT,STARTS_REPOSITIONING,REPOSITIONED,DECIDES_NOT_TO_DRIVE,ENDS_SHIFT,TRAVEL,WAIT,CRUISE,OPERATIONS,IDLE,PAX_KM,REVENUE,nV
sum,398.0,0.0,0.0,0.0,0.0,324957.0,4305.0,0.0,5466.0,0.0,46494.0,0.0,11940.0,72615.0,0.0,0.0,0.0,0.0,380712.0,72615.0,0.0,46494.0,21711.0,239892.0,1021.1340000000001,1021.1340000000001,40
mean,9.95,0.0,0.0,0.0,0.0,8123.925,107.625,0.0,136.65,0.0,1162.35,0.0,298.5,1815.375,0.0,0.0,0.0,0.0,9517.8,1815.375,0.0,1162.35,542.775,5997.3,25.528350000000003,25.528350000000003,40
std,5.961199328650019,0.0,0.0,0.0,0.0,3390.150252985922,56.42089424754191,0.0,73.07304038268306,0.0,1625.9263481915746,0.0,178.83597985950055,1167.6306644610459,0.0,0.0,0.0,0.0,4693.189043163699,1167.6306644610459,0.0,1625.9263481915746,303.872990294908,6200.9839880871195,19.091988867061495,19.091988867061495,40
