,ACCEPTS_OFFER,ARRIVES_AT_DROPOFF,ARRIVES_AT_PICKUP,DEPARTS_FROM_PICKUP,MEETS_DRIVER_AT_PICKUP,RECEIVES_OFFER,REQUESTS_RIDE,SETS_OFF_FOR_DEST,STARTS_DAY,IS_REJECTED_BY_VEHICLE,REJECTS_OFFER,ARRIVES_AT_DEST,PREFERS_OTHER_SERVICE,LOSES_PATIENCE,TRAVEL,WAIT,OPERATIONS,nP
sum,1500.0,28318.0,1850.0,3000.0,12862.0,129498.0,646568.0,1000.0,0.0,0.0,0.0,0.0,0.0,0.0,28318.0,142360.0,5500.0,100
mean,15.0,283.18,18.5,30.0,128.62,1294.98,6465.68,10.0,0.0,0.0,0.0,0.0,0.0,0.0,283.18,1423.6,55.0,100
std,0.0,161.41892170011636,3.588702812826367,0.0,148.87482234169994,3395.738282677928,4719.132478656551,0.0,0.0,0.0,0.0,0.0,0.0,0.0,161.41892170011636,3475.735745090091,0.0,100
