,nRIDES,nREJECTED,OUT,STARTS_DAY,OPENS_APP,RECEIVES_REQUEST,ACCEPTS_REQUEST,REJECTS_REQUEST,IS_ACCEPTED_BY_TRAVELLER,IS_REJECTED_BY_TRAVELLER,ARRIVES_AT_PICKUP,MEETS_TRAVELLER_AT_PICKUP,DEPARTS_FROM_PICKUP,ARRIVES_AT_DROPOFF,CONTINUES_SHIFT,STARTS_REPOSITIONING,REPOSITIONED,DECIDES_NOT_TO_DRIVE,ENDS_SHIFT,TRAVEL,WAIT,CRUISE,OPERATIONS,IDLE,PAX_KM,REVENUE,nV
sum,100.0,0.0,0.0,0.0,0.0,359442.0,1275.0,0.0,1550.0,0.0,7183.0,0.0,3000.0,21731.0,0.0,0.0,0.0,0.0,685769.0,21731.0,0.0,7183.0,5825.0,651030.0,264.007,264.007,50
mean,2.0,0.0,0.0,0.0,0.0,7188.84,25.5,0.0,31.0,0.0,143.66,0.0,60.0,434.62,0.0,0.0,0.0,0.0,13715.38,434.62,0.0,143.66,116.5,13020.6,5.28014,5.28014,50
std,1.4142135623730951,0.0,0.0,0.0,0.0,4902.266436942765,18.245771106349718,0.0,22.633729570835524,0.0,158.00795769162247,0.0,42.42640687119285,327.7828356502805,0.0,0.0,0.0,0.0,5214.312363493543,327.7828356502805,0.0,158.00795769162247,81.21582483778413,5556.266882851235,4.27541939706695,4.27541939706695,50
