,nRIDES,nREJECTED,OUT,STARTS_DAY,OPENS_APP,RECEIVES_REQUEST,ACCEPTS_REQUEST,REJECTS_REQUEST,IS_ACCEPTED_BY_TRAVELLER,IS_REJECTED_BY_TRAVELLER,ARRIVES_AT_PICKUP,MEETS_TRAVELLER_AT_PICKUP,DEPARTS_FROM_PICKUP,ARRIVES_AT_DROPOFF,CONTINUES_SHIFT,STARTS_REPOSITIONING,REPOSITIONED,DECIDES_NOT_TO_DRIVE,ENDS_SHIFT,TRAVEL,WAIT,CRUISE,OPERATIONS,IDLE,PAX_KM,REVENUE,nV
sum,100.0,0.0,0.0,0.0,0.0,298440.0,1275.0,0.0,1615.0,0.0,10511.0,0.0,3000.0,21731.0,0.0,0.0,0.0,0.0,743378.0,21731.0,0.0,10511.0,5890.0,705246.0,264.007,264.007,50
mean,2.0,0.0,0.0,0.0,0.0,5968.8,25.5,0.0,32.3,0.0,210.22,0.0,60.0,434.62,0.0,0.0,0.0,0.0,14867.56,434.62,0.0,210.22,117.8,14104.92,5.28014,5.28014,50
std,2.3123448651769496,0.0,0.0,0.0,0.0,5202.096896680126,27.316175965675633,0.0,35.21088073946717,0.0,318.1605479717973,0.0,69.37034595530848,549.9493813441526,0.0,0.0,0.0,0.0,5807.422492511681,549.9493813441526,0.0,318.1605479717973,130.95941106670713,6502.520769733561,7.381723611040712,7.381723611040712,50
