,nRIDES,nREJECTED,OUT,STARTS_DAY,OPENS_APP,RECEIVES_REQUEST,ACCEPTS_REQUEST,REJECTS_REQUEST,IS_ACCEPTED_BY_TRAVELLER,IS_REJECTED_BY_TRAVELLER,ARRIVES_AT_PICKUP,MEETS_TRAVELLER_AT_PICKUP,DEPARTS_FROM_PICKUP,ARRIVES_AT_DROPOFF,CONTINUES_SHIFT,STARTS_REPOSITIONING,REPOSITIONED,DECIDES_NOT_TO_DRIVE,ENDS_SHIFT,TRAVEL,WAIT,CRUISE,OPERATIONS,IDLE,PAX_KM,REVENUE,nV
sum,100.0,0.0,0.0,0.0,0.0,252347.0,1275.0,0.0,1641.0,0.0,11893.0,0.0,3000.0,21731.0,0.0,0.0,0.0,0.0,788063.0,21731.0,0.0,11893.0,5916.0,748523.0,264.007,264.007,50
mean,2.0,0.0,0.0,0.0,0.0,5046.94,25.5,0.0,32.82,0.0,237.86,0.0,60.0,434.62,0.0,0.0,0.0,0.0,15761.26,434.62,0.0,237.86,118.32,14970.46,5.280140000000001,5.280140000000001,50
std,2.5394841192330255,0.0,0.0,0.0,0.0,5363.454013554158,31.23724229381411,0.0,40.15413669695256,0.0,355.5207740995263,0.0,76.18452357699076,575.3875318745919,0.0,0.0,0.0,0.0,6131.031876429606,575.3875318745919,0.0,355.5207740995263,146.8601222599385,6973.845890064344,7.410615695068801,7.410615695068801,50
