,ACCEPTS_OFFER,ARRIVES_AT_DROPOFF,ARRIVES_AT_PICKUP,DEPARTS_FROM_PICKUP,MEETS_DRIVER_AT_PICKUP,RECEIVES_OFFER,REQUESTS_RIDE,SETS_OFF_FOR_DEST,STARTS_DAY,IS_REJECTED_BY_VEHICLE,REJECTS_OFFER,ARRIVES_AT_DEST,PREFERS_OTHER_SERVICE,LOSES_PATIENCE,TRAVEL,WAIT,OPERATIONS,nP
sum,3000.0,56203.0,3590.0,5970.0,33541.0,300437.0,1157121.0,1990.0,0.0,0.0,0.0,0.0,0.0,0.0,56203.0,333978.0,10960.0,200
mean,15.0,281.015,17.95,29.85,167.705,1502.185,5785.605,9.95,0.0,0.0,0.0,0.0,0.0,0.0,281.015,1669.89,54.8,200
std,0.0,163.4753981613751,4.047146770865198,2.1213203435596433,707.7486195801359,3418.6462042928097,4607.711115902674,0.7071067811865474,0.0,0.0,0.0,0.0,0.0,0.0,163.4753981613751,3552.800457859523,2.8284271247461894,200
