,ACCEPTS_OFFER,ARRIVES_AT_DROPOFF,ARRIVES_AT_PICKUP,DEPARTS_FROM_PICKUP,MEETS_DRIVER_AT_PICKUP,RECEIVES_OFFER,REQUESTS_RIDE,SETS_OFF_FOR_DEST,STARTS_DAY,IS_REJECTED_BY_VEHICLE,REJECTS_OFFER,ARRIVES_AT_DEST,PREFERS_OTHER_SERVICE,LOSES_PATIENCE,TRAVEL,WAIT,OPERATIONS,nP
sum,3000.0,57064.0,3540.0,6000.0,37932.0,336468.0,1111256.0,2000.0,0.0,0.0,0.0,0.0,0.0,0.0,57064.0,374400.0,11000.0,200
mean,15.0,285.32,17.7,30.0,189.66,1682.34,5556.28,10.0,0.0,0.0,0.0,0.0,0.0,0.0,285.32,1872.0,55.0,200
std,0.0,168.00041158121397,4.218885513364204,0.0,713.000351970143,3728.628112645729,4817.898551637355,0.0,0.0,0.0,0.0,0.0,0.0,0.0,168.00041158121397,3865.1155573096107,0.0,200
