,ACCEPTS_OFFER,ARRIVES_AT_DROPOFF,ARRIVES_AT_PICKUP,DEPARTS_FROM_PICKUP,MEETS_DRIVER_AT_PICKUP,RECEIVES_OFFER,REQUESTS_RIDE,SETS_OFF_FOR_DEST,STARTS_DAY,IS_REJECTED_BY_VEHICLE,REJECTS_OFFER,ARRIVES_AT_DEST,PREFERS_OTHER_SERVICE,LOSES_PATIENCE,TRAVEL,WAIT,OPERATIONS,nP
sum,3000.0,57635.0,3590.0,6000.0,25139.0,291077.0,1194408.0,2000.0,0.0,0.0,0.0,0.0,0.0,0.0,57635.0,316216.0,11000.0,200
mean,15.0,288.175,17.95,30.0,125.695,1455.385,5972.04,10.0,0.0,0.0,0.0,0.0,0.0,0.0,288.175,1581.08,55.0,200
std,0.0,165.80191721982249,4.047146770865197,0.0,140.1988249866531,3420.8752570646275,4833.209689004755,0.0,0.0,0.0,0.0,0.0,0.0,0.0,165.80191721982249,3513.0238722838444,0.0,200
