,nRIDES,nREJECTED,OUT,STARTS_DAY,OPENS_APP,RECEIVES_REQUEST,ACCEPTS_REQUEST,REJECTS_REQUEST,IS_ACCEPTED_BY_TRAVELLER,IS_REJECTED_BY_TRAVELLER,ARRIVES_AT_PICKUP,MEETS_TRAVELLER_AT_PICKUP,DEPARTS_FROM_PICKUP,ARRIVES_AT_DROPOFF,CONTINUES_SHIFT,STARTS_REPOSITIONING,REPOSITIONED,DECIDES_NOT_TO_DRIVE,ENDS_SHIFT,TRAVEL,WAIT,CRUISE,OPERATIONS,IDLE,PAX_KM,REVENUE,nV
sum,199.0,0.0,0.0,0.0,0.0,266277.0,2385.0,0.0,3066.0,0.0,28167.0,0.0,5970.0,40021.0,0.0,0.0,0.0,0.0,293145.0,40021.0,0.0,28167.0,11421.0,213536.0,513.2099999999999,513.2099999999999,30
mean,6.633333333333334,0.0,0.0,0.0,0.0,8875.9,79.5,0.0,102.2,0.0,938.9,0.0,199.0,1334.0333333333333,0.0,0.0,0.0,0.0,9771.5,1334.0333333333333,0.0,938.9,380.7,7117.866666666667,17.107000000000003,17.107000000000003,30
std,3.3782604514988064,0.0,0.0,0.0,0.0,3340.704059078689,40.58515950952753,0.0,50.92008613910419,0.0,1838.5562242300812,0.0,101.3478135449642,764.9010521238874,0.0,0.0,0.0,0.0,4608.777448409232,764.9010521238874,0.0,1838.5562242300812,189.9608217320178,6120.458483690149,9.837523892973655,9.837523892973655,30
