,nRIDES,nREJECTED,OUT,STARTS_DAY,OPENS_APP,RECEIVES_REQUEST,ACCEPTS_REQUEST,REJECTS_REQUEST,IS_ACCEPTED_BY_TRAVELLER,IS_REJECTED_BY_TRAVELLER,ARRIVES_AT_PICKUP,MEETS_TRAVELLER_AT_PICKUP,DEPARTS_FROM_PICKUP,ARRIVES_AT_DROPOFF,CONTINUES_SHIFT,STARTS_REPOSITIONING,REPOSITIONED,DECIDES_NOT_TO_DRIVE,ENDS_SHIFT,TRAVEL,WAIT,CRUISE,OPERATIONS,IDLE,PAX_KM,REVENUE,nV
sum,200.0,0.0,0.0,0.0,0.0,268980.0,2310.0,0.0,2880.0,0.0,30601.0,0.0,6000.0,38399.0,0.0,0.0,0.0,0.0,298800.0,38399.0,0.0,30601.0,11190.0,218610.0,511.56499999999994,511.56499999999994,30
mean,6.666666666666667,0.0,0.0,0.0,0.0,8966.0,77.0,0.0,96.0,0.0,1020.0333333333333,0.0,200.0,1279.9666666666667,0.0,0.0,0.0,0.0,9960.0,1279.9666666666667,0.0,1020.0333333333333,373.0,7287.0,17.05216666666667,17.05216666666667,30
std,3.623042475821832,0.0,0.0,0.0,0.0,3250.0890067387595,40.88672324766359,0.0,50.515275941523626,0.0,1879.9020422633057,0.0,108.69127427465499,847.1215962602859,0.0,0.0,0.0,0.0,4036.159492422947,847.1215962602859,0.0,1879.9020422633057,197.38654532632683,5645.585904660078,11.563720377597528,11.563720377597528,30
