,nRIDES,nREJECTED,OUT,STARTS_DAY,OPENS_APP,RECEIVES_REQUEST,ACCEPTS_REQUEST,REJECTS_REQUEST,IS_ACCEPTED_BY_TRAVELLER,IS_REJECTED_BY_TRAVELLER,ARRIVES_AT_PICKUP,MEETS_TRAVELLER_AT_PICKUP,DEPARTS_FROM_PICKUP,ARRIVES_AT_DROPOFF,CONTINUES_SHIFT,STARTS_REPOSITIONING,REPOSITIONED,DECIDES_NOT_TO_DRIVE,ENDS_SHIFT,TRAVEL,WAIT,CRUISE,OPERATIONS,IDLE,PAX_KM,TTRAV,DIST,DRIVING_TIME,DRIVING_DIST,FARE,COMMISSION,REVENUE,PICKUP_DIST,TRAVEL_DIST,OPERATING_COST,PROFIT,nV
sum,119.0,0.0,0.0,0.0,0.0,250627.0,1785.0,0.0,2204.0,0.0,8278.0,0.0,3570.0,28360.0,0.0,0.0,0.0,0.0,353146.0,28360.0,0.0,8278.0,7559.0,308949.0,284.10099999999994,6993.0,69.92999999999999,36638.0,366.37999999999994,105.102,21.020400000000002,84.08160000000001,82.77999999999999,152.71,7.6354999999999995,76.4461,30
mean,3.966666666666667,0.0,0.0,0.0,0.0,8354.233333333334,59.5,0.0,73.46666666666667,0.0,275.93333333333334,0.0,119.0,945.3333333333334,0.0,0.0,0.0,0.0,11771.533333333333,945.3333333333334,0.0,275.93333333333334,251.96666666666667,10298.3,9.470033333333332,233.1,2.331,1221.2666666666667,12.212666666666665,3.5034,0.7006800000000001,2.8027200000000003,2.7593333333333327,5.090333333333334,0.25451666666666667,2.5482033333333334,30
std,2.3705569450838038,0.0,0.0,0.0,0.0,4195.862096969062,35.55835417625706,0.0,45.08974448221308,0.0,193.29108535615632,0.0,71.11670835251412,564.108899570564,0.0,0.0,0.0,0.0,4738.2797601088805,564.108899570564,0.0,193.29108535615632,151.19854116549772,5364.646269471243,5.649875613420744,113.2700008980678,1.1327000089806778,723.035217978199,7.230352179781989,1.6991820517024026,0.3398364103404805,1.3593456413619218,1.9329108535615636,1.9716848795808666,0.09858424397904333,1.3309193772010368,30
