,nRIDES,nREJECTED,OUT,STARTS_DAY,OPENS_APP,RECEIVES_REQUEST,ACCEPTS_REQUEST,REJECTS_REQUEST,IS_ACCEPTED_BY_TRAVELLER,IS_REJECTED_BY_TRAVELLER,ARRIVES_AT_PICKUP,MEETS_TRAVELLER_AT_PICKUP,DEPARTS_FROM_PICKUP,ARRIVES_AT_DROPOFF,CONTINUES_SHIFT,STARTS_REPOSITIONING,REPOSITIONED,DECIDES_NOT_TO_DRIVE,ENDS_SHIFT,TRAVEL,WAIT,CRUISE,OPERATIONS,IDLE,PAX_KM,REVENUE,nV
sum,200.0,0.0,0.0,0.0,0.0,272008.0,2385.0,0.0,3033.0,0.0,18470.0,0.0,6000.0,41859.0,0.0,0.0,0.0,0.0,304215.0,41859.0,0.0,18470.0,11418.0,232468.0,525.366,525.366,30
mean,6.666666666666667,0.0,0.0,0.0,0.0,9066.933333333332,79.5,0.0,101.1,0.0,615.6666666666666,0.0,200.0,1395.3,0.0,0.0,0.0,0.0,10140.5,1395.3,0.0,615.6666666666666,380.6,7748.933333333333,17.5122,17.5122,30
std,3.2412570287523916,0.0,0.0,0.0,0.0,3431.153057755822,38.4248034118768,0.0,49.98437686952277,0.0,463.0127974200202,0.0,97.23771086257175,840.5136422204107,0.0,0.0,0.0,0.0,3901.4094955187848,840.5136422204107,0.0,463.0127974200202,181.81415293341865,4767.3883324776125,11.60044899071613,11.60044899071613,30
