,ACCEPTS_OFFER,ARRIVES_AT_DROPOFF,ARRIVES_AT_PICKUP,DEPARTS_FROM_PICKUP,LOSES_PATIENCE,MEETS_DRIVER_AT_PICKUP,RECEIVES_OFFER,REQUESTS_RIDE,SETS_OFF_FOR_DEST,STARTS_DAY,IS_REJECTED_BY_VEHICLE,REJECTS_OFFER,ARRIVES_AT_DEST,PREFERS_OTHER_SERVICE,TRAVEL,WAIT,OPERATIONS,nP
sum,508.0,28971.0,1530.0,2730.0,3690.0,21568.0,52500.0,107898.0,910.0,0.0,0.0,0.0,0.0,0.0,28971.0,74068.0,4148.0,100
mean,5.08,289.71,15.3,27.3,36.9,215.68,525.0,1078.98,9.1,0.0,0.0,0.0,0.0,0.0,289.71,740.68,41.48,100
std,7.099124999433081,200.2838034370027,6.5835730681321065,8.62870473793984,146.79020279420436,175.8914311601209,952.2760401089888,1109.7432042567052,2.8762349126466096,0.0,0.0,0.0,0.0,0.0,200.2838034370027,1018.8036148623373,14.822505411254419,100
