,ACCEPTS_OFFER,ARRIVES_AT_DROPOFF,ARRIVES_AT_PICKUP,DEPARTS_FROM_PICKUP,LOSES_PATIENCE,MEETS_DRIVER_AT_PICKUP,RECEIVES_OFFER,REQUESTS_RIDE,SETS_OFF_FOR_DEST,STARTS_DAY,IS_REJECTED_BY_VEHICLE,REJECTS_OFFER,ARRIVES_AT_DEST,PREFERS_OTHER_SERVICE,TRAVEL,WAIT,OPERATIONS,nP
sum,653.0,29169.0,1550.0,2760.0,3075.0,20691.0,52585.0,107898.0,920.0,0.0,0.0,0.0,0.0,0.0,29169.0,73276.0,4333.0,100
mean,6.53,291.69,15.5,27.6,30.75,206.91,525.85,1078.98,9.2,0.0,0.0,0.0,0.0,0.0,291.69,732.76,43.33,100
std,7.360082070249489,198.29621221238136,6.415731927193979,8.179797730328731,134.71139183791803,172.23586687558384,951.4129245655132,1109.7432042567052,2.7265992434429056,0.0,0.0,0.0,0.0,0.0,198.29621221238136,1021.5953667344685,14.67427832789213,100
