,ACCEPTS_OFFER,ARRIVES_AT_DROPOFF,ARRIVES_AT_PICKUP,DEPARTS_FROM_PICKUP,LOSES_PATIENCE,MEETS_DRIVER_AT_PICKUP,RECEIVES_OFFER,REQUESTS_RIDE,SETS_OFF_FOR_DEST,STARTS_DAY,IS_REJECTED_BY_VEHICLE,REJECTS_OFFER,ARRIVES_AT_DEST,PREFERS_OTHER_SERVICE,TRAVEL,WAIT,OPERATIONS,nP
sum,614.0,26456.0,1530.0,2700.0,3075.0,20928.0,56105.0,127869.0,900.0,0.0,0.0,0.0,0.0,0.0,26456.0,77033.0,4214.0,100
mean,6.14,264.56,15.3,27.0,30.75,209.28,561.05,1278.69,9.0,0.0,0.0,0.0,0.0,0.0,264.56,770.33,42.14,100
std,7.342996388368712,175.61898151016214,6.73525325163326,9.045340337332908,134.71139183791803,201.0417856963064,963.1801637169328,1213.4581745215328,3.0151134457776365,0.0,0.0,0.0,0.0,0.0,175.61898151016214,1076.533166083037,15.77942657482531,100
