,nRIDES,nREJECTED,OUT,STARTS_DAY,OPENS_APP,RECEIVES_REQUEST,ACCEPTS_REQUEST,REJECTS_REQUEST,IS_ACCEPTED_BY_TRAVELLER,IS_REJECTED_BY_TRAVELLER,ARRIVES_AT_PICKUP,MEETS_TRAVELLER_AT_PICKUP,DEPARTS_FROM_PICKUP,ARRIVES_AT_DROPOFF,CONTINUES_SHIFT,STARTS_REPOSITIONING,REPOSITIONED,DECIDES_NOT_TO_DRIVE,ENDS_SHIFT,TRAVEL,WAIT,CRUISE,OPERATIONS,IDLE,PAX_KM,REVENUE,nV
sum,91.0,0.0,0.0,0.0,0.0,3134.0,298.0,0.0,1212.0,0.0,14241.0,0.0,2730.0,16874.0,0.0,0.0,0.0,0.0,69501.0,16874.0,0.0,14241.0,4240.0,34146.0,245.444,245.444,10
mean,9.1,0.0,0.0,0.0,0.0,313.4,29.8,0.0,121.2,0.0,1424.1,0.0,273.0,1687.4,0.0,0.0,0.0,0.0,6950.1,1687.4,0.0,1424.1,424.0,3414.6,24.5444,24.5444,10
std,1.3703203194062976,0.0,0.0,0.0,0.0,165.4060324037656,11.877148928369412,0.0,25.248982377733782,0.0,210.24506864344974,0.0,41.10960958218893,459.1335317747986,0.0,0.0,0.0,0.0,354.54523297066373,459.1335317747986,0.0,210.24506864344974,45.682479014266384,735.8975170195614,7.546234163107082,7.546234163107082,10
