,nRIDES,nREJECTED,OUT,STARTS_DAY,OPENS_APP,RECEIVES_REQUEST,ACCEPTS_REQUEST,REJECTS_REQUEST,IS_ACCEPTED_BY_TRAVELLER,IS_REJECTED_BY_TRAVELLER,ARRIVES_AT_PICKUP,MEETS_TRAVELLER_AT_PICKUP,DEPARTS_FROM_PICKUP,ARRIVES_AT_DROPOFF,CONTINUES_SHIFT,STARTS_REPOSITIONING,REPOSITIONED,DECIDES_NOT_TO_DRIVE,ENDS_SHIFT,TRAVEL,WAIT,CRUISE,OPERATIONS,IDLE,PAX_KM,REVENUE,nV
sum,92.0,0.0,0.0,0.0,0.0,3519.0,383.0,0.0,1244.0,0.0,13221.0,0.0,2760.0,17072.0,0.0,0.0,0.0,0.0,69791.0,17072.0,0.0,13221.0,4387.0,35111.0,247.43199999999996,247.43199999999996,10
mean,9.2,0.0,0.0,0.0,0.0,351.9,38.3,0.0,124.4,0.0,1322.1,0.0,276.0,1707.2,0.0,0.0,0.0,0.0,6979.1,1707.2,0.0,1322.1,438.7,3511.1,24.7432,24.7432,10
std,1.5491933384829668,0.0,0.0,0.0,0.0,188.36869874442164,15.79767915444122,0.0,21.035419864811086,0.0,237.74657375729586,0.0,46.475800154489,363.27455181996993,0.0,0.0,0.0,0.0,304.938773453878,363.27455181996993,0.0,237.74657375729586,65.76904033560675,597.9480560866285,5.986832844761168,5.986832844761168,10
