,veh1,veh2,veh3
sum,34070.0,48153.0,47398.0
mean,3407.0,4815.3,4739.8
std,826.2021544392147,2956.3517701533574,2958.296349064591
