,veh1,veh2,veh3
sum,72140.0,90352.75,89332.0
mean,1882.2800000000002,1807.0549999999998,1786.6399999999999
std,934.3887248353835,1030.9244477425748,963.7078940610689
