,ACCEPTS_OFFER,ARRIVES_AT_DROPOFF,ARRIVES_AT_PICKUP,DEPARTS_FROM_PICKUP,MEETS_DRIVER_AT_PICKUP,RECEIVES_OFFER,REQUESTS_RIDE,SETS_OFF_FOR_DEST,STARTS_DAY,IS_REJECTED_BY_VEHICLE,REJECTS_OFFER,ARRIVES_AT_DEST,PREFERS_OTHER_SERVICE,LOSES_PATIENCE,TRAVEL,WAIT,OPERATIONS,nP
sum,6000.0,118735.0,6870.0,12000.0,73893.0,843882.0,2163188.0,4000.0,0.0,0.0,0.0,0.0,0.0,0.0,118735.0,917775.0,22000.0,400
mean,15.0,296.8375,17.175,30.0,184.7325,2109.705,5407.97,10.0,0.0,0.0,0.0,0.0,0.0,0.0,296.8375,2294.4375,55.0,400
std,0.0,172.4788784243054,4.507790527364442,0.0,517.2047591146827,3992.331174074081,4884.573798406588,0.0,0.0,0.0,0.0,0.0,0.0,0.0,172.4788784243054,4089.4904623556704,0.0,400
