,nRIDES,nREJECTED,OUT,STARTS_DAY,OPENS_APP,RECEIVES_REQUEST,ACCEPTS_REQUEST,REJECTS_REQUEST,IS_ACCEPTED_BY_TRAVELLER,IS_REJECTED_BY_TRAVELLER,ARRIVES_AT_PICKUP,MEETS_TRAVELLER_AT_PICKUP,DEPARTS_FROM_PICKUP,ARRIVES_AT_DROPOFF,CONTINUES_SHIFT,STARTS_REPOSITIONING,REPOSITIONED,DECIDES_NOT_TO_DRIVE,ENDS_SHIFT,TRAVEL,WAIT,CRUISE,OPERATIONS,IDLE,PAX_KM,REVENUE,nV
sum,400.0,0.0,0.0,0.0,0.0,434942.0,4305.0,0.0,5367.0,0.0,45395.0,0.0,12000.0,73892.0,0.0,0.0,0.0,0.0,504049.0,73892.0,0.0,45395.0,21672.0,363090.0,1034.751,1034.751,50
mean,8.0,0.0,0.0,0.0,0.0,8698.84,86.1,0.0,107.34,0.0,907.9,0.0,240.0,1477.84,0.0,0.0,0.0,0.0,10080.98,1477.84,0.0,907.9,433.44,7261.8,20.69502,20.69502,50
std,3.901857223927904,0.0,0.0,0.0,0.0,2963.43573603894,37.70576202380636,0.0,46.48572745631563,0.0,1428.9520814290477,0.0,117.05571671783711,777.2639443481687,0.0,0.0,0.0,0.0,3546.631448606536,777.2639443481687,0.0,1428.9520814290477,197.4191810874123,4837.323538942601,12.023275932226166,12.023275932226166,50
