,nRIDES,nREJECTED,OUT,STARTS_DAY,OPENS_APP,RECEIVES_REQUEST,ACCEPTS_REQUEST,REJECTS_REQUEST,IS_ACCEPTED_BY_TRAVELLER,IS_REJECTED_BY_TRAVELLER,ARRIVES_AT_PICKUP,MEETS_TRAVELLER_AT_PICKUP,DEPARTS_FROM_PICKUP,ARRIVES_AT_DROPOFF,CONTINUES_SHIFT,STARTS_REPOSITIONING,REPOSITIONED,DECIDES_NOT_TO_DRIVE,ENDS_SHIFT,TRAVEL,WAIT,CRUISE,OPERATIONS,IDLE,PAX_KM,REVENUE,nV
sum,400.0,0.0,0.0,0.0,0.0,362284.0,4305.0,0.0,5443.0,0.0,52544.0,0.0,12000.0,73892.0,0.0,0.0,0.0,0.0,569482.0,73892.0,0.0,52544.0,21748.0,421298.0,1034.7510000000002,1034.7510000000002,50
mean,8.0,0.0,0.0,0.0,0.0,7245.68,86.1,0.0,108.86,0.0,1050.88,0.0,240.0,1477.84,0.0,0.0,0.0,0.0,11389.64,1477.84,0.0,1050.88,434.96,8425.96,20.695020000000003,20.695020000000003,50
std,5.660460787473985,0.0,0.0,0.0,0.0,4005.0043259167956,58.35578770939241,0.0,75.76817758593562,0.0,1444.0679592804513,0.0,169.81382362421957,1057.7521093800567,0.0,0.0,0.0,0.0,5285.7922069932165,1057.7521093800567,0.0,1444.0679592804513,301.77028430545624,7035.2301065017455,15.456960733664324,15.456960733664324,50
