,nRIDES,nREJECTED,OUT,STARTS_DAY,OPENS_APP,RECEIVES_REQUEST,ACCEPTS_REQUEST,REJECTS_REQUEST,IS_ACCEPTED_BY_TRAVELLER,IS_REJECTED_BY_TRAVELLER,ARRIVES_AT_PICKUP,MEETS_TRAVELLER_AT_PICKUP,DEPARTS_FROM_PICKUP,ARRIVES_AT_DROPOFF,CONTINUES_SHIFT,STARTS_REPOSITIONING,REPOSITIONED,DECIDES_NOT_TO_DRIVE,ENDS_SHIFT,TRAVEL,WAIT,CRUISE,OPERATIONS,IDLE,PAX_KM,REVENUE,nV
sum,400.0,0.0,0.0,0.0,0.0,328427.0,4305.0,0.0,5504.0,0.0,54440.0,0.0,12000.0,73892.0,0.0,0.0,0.0,0.0,601382.0,73892.0,0.0,54440.0,21809.0,451241.0,1034.751,1034.751,50
mean,8.0,0.0,0.0,0.0,0.0,6568.54,86.1,0.0,110.08,0.0,1088.8,0.0,240.0,1477.84,0.0,0.0,0.0,0.0,12027.64,1477.84,0.0,1088.8,436.18,9024.82,20.69502,20.69502,50
std,6.311634866964149,0.0,0.0,0.0,0.0,4308.409063869476,66.58805739586566,0.0,86.40905092426749,0.0,1545.2657125714593,0.0,189.34904600892446,1189.9328631378787,0.0,0.0,0.0,0.0,5800.797987891539,1189.9328631378787,0.0,1545.2657125714593,340.15948780367296,7873.785534316271,17.10316160710573,17.10316160710573,50
