,ACCEPTS_OFFER,ARRIVES_AT_DROPOFF,ARRIVES_AT_PICKUP,DEPARTS_FROM_PICKUP,MEETS_DRIVER_AT_PICKUP,RECEIVES_OFFER,REQUESTS_RIDE,SETS_OFF_FOR_DEST,STARTS_DAY,IS_REJECTED_BY_VEHICLE,REJECTS_OFFER,ARRIVES_AT_DEST,PREFERS_OTHER_SERVICE,LOSES_PATIENCE,TRAVEL,WAIT,OPERATIONS,nP
sum,6000.0,115051.0,6850.0,12000.0,70799.0,823450.0,2046495.0,4000.0,0.0,0.0,0.0,0.0,0.0,0.0,115051.0,894249.0,22000.0,400
mean,15.0,287.6275,17.125,30.0,176.9975,2058.625,5116.2375,10.0,0.0,0.0,0.0,0.0,0.0,0.0,287.6275,2235.6225,55.0,400
std,0.0,165.3196910363702,4.531634835874828,0.0,513.94335478101,3966.496143767356,4847.449253137998,0.0,0.0,0.0,0.0,0.0,0.0,0.0,165.3196910363702,4069.0079711973935,0.0,400
