,nRIDES,nREJECTED,OUT,STARTS_DAY,OPENS_APP,RECEIVES_REQUEST,ACCEPTS_REQUEST,REJECTS_REQUEST,IS_ACCEPTED_BY_TRAVELLER,IS_REJECTED_BY_TRAVELLER,ARRIVES_AT_PICKUP,MEETS_TRAVELLER_AT_PICKUP,DEPARTS_FROM_PICKUP,ARRIVES_AT_DROPOFF,CONTINUES_SHIFT,STARTS_REPOSITIONING,REPOSITIONED,DECIDES_NOT_TO_DRIVE,ENDS_SHIFT,TRAVEL,WAIT,CRUISE,OPERATIONS,IDLE,PAX_KM,REVENUE,nV
sum,400.0,0.0,0.0,0.0,0.0,242038.0,4275.0,0.0,5438.0,0.0,52704.0,0.0,12000.0,71203.0,0.0,0.0,0.0,0.0,260312.0,71203.0,0.0,52704.0,21713.0,114692.0,1008.962,1008.962,30
mean,13.333333333333334,0.0,0.0,0.0,0.0,8067.933333333333,142.5,0.0,181.26666666666668,0.0,1756.8,0.0,400.0,2373.4333333333334,0.0,0.0,0.0,0.0,8677.066666666668,2373.4333333333334,0.0,1756.8,723.7666666666667,3823.0666666666666,33.63206666666666,33.63206666666666,30
std,5.261003793910458,0.0,0.0,0.0,0.0,2492.202307243512,52.813105740251956,0.0,67.7805451353895,0.0,1809.663874295731,0.0,157.83011381731373,802.0550623171114,0.0,0.0,0.0,0.0,3219.930294098084,802.0550623171114,0.0,1809.663874295731,274.9996468127303,4956.716216465768,12.994430496425641,12.994430496425641,30
