,nRIDES,nREJECTED,OUT,STARTS_DAY,OPENS_APP,RECEIVES_REQUEST,ACCEPTS_REQUEST,REJECTS_REQUEST,IS_ACCEPTED_BY_TRAVELLER,IS_REJECTED_BY_TRAVELLER,ARRIVES_AT_PICKUP,MEETS_TRAVELLER_AT_PICKUP,DEPARTS_FROM_PICKUP,ARRIVES_AT_DROPOFF,CONTINUES_SHIFT,STARTS_REPOSITIONING,REPOSITIONED,DECIDES_NOT_TO_DRIVE,ENDS_SHIFT,TRAVEL,WAIT,CRUISE,OPERATIONS,IDLE,PAX_KM,REVENUE,nV
sum,400.0,0.0,0.0,0.0,0.0,211229.0,4275.0,0.0,5464.0,0.0,56351.0,0.0,12000.0,71203.0,0.0,0.0,0.0,0.0,287448.0,71203.0,0.0,56351.0,21739.0,138155.0,1008.962,1008.962,30
mean,13.333333333333334,0.0,0.0,0.0,0.0,7040.966666666666,142.5,0.0,182.13333333333333,0.0,1878.3666666666666,0.0,400.0,2373.4333333333334,0.0,0.0,0.0,0.0,9581.6,2373.4333333333334,0.0,1878.3666666666666,724.6333333333333,4605.166666666667,33.63206666666667,33.63206666666667,30
std,6.70734714675828,0.0,0.0,0.0,0.0,3430.165608582018,69.99692111455504,0.0,91.12769870497318,0.0,1862.540006204603,0.0,201.2204144027484,1182.1380304298248,0.0,0.0,0.0,0.0,4675.568411692186,1182.1380304298248,0.0,1862.540006204603,359.98998868582856,6819.183180346927,17.235124910631125,17.235124910631125,30
