,nRIDES,nREJECTED,OUT,STARTS_DAY,OPENS_APP,RECEIVES_REQUEST,ACCEPTS_REQUEST,REJECTS_REQUEST,IS_ACCEPTED_BY_TRAVELLER,IS_REJECTED_BY_TRAVELLER,ARRIVES_AT_PICKUP,MEETS_TRAVELLER_AT_PICKUP,DEPARTS_FROM_PICKUP,ARRIVES_AT_DROPOFF,CONTINUES_SHIFT,STARTS_REPOSITIONING,REPOSITIONED,DECIDES_NOT_TO_DRIVE,ENDS_SHIFT,TRAVEL,WAIT,CRUISE,OPERATIONS,IDLE,PAX_KM,TTRAV,DIST,DRIVING_TIME,DRIVING_DIST,FARE,COMMISSION,REVENUE,PICKUP_DIST,TRAVEL_DIST,OPERATING_COST,PROFIT,nV
sum,191.0,0.0,0.0,0.0,0.0,278089.0,2850.0,0.0,3671.0,0.0,21719.0,0.0,5730.0,42710.0,0.0,0.0,0.0,0.0,293201.0,42710.0,0.0,21719.0,12251.0,216521.0,427.937,8525.0,85.25000000000001,64429.0,644.29,128.06099999999998,25.6122,102.4488,217.19,302.43999999999994,15.122000000000002,87.32679999999999,30
mean,6.366666666666666,0.0,0.0,0.0,0.0,9269.633333333333,95.0,0.0,122.36666666666666,0.0,723.9666666666667,0.0,191.0,1423.6666666666667,0.0,0.0,0.0,0.0,9773.366666666667,1423.6666666666667,0.0,723.9666666666667,408.3666666666667,7217.366666666667,14.264566666666667,284.1666666666667,2.8416666666666672,2147.633333333333,21.476333333333333,4.268699999999999,0.85374,3.41496,7.2396666666666665,10.081333333333331,0.5040666666666668,2.910893333333333,30
std,3.2745974570543974,0.0,0.0,0.0,0.0,3287.332410657754,49.41031582923578,0.0,63.731918779088765,0.0,1854.6756289189077,0.0,98.23792371163192,670.5839109382177,0.0,0.0,0.0,0.0,4148.5869923786495,670.5839109382177,0.0,1854.6756289189077,211.0898621086704,5735.141584900113,6.718887185586887,111.60678614064504,1.1160678614064505,2051.8521739341168,20.518521739341168,1.6752368623056222,0.3350473724611244,1.3401894898444975,18.546756289189084,18.614976309104065,0.9307488154552036,1.5606382933635339,30
