,ACCEPTS_OFFER,ARRIVES_AT_DROPOFF,ARRIVES_AT_PICKUP,DEPARTS_FROM_PICKUP,MEETS_DRIVER_AT_PICKUP,RECEIVES_OFFER,REQUESTS_RIDE,SETS_OFF_FOR_DEST,STARTS_DAY,IS_REJECTED_BY_VEHICLE,REJECTS_OFFER,ARRIVES_AT_DEST,PREFERS_OTHER_SERVICE,LOSES_PATIENCE,TRAVEL,WAIT,OPERATIONS,nP
sum,2832.0,58590.0,3580.0,6000.0,45878.0,290900.0,1126740.0,2000.0,0.0,0.0,0.0,0.0,0.0,0.0,58590.0,336778.0,10832.0,200
mean,14.16,292.95,17.9,30.0,229.39,1454.5,5633.7,10.0,0.0,0.0,0.0,0.0,0.0,0.0,292.95,1683.89,54.16,200
std,3.3271231933486445,162.85180703718456,4.0833034217617,0.0,155.04085342630108,3361.1885655024357,4669.49329996221,0.0,0.0,0.0,0.0,0.0,0.0,0.0,162.85180703718456,3430.6356147961183,3.3271231933486787,200
