,ACCEPTS_OFFER,ARRIVES_AT_DROPOFF,ARRIVES_AT_PICKUP,DEPARTS_FROM_PICKUP,MEETS_DRIVER_AT_PICKUP,RECEIVES_OFFER,REQUESTS_RIDE,SETS_OFF_FOR_DEST,STARTS_DAY,IS_REJECTED_BY_VEHICLE,REJECTS_OFFER,ARRIVES_AT_DEST,PREFERS_OTHER_SERVICE,LOSES_PATIENCE,TRAVEL,WAIT,OPERATIONS,nP
sum,2887.0,58590.0,3580.0,6000.0,41544.0,290546.0,1126740.0,2000.0,0.0,0.0,0.0,0.0,0.0,0.0,58590.0,332090.0,10887.0,200
mean,14.435,292.95,17.9,30.0,207.72,1452.73,5633.7,10.0,0.0,0.0,0.0,0.0,0.0,0.0,292.95,1660.45,54.435,200
std,2.795505186228624,162.85180703718456,4.0833034217617,0.0,154.58230833524019,3361.738406340285,4669.49329996221,0.0,0.0,0.0,0.0,0.0,0.0,0.0,162.85180703718456,3436.6136434244186,2.795505186228624,200
