,nRIDES,nREJECTED,OUT,STARTS_DAY,OPENS_APP,RECEIVES_REQUEST,ACCEPTS_REQUEST,REJECTS_REQUEST,IS_ACCEPTED_BY_TRAVELLER,IS_REJECTED_BY_TRAVELLER,ARRIVES_AT_PICKUP,MEETS_TRAVELLER_AT_PICKUP,DEPARTS_FROM_PICKUP,ARRIVES_AT_DROPOFF,CONTINUES_SHIFT,STARTS_REPOSITIONING,REPOSITIONED,DECIDES_NOT_TO_DRIVE,ENDS_SHIFT,TRAVEL,WAIT,CRUISE,OPERATIONS,IDLE,PAX_KM,REVENUE,nV
sum,200.0,0.0,0.0,0.0,0.0,55427.0,2252.0,0.0,3146.0,0.0,35129.0,0.0,6000.0,40996.0,0.0,0.0,0.0,0.0,73040.0,40996.0,0.0,35129.0,11398.0,-14483.0,527.804,527.804,10
mean,20.0,0.0,0.0,0.0,0.0,5542.7,225.2,0.0,314.6,0.0,3512.9,0.0,600.0,4099.6,0.0,0.0,0.0,0.0,7304.0,4099.6,0.0,3512.9,1139.8,-1448.3,52.78040000000001,52.78040000000001,10
std,3.018461712712472,0.0,0.0,0.0,0.0,1209.597182720117,48.84624402710566,0.0,52.05168371703049,0.0,472.35755054360624,0.0,90.55385138137417,658.6737853866324,0.0,0.0,0.0,0.0,418.82056619352716,658.6737853866324,0.0,472.35755054360624,184.7098625773224,1326.0616752876417,7.8926055576652825,7.8926055576652825,10
