,nRIDES,nREJECTED,OUT,STARTS_DAY,OPENS_APP,RECEIVES_REQUEST,ACCEPTS_REQUEST,REJECTS_REQUEST,IS_ACCEPTED_BY_TRAVELLER,IS_REJECTED_BY_TRAVELLER,ARRIVES_AT_PICKUP,MEETS_TRAVELLER_AT_PICKUP,DEPARTS_FROM_PICKUP,ARRIVES_AT_DROPOFF,CONTINUES_SHIFT,STARTS_REPOSITIONING,REPOSITIONED,DECIDES_NOT_TO_DRIVE,ENDS_SHIFT,TRAVEL,WAIT,CRUISE,OPERATIONS,IDLE,PAX_KM,REVENUE,nV
sum,200.0,0.0,0.0,0.0,0.0,58733.0,2287.0,0.0,3117.0,0.0,31817.0,0.0,6000.0,40996.0,0.0,0.0,0.0,0.0,73040.0,40996.0,0.0,31817.0,11404.0,-11177.0,527.804,527.804,10
mean,20.0,0.0,0.0,0.0,0.0,5873.3,228.7,0.0,311.7,0.0,3181.7,0.0,600.0,4099.6,0.0,0.0,0.0,0.0,7304.0,4099.6,0.0,3181.7,1140.4,-1117.7,52.7804,52.7804,10
std,2.6666666666666665,0.0,0.0,0.0,0.0,858.9937330000338,36.074152026685866,0.0,40.28799104227241,0.0,472.69958747602055,0.0,80.0,544.791948056014,0.0,0.0,0.0,0.0,418.82056619352716,544.791948056014,0.0,472.69958747602055,147.18257747135397,1330.4592398449827,8.956818782978202,8.956818782978202,10
