,nRIDES,nREJECTED,OUT,STARTS_DAY,OPENS_APP,RECEIVES_REQUEST,ACCEPTS_REQUEST,REJECTS_REQUEST,IS_ACCEPTED_BY_TRAVELLER,IS_REJECTED_BY_TRAVELLER,ARRIVES_AT_PICKUP,MEETS_TRAVELLER_AT_PICKUP,DEPARTS_FROM_PICKUP,ARRIVES_AT_DROPOFF,CONTINUES_SHIFT,STARTS_REPOSITIONING,REPOSITIONED,DECIDES_NOT_TO_DRIVE,ENDS_SHIFT,TRAVEL,WAIT,CRUISE,OPERATIONS,IDLE,PAX_KM,REVENUE,nV
sum,200.0,0.0,0.0,0.0,0.0,58874.0,2287.0,0.0,3117.0,0.0,31676.0,0.0,6000.0,40996.0,0.0,0.0,0.0,0.0,73040.0,40996.0,0.0,31676.0,11404.0,-11036.0,527.804,527.804,10
mean,20.0,0.0,0.0,0.0,0.0,5887.4,228.7,0.0,311.7,0.0,3167.6,0.0,600.0,4099.6,0.0,0.0,0.0,0.0,7304.0,4099.6,0.0,3167.6,1140.4,-1103.6,52.78040000000001,52.78040000000001,10
std,2.5385910352879693,0.0,0.0,0.0,0.0,680.9108605390282,29.687445906383466,0.0,32.331786904599696,0.0,407.6900238607214,0.0,76.15773105863909,458.45130602933176,0.0,0.0,0.0,0.0,418.82056619352716,458.45130602933176,0.0,407.6900238607214,128.85150798927853,1263.1505760509226,8.411484453478538,8.411484453478538,10
