,ACCEPTS_OFFER,ARRIVES_AT_DROPOFF,ARRIVES_AT_PICKUP,DEPARTS_FROM_PICKUP,LOSES_PATIENCE,MEETS_DRIVER_AT_PICKUP,RECEIVES_OFFER,REQUESTS_RIDE,SETS_OFF_FOR_DEST,STARTS_DAY,IS_REJECTED_BY_VEHICLE,REJECTS_OFFER,ARRIVES_AT_DEST,PREFERS_OTHER_SERVICE,TRAVEL,WAIT,OPERATIONS,nP
sum,150.0,8088.0,675.0,720.0,166050.0,3853.0,9660.0,543621.0,230.0,0.0,0.0,0.0,0.0,0.0,8088.0,13513.0,1100.0,300
mean,0.5,26.96,2.25,2.4,553.5,12.843333333333334,32.2,1812.07,0.7666666666666667,0.0,0.0,0.0,0.0,0.0,26.96,45.04333333333334,3.6666666666666665,300
std,2.6970812912551962,102.95567640663542,6.9893014277651915,8.152394645841092,184.8082708916637,52.15027285404548,126.99845942235747,1022.199778119698,2.6650636207348035,0.0,0.0,0.0,0.0,0.0,102.95567640663542,156.39727773792936,12.659242088545833,300
