,ACCEPTS_OFFER,ARRIVES_AT_DROPOFF,ARRIVES_AT_PICKUP,DEPARTS_FROM_PICKUP,LOSES_PATIENCE,MEETS_DRIVER_AT_PICKUP,RECEIVES_OFFER,REQUESTS_RIDE,SETS_OFF_FOR_DEST,STARTS_DAY,IS_REJECTED_BY_VEHICLE,REJECTS_OFFER,ARRIVES_AT_DEST,PREFERS_OTHER_SERVICE,TRAVEL,WAIT,OPERATIONS,LOST_PATIENCE,nP
sum,521.0,55292.0,3778.0,5038.0,200490.0,58270.0,102000.0,836859.0,1680.0,0.0,0.0,0.0,0.0,0.0,55292.0,160270.0,7239.0,332.0,500
mean,1.042,110.584,7.556,10.076,400.98,116.54,204.0,1673.718,3.36,0.0,0.0,0.0,0.0,0.0,110.584,320.54,14.478,0.664,500
std,3.8059435640620918,190.00068279594646,10.839827846210056,14.151847001260796,293.24003655380375,198.2881660452463,487.5485403099025,1030.1129432385826,4.728119099646379,0.0,0.0,0.0,0.0,0.0,190.00068279594646,631.080239698468,20.626692339629916,0.47281190996463784,500
