,ACCEPTS_OFFER,ARRIVES_AT_DROPOFF,ARRIVES_AT_PICKUP,DEPARTS_FROM_PICKUP,LOSES_PATIENCE,MEETS_DRIVER_AT_PICKUP,RECEIVES_OFFER,REQUESTS_RIDE,SETS_OFF_FOR_DEST,STARTS_DAY,IS_REJECTED_BY_VEHICLE,REJECTS_OFFER,ARRIVES_AT_DEST,PREFERS_OTHER_SERVICE,TRAVEL,WAIT,OPERATIONS,nP
sum,165.0,15220.0,905.0,1152.0,282900.0,7268.0,19529.0,912137.0,390.0,0.0,0.0,0.0,0.0,0.0,15220.0,26797.0,1707.0,500
mean,0.33,30.44,1.81,2.304,565.8,14.536,39.058,1824.274,0.78,0.0,0.0,0.0,0.0,0.0,30.44,53.594,3.414,500
std,2.202453541668113,118.4011150627231,6.352527781791818,7.969102659295384,167.01241358828742,65.73948633909652,201.4559396673489,1033.7125859467367,2.6844016137769136,0.0,0.0,0.0,0.0,0.0,118.4011150627231,238.81767297637688,11.93933412711101,500
