,nRIDES,nREJECTED,OUT,STARTS_DAY,OPENS_APP,RECEIVES_REQUEST,ACCEPTS_REQUEST,REJECTS_REQUEST,IS_ACCEPTED_BY_TRAVELLER,IS_REJECTED_BY_TRAVELLER,ARRIVES_AT_PICKUP,MEETS_TRAVELLER_AT_PICKUP,DEPARTS_FROM_PICKUP,ARRIVES_AT_DROPOFF,CONTINUES_SHIFT,STARTS_REPOSITIONING,REPOSITIONED,DECIDES_NOT_TO_DRIVE,ENDS_SHIFT,TRAVEL,WAIT,CRUISE,OPERATIONS,IDLE,PAX_KM,REVENUE,nV
sum,23.0,0.0,0.0,0.0,0.0,290.0,75.0,0.0,521.0,0.0,2646.0,10800.0,720.0,3973.0,0.0,0.0,0.0,0.0,18630.0,3973.0,10800.0,2646.0,1316.0,-105.0,89.92000000000002,17.8512,5
mean,4.6,0.0,0.0,0.0,0.0,58.0,15.0,0.0,104.2,0.0,529.2,2160.0,144.0,794.6,0.0,0.0,0.0,0.0,3726.0,794.6,2160.0,529.2,263.2,-21.0,17.984,3.5702399999999996,5
std,1.51657508881031,0.0,0.0,0.0,0.0,25.089838580588754,0.0,0.0,56.57031023425627,0.0,86.32322978202333,1971.801207018598,39.11521443121589,260.94884556173076,0.0,0.0,0.0,0.0,5103.536029068473,260.94884556173076,1971.801207018598,86.32322978202333,70.62719023152485,7215.09230710183,8.129844155947886,1.0845050705275656,5
