,nRIDES,nREJECTED,OUT,STARTS_DAY,OPENS_APP,RECEIVES_REQUEST,ACCEPTS_REQUEST,REJECTS_REQUEST,IS_ACCEPTED_BY_TRAVELLER,IS_REJECTED_BY_TRAVELLER,ARRIVES_AT_PICKUP,MEETS_TRAVELLER_AT_PICKUP,DEPARTS_FROM_PICKUP,ARRIVES_AT_DROPOFF,CONTINUES_SHIFT,STARTS_REPOSITIONING,REPOSITIONED,DECIDES_NOT_TO_DRIVE,ENDS_SHIFT,TRAVEL,WAIT,CRUISE,OPERATIONS,IDLE,PAX_KM,REVENUE,nV
sum,165.0,0.0,0.0,0.0,0.0,2313.0,300.0,0.0,3837.0,0.0,29765.0,10800.0,5004.0,24282.0,0.0,0.0,0.0,0.0,131093.0,24282.0,10800.0,29765.0,9141.0,57105.0,414.47400000000005,76.6833,20
mean,8.25,0.0,0.0,0.0,0.0,115.65,15.0,0.0,191.85,0.0,1488.25,540.0,250.2,1214.1,0.0,0.0,0.0,0.0,6554.65,1214.1,540.0,1488.25,457.05,2855.25,20.7237,3.834165,20
std,3.446966629860002,0.0,0.0,0.0,0.0,61.39884706615127,0.0,0.0,125.52931089883684,0.0,691.7832696049126,1318.8511747170837,107.05020956738504,475.9072112126591,0.0,0.0,0.0,0.0,3041.3869806043217,475.9072112126591,1318.8511747170837,691.7832696049126,204.8561690552667,5135.10081769528,8.474906514621795,1.7638204513215059,20
