,nRIDES,nREJECTED,OUT,STARTS_DAY,OPENS_APP,RECEIVES_REQUEST,ACCEPTS_REQUEST,REJECTS_REQUEST,IS_ACCEPTED_BY_TRAVELLER,IS_REJECTED_BY_TRAVELLER,ARRIVES_AT_PICKUP,MEETS_TRAVELLER_AT_PICKUP,DEPARTS_FROM_PICKUP,ARRIVES_AT_DROPOFF,CONTINUES_SHIFT,STARTS_REPOSITIONING,REPOSITIONED,DECIDES_NOT_TO_DRIVE,ENDS_SHIFT,TRAVEL,WAIT,CRUISE,OPERATIONS,IDLE,PAX_KM,REVENUE,nV
sum,39.0,0.0,0.0,0.0,0.0,220.0,75.0,0.0,585.0,0.0,3732.0,3600.0,1152.0,6032.0,0.0,0.0,0.0,0.0,33158.0,6032.0,3600.0,3732.0,1812.0,17982.0,123.275,16.819200000000002,5
mean,7.8,0.0,0.0,0.0,0.0,44.0,15.0,0.0,117.0,0.0,746.4,720.0,230.4,1206.4,0.0,0.0,0.0,0.0,6631.6,1206.4,720.0,746.4,362.4,3596.4,24.655,3.3638400000000006,5
std,4.147288270665544,0.0,0.0,0.0,0.0,12.747548783981962,0.0,0.0,28.61817604250837,0.0,337.40969162132853,1609.9689437998486,121.16435119291482,827.0128777715616,0.0,0.0,0.0,0.0,3905.7077207594525,827.0128777715616,1609.9689437998486,337.40969162132853,144.84750601926152,5545.931057991977,17.526210528805134,2.063181186420621,5
