,ACCEPTS_OFFER,ARRIVES_AT_DROPOFF,ARRIVES_AT_PICKUP,DEPARTS_FROM_PICKUP,MEETS_DRIVER_AT_PICKUP,RECEIVES_OFFER,REQUESTS_RIDE,SETS_OFF_FOR_DEST,STARTS_DAY,IS_REJECTED_BY_VEHICLE,REJECTS_OFFER,ARRIVES_AT_DEST,PREFERS_OTHER_SERVICE,LOSES_PATIENCE,TRAVEL,WAIT,OPERATIONS,nP
sum,3000.0,58839.0,3560.0,5970.0,29457.0,348714.0,1167788.0,1990.0,0.0,0.0,0.0,0.0,0.0,0.0,58839.0,378171.0,10960.0,200
mean,15.0,294.195,17.8,29.85,147.285,1743.57,5838.94,9.95,0.0,0.0,0.0,0.0,0.0,0.0,294.195,1890.855,54.8,200
std,0.0,176.41780859923063,4.152858191147265,2.121320343559643,165.81928097999827,3885.3386425039816,4774.509559532827,0.7071067811865475,0.0,0.0,0.0,0.0,0.0,0.0,176.41780859923063,3987.1138607604794,2.82842712474619,200
