,nRIDES,nREJECTED,OUT,STARTS_DAY,OPENS_APP,RECEIVES_REQUEST,ACCEPTS_REQUEST,REJECTS_REQUEST,IS_ACCEPTED_BY_TRAVELLER,IS_REJECTED_BY_TRAVELLER,ARRIVES_AT_PICKUP,MEETS_TRAVELLER_AT_PICKUP,DEPARTS_FROM_PICKUP,ARRIVES_AT_DROPOFF,CONTINUES_SHIFT,STARTS_REPOSITIONING,REPOSITIONED,DECIDES_NOT_TO_DRIVE,ENDS_SHIFT,TRAVEL,WAIT,CRUISE,OPERATIONS,IDLE,PAX_KM,REVENUE,nV
sum,199.0,0.0,0.0,0.0,0.0,283129.0,2340.0,0.0,2970.0,0.0,17860.0,0.0,5970.0,39422.0,0.0,0.0,0.0,0.0,288473.0,39422.0,0.0,17860.0,11280.0,219911.0,528.7299999999999,528.7299999999999,30
mean,6.633333333333334,0.0,0.0,0.0,0.0,9437.633333333333,78.0,0.0,99.0,0.0,595.3333333333334,0.0,199.0,1314.0666666666666,0.0,0.0,0.0,0.0,9615.766666666666,1314.0666666666666,0.0,595.3333333333334,376.0,7330.366666666667,17.62433333333333,17.62433333333333,30
std,3.388452330401344,0.0,0.0,0.0,0.0,3144.584512693412,40.05599528935325,0.0,53.89837180062697,0.0,381.1968749494996,0.0,101.65356991204033,682.1840652276882,0.0,0.0,0.0,0.0,4213.0851803377545,682.1840652276882,0.0,381.1968749494996,191.01417170750304,5073.242957152638,10.567892095083737,10.567892095083737,30
