,nRIDES,nREJECTED,OUT,STARTS_DAY,OPENS_APP,RECEIVES_REQUEST,ACCEPTS_REQUEST,REJECTS_REQUEST,IS_ACCEPTED_BY_TRAVELLER,IS_REJECTED_BY_TRAVELLER,ARRIVES_AT_PICKUP,MEETS_TRAVELLER_AT_PICKUP,DEPARTS_FROM_PICKUP,ARRIVES_AT_DROPOFF,CONTINUES_SHIFT,STARTS_REPOSITIONING,REPOSITIONED,DECIDES_NOT_TO_DRIVE,ENDS_SHIFT,TRAVEL,WAIT,CRUISE,OPERATIONS,IDLE,PAX_KM,REVENUE,nV
sum,199.0,0.0,0.0,0.0,0.0,269309.0,2340.0,0.0,2943.0,0.0,20380.0,0.0,5970.0,39422.0,0.0,0.0,0.0,0.0,299800.0,39422.0,0.0,20380.0,11253.0,228745.0,528.73,528.73,30
mean,6.633333333333334,0.0,0.0,0.0,0.0,8976.966666666667,78.0,0.0,98.1,0.0,679.3333333333334,0.0,199.0,1314.0666666666666,0.0,0.0,0.0,0.0,9993.333333333334,1314.0666666666666,0.0,679.3333333333334,375.1,7624.833333333333,17.624333333333333,17.624333333333333,30
std,3.6811105270887583,0.0,0.0,0.0,0.0,3715.954608714023,41.01303409304463,0.0,51.735634354562286,0.0,466.49983060449546,0.0,110.43331581266276,767.4060173091547,0.0,0.0,0.0,0.0,5003.647726880126,767.4060173091547,0.0,466.49983060449546,199.2571289772987,6051.862831383827,11.314525797530736,11.314525797530736,30
