,nRIDES,nREJECTED,OUT,STARTS_DAY,OPENS_APP,RECEIVES_REQUEST,ACCEPTS_REQUEST,REJECTS_REQUEST,IS_ACCEPTED_BY_TRAVELLER,IS_REJECTED_BY_TRAVELLER,ARRIVES_AT_PICKUP,MEETS_TRAVELLER_AT_PICKUP,DEPARTS_FROM_PICKUP,ARRIVES_AT_DROPOFF,CONTINUES_SHIFT,STARTS_REPOSITIONING,REPOSITIONED,DECIDES_NOT_TO_DRIVE,ENDS_SHIFT,TRAVEL,WAIT,CRUISE,OPERATIONS,IDLE,PAX_KM,REVENUE,nV
sum,199.0,0.0,0.0,0.0,0.0,249988.0,2340.0,0.0,2969.0,0.0,20639.0,0.0,5970.0,39422.0,0.0,0.0,0.0,0.0,318836.0,39422.0,0.0,20639.0,11279.0,247496.0,528.7299999999999,528.7299999999999,30
mean,6.633333333333334,0.0,0.0,0.0,0.0,8332.933333333332,78.0,0.0,98.96666666666667,0.0,687.9666666666667,0.0,199.0,1314.0666666666666,0.0,0.0,0.0,0.0,10627.866666666667,1314.0666666666666,0.0,687.9666666666667,375.96666666666664,8249.866666666667,17.624333333333333,17.624333333333333,30
std,3.890601702718411,0.0,0.0,0.0,0.0,4355.455152060367,45.667463706443236,0.0,58.4149740683183,0.0,496.3696122387258,0.0,116.71805108155235,783.4089491505667,0.0,0.0,0.0,0.0,5759.197895141501,783.4089491505667,0.0,496.3696122387258,217.6513319482575,6963.353129721011,11.353145674774181,11.353145674774181,30
