,nRIDES,nREJECTED,OUT,STARTS_DAY,OPENS_APP,RECEIVES_REQUEST,ACCEPTS_REQUEST,REJECTS_REQUEST,IS_ACCEPTED_BY_TRAVELLER,IS_REJECTED_BY_TRAVELLER,ARRIVES_AT_PICKUP,MEETS_TRAVELLER_AT_PICKUP,DEPARTS_FROM_PICKUP,ARRIVES_AT_DROPOFF,CONTINUES_SHIFT,STARTS_REPOSITIONING,REPOSITIONED,DECIDES_NOT_TO_DRIVE,ENDS_SHIFT,TRAVEL,WAIT,CRUISE,OPERATIONS,IDLE,PAX_KM,REVENUE,nV
sum,500.0,0.0,0.0,0.0,0.0,242745.0,5115.0,0.0,6518.0,0.0,51714.0,0.0,15000.0,90734.0,0.0,0.0,0.0,0.0,236144.0,90734.0,0.0,51714.0,26633.0,67063.0,1328.8619999999999,1328.8619999999999,30
mean,16.666666666666668,0.0,0.0,0.0,0.0,8091.5,170.5,0.0,217.26666666666668,0.0,1723.8,0.0,500.0,3024.4666666666667,0.0,0.0,0.0,0.0,7871.466666666666,3024.4666666666667,0.0,1723.8,887.7666666666667,2235.4333333333334,44.295399999999994,44.295399999999994,30
std,5.067362323688749,0.0,0.0,0.0,0.0,1891.557317716515,44.47684403341152,0.0,58.39044166780141,0.0,577.3384473241157,0.0,152.02086971066245,992.2359888006806,0.0,0.0,0.0,0.0,1225.7700389982401,992.2359888006806,0.0,577.3384473241157,250.39027238642305,2327.4291971649945,16.049980478234986,16.049980478234986,30
