,nRIDES,nREJECTED,OUT,STARTS_DAY,OPENS_APP,RECEIVES_REQUEST,ACCEPTS_REQUEST,REJECTS_REQUEST,IS_ACCEPTED_BY_TRAVELLER,IS_REJECTED_BY_TRAVELLER,ARRIVES_AT_PICKUP,MEETS_TRAVELLER_AT_PICKUP,DEPARTS_FROM_PICKUP,ARRIVES_AT_DROPOFF,CONTINUES_SHIFT,STARTS_REPOSITIONING,REPOSITIONED,DECIDES_NOT_TO_DRIVE,ENDS_SHIFT,TRAVEL,WAIT,CRUISE,OPERATIONS,IDLE,PAX_KM,REVENUE,nV
sum,500.0,0.0,0.0,0.0,0.0,241506.0,5115.0,0.0,6510.0,0.0,52961.0,0.0,15000.0,90734.0,0.0,0.0,0.0,0.0,236144.0,90734.0,0.0,52961.0,26625.0,65824.0,1328.8619999999999,1328.8619999999999,30
mean,16.666666666666668,0.0,0.0,0.0,0.0,8050.2,170.5,0.0,217.0,0.0,1765.3666666666666,0.0,500.0,3024.4666666666667,0.0,0.0,0.0,0.0,7871.466666666666,3024.4666666666667,0.0,1765.3666666666666,887.5,2194.133333333333,44.29539999999999,44.29539999999999,30
std,4.436007317345209,0.0,0.0,0.0,0.0,1914.062557980295,42.514703338962626,0.0,53.75038091284435,0.0,572.0937036422673,0.0,133.08021952035625,964.2629392919516,0.0,0.0,0.0,0.0,1225.7700389982401,964.2629392919516,0.0,572.0937036422673,222.86469530590327,2139.2821827592693,15.213696307989197,15.213696307989197,30
