,ACCEPTS_OFFER,ARRIVES_AT_DROPOFF,ARRIVES_AT_PICKUP,DEPARTS_FROM_PICKUP,LOSES_PATIENCE,MEETS_DRIVER_AT_PICKUP,RECEIVES_OFFER,REQUESTS_RIDE,SETS_OFF_FOR_DEST,STARTS_DAY,IS_REJECTED_BY_VEHICLE,REJECTS_OFFER,ARRIVES_AT_DEST,PREFERS_OTHER_SERVICE,TRAVEL,WAIT,OPERATIONS,nP
sum,2674.0,89941.0,5120.0,8970.0,615.0,80943.0,613964.0,1510430.0,2990.0,0.0,0.0,0.0,0.0,0.0,89941.0,694907.0,14634.0,300
mean,8.913333333333334,299.80333333333334,17.066666666666666,29.9,2.05,269.81,2046.5466666666666,5034.766666666666,9.966666666666667,0.0,0.0,0.0,0.0,0.0,299.80333333333334,2316.3566666666666,48.78,300
std,7.242513529822,179.44808918252585,4.633261550738032,1.7320508075688754,35.50704155516212,177.90670744854992,3898.9813721393757,4764.273284070358,0.5773502691896278,0.0,0.0,0.0,0.0,0.0,179.44808918252585,3990.8712415977875,7.757072509203668,300
