,ACCEPTS_OFFER,ARRIVES_AT_DROPOFF,ARRIVES_AT_PICKUP,DEPARTS_FROM_PICKUP,LOSES_PATIENCE,MEETS_DRIVER_AT_PICKUP,RECEIVES_OFFER,REQUESTS_RIDE,SETS_OFF_FOR_DEST,STARTS_DAY,IS_REJECTED_BY_VEHICLE,REJECTS_OFFER,ARRIVES_AT_DEST,PREFERS_OTHER_SERVICE,TRAVEL,WAIT,OPERATIONS,nP
sum,2583.0,82441.0,4980.0,8610.0,4920.0,64772.0,439919.0,1419780.0,2870.0,0.0,0.0,0.0,0.0,0.0,82441.0,504691.0,14063.0,300
mean,8.61,274.80333333333334,16.6,28.7,16.4,215.90666666666667,1466.3966666666668,4732.6,9.566666666666666,0.0,0.0,0.0,0.0,0.0,274.80333333333334,1682.3033333333333,46.876666666666665,300
std,7.319596183828327,171.21233464327926,5.5866539485757665,6.118397062033155,99.24652593264395,154.19610702054007,3181.5529525619118,4618.080710804549,2.0394656873443635,0.0,0.0,0.0,0.0,0.0,171.21233464327926,3240.727868093682,12.250511786001114,300
