,ACCEPTS_OFFER,ARRIVES_AT_DROPOFF,ARRIVES_AT_PICKUP,DEPARTS_FROM_PICKUP,LOSES_PATIENCE,MEETS_DRIVER_AT_PICKUP,RECEIVES_OFFER,REQUESTS_RIDE,SETS_OFF_FOR_DEST,STARTS_DAY,IS_REJECTED_BY_VEHICLE,REJECTS_OFFER,ARRIVES_AT_DEST,PREFERS_OTHER_SERVICE,TRAVEL,WAIT,OPERATIONS,nP
sum,2255.0,83605.0,5230.0,8880.0,1845.0,72154.0,527182.0,1630355.0,2960.0,0.0,0.0,0.0,0.0,0.0,83605.0,599336.0,14095.0,300
mean,7.516666666666667,278.68333333333334,17.433333333333334,29.6,6.15,240.51333333333332,1757.2733333333333,5434.516666666666,9.866666666666667,0.0,0.0,0.0,0.0,0.0,278.68333333333334,1997.7866666666666,46.983333333333334,300
std,7.396310358004757,169.55101950821904,4.671004513604034,3.446679367479271,61.29396927020087,162.72632242178466,3708.742228169219,4632.524353886703,1.1488931224930938,0.0,0.0,0.0,0.0,0.0,169.55101950821904,3797.057334633915,9.158017608117513,300
