,nRIDES,nREJECTED,OUT,STARTS_DAY,OPENS_APP,RECEIVES_REQUEST,ACCEPTS_REQUEST,REJECTS_REQUEST,IS_ACCEPTED_BY_TRAVELLER,IS_REJECTED_BY_TRAVELLER,ARRIVES_AT_PICKUP,MEETS_TRAVELLER_AT_PICKUP,DEPARTS_FROM_PICKUP,ARRIVES_AT_DROPOFF,CONTINUES_SHIFT,STARTS_REPOSITIONING,REPOSITIONED,DECIDES_NOT_TO_DRIVE,ENDS_SHIFT,TRAVEL,WAIT,CRUISE,OPERATIONS,IDLE,PAX_KM,REVENUE,nV
sum,299.0,0.0,0.0,0.0,0.0,20823.0,1864.0,0.0,4231.0,0.0,55379.0,0.0,8970.0,55686.0,0.0,0.0,0.0,0.0,69037.0,55686.0,0.0,55379.0,15065.0,-57093.0,782.1450000000001,782.1450000000001,10
mean,29.9,0.0,0.0,0.0,0.0,2082.3,186.4,0.0,423.1,0.0,5537.9,0.0,897.0,5568.6,0.0,0.0,0.0,0.0,6903.7,5568.6,0.0,5537.9,1506.5,-5709.3,78.2145,78.2145,10
std,2.9230881691191675,0.0,0.0,0.0,0.0,751.8166221448772,31.990276300428814,0.0,37.69011069822486,0.0,516.4826446476418,0.0,87.69264507357501,573.925701734215,0.0,0.0,0.0,0.0,186.2137660503827,573.925701734215,0.0,516.4826446476418,125.58684467552943,948.8373060400468,10.73737072357826,10.73737072357826,10
