,nRIDES,nREJECTED,OUT,STARTS_DAY,OPENS_APP,RECEIVES_REQUEST,ACCEPTS_REQUEST,REJECTS_REQUEST,IS_ACCEPTED_BY_TRAVELLER,IS_REJECTED_BY_TRAVELLER,ARRIVES_AT_PICKUP,MEETS_TRAVELLER_AT_PICKUP,DEPARTS_FROM_PICKUP,ARRIVES_AT_DROPOFF,CONTINUES_SHIFT,STARTS_REPOSITIONING,REPOSITIONED,DECIDES_NOT_TO_DRIVE,ENDS_SHIFT,TRAVEL,WAIT,CRUISE,OPERATIONS,IDLE,PAX_KM,REVENUE,nV
sum,287.0,0.0,0.0,0.0,0.0,28176.0,1992.0,0.0,4184.0,0.0,46600.0,0.0,8610.0,53520.0,0.0,0.0,0.0,0.0,72908.0,53520.0,0.0,46600.0,14786.0,-41998.0,721.9399999999998,721.9399999999998,10
mean,28.7,0.0,0.0,0.0,0.0,2817.6,199.2,0.0,418.4,0.0,4660.0,0.0,861.0,5352.0,0.0,0.0,0.0,0.0,7290.8,5352.0,0.0,4660.0,1478.6,-4199.8,72.19399999999999,72.19399999999999,10
std,2.213594362117866,0.0,0.0,0.0,0.0,462.8105443915469,32.730549779814105,0.0,31.945091780880656,0.0,482.04080048615526,0.0,66.40783086353596,582.9335773101045,0.0,0.0,0.0,0.0,299.44274169790054,582.9335773101045,0.0,482.04080048615526,98.52489815044497,863.8326484015548,9.118004118836048,9.118004118836048,10
