,nRIDES,nREJECTED,OUT,STARTS_DAY,OPENS_APP,RECEIVES_REQUEST,ACCEPTS_REQUEST,REJECTS_REQUEST,IS_ACCEPTED_BY_TRAVELLER,IS_REJECTED_BY_TRAVELLER,ARRIVES_AT_PICKUP,MEETS_TRAVELLER_AT_PICKUP,DEPARTS_FROM_PICKUP,ARRIVES_AT_DROPOFF,CONTINUES_SHIFT,STARTS_REPOSITIONING,REPOSITIONED,DECIDES_NOT_TO_DRIVE,ENDS_SHIFT,TRAVEL,WAIT,CRUISE,OPERATIONS,IDLE,PAX_KM,REVENUE,nV
sum,296.0,0.0,0.0,0.0,0.0,21581.0,1692.0,0.0,4478.0,0.0,52338.0,0.0,8880.0,55781.0,0.0,0.0,0.0,0.0,71240.0,55781.0,0.0,52338.0,15050.0,-51929.0,748.6440000000001,748.6440000000001,10
mean,29.6,0.0,0.0,0.0,0.0,2158.1,169.2,0.0,447.8,0.0,5233.8,0.0,888.0,5578.1,0.0,0.0,0.0,0.0,7124.0,5578.1,0.0,5233.8,1505.0,-5192.9,74.86440000000002,74.86440000000002,10
std,1.349897115421106,0.0,0.0,0.0,0.0,430.4378778252057,23.799159649029626,0.0,37.430825086640375,0.0,453.6998028554907,0.0,40.496913462633174,258.72613148097565,0.0,0.0,0.0,0.0,385.9899250268357,258.72613148097565,0.0,453.6998028554907,69.36697901579524,749.9125060076454,7.065864187140248,7.065864187140248,10
