,ACCEPTS_OFFER,ARRIVES_AT_DROPOFF,ARRIVES_AT_PICKUP,DEPARTS_FROM_PICKUP,MEETS_DRIVER_AT_PICKUP,RECEIVES_OFFER,REQUESTS_RIDE,SETS_OFF_FOR_DEST,STARTS_DAY,IS_REJECTED_BY_VEHICLE,REJECTS_OFFER,ARRIVES_AT_DEST,PREFERS_OTHER_SERVICE,LOSES_PATIENCE,TRAVEL,WAIT,OPERATIONS,nP
sum,7500.0,147976.0,8520.0,14880.0,67400.0,1063396.0,2591493.0,4960.0,0.0,0.0,0.0,0.0,0.0,0.0,147976.0,1130796.0,27340.0,500
mean,15.0,295.952,17.04,29.76,134.8,2126.792,5182.986,9.92,0.0,0.0,0.0,0.0,0.0,0.0,295.952,2261.592,54.68,500
std,0.0,178.11739192626084,4.569481406094255,2.675203436535944,142.3283904970577,3972.3617701314124,4867.677730373852,0.891734478845313,0.0,0.0,0.0,0.0,0.0,0.0,178.11739192626084,4060.0723565741077,3.566937915381252,500
