,ACCEPTS_OFFER,ARRIVES_AT_DROPOFF,ARRIVES_AT_PICKUP,DEPARTS_FROM_PICKUP,MEETS_DRIVER_AT_PICKUP,RECEIVES_OFFER,REQUESTS_RIDE,SETS_OFF_FOR_DEST,STARTS_DAY,IS_REJECTED_BY_VEHICLE,REJECTS_OFFER,ARRIVES_AT_DEST,PREFERS_OTHER_SERVICE,LOSES_PATIENCE,TRAVEL,WAIT,OPERATIONS,nP
sum,7500.0,148918.0,8520.0,14940.0,90818.0,1063396.0,2591493.0,4980.0,0.0,0.0,0.0,0.0,0.0,0.0,148918.0,1154214.0,27420.0,500
mean,15.0,297.836,17.04,29.88,181.636,2126.792,5182.986,9.96,0.0,0.0,0.0,0.0,0.0,0.0,297.836,2308.428,54.84,500
std,0.0,177.75798408457385,4.569481406094255,1.8954644737220183,466.61311930787014,3972.3617701314124,4867.677730373852,0.6318214912406721,0.0,0.0,0.0,0.0,0.0,0.0,177.75798408457385,4078.7949275414526,2.5272859649626884,500
