,nRIDES,nREJECTED,OUT,STARTS_DAY,OPENS_APP,RECEIVES_REQUEST,ACCEPTS_REQUEST,REJECTS_REQUEST,IS_ACCEPTED_BY_TRAVELLER,IS_REJECTED_BY_TRAVELLER,ARRIVES_AT_PICKUP,MEETS_TRAVELLER_AT_PICKUP,DEPARTS_FROM_PICKUP,ARRIVES_AT_DROPOFF,CONTINUES_SHIFT,STARTS_REPOSITIONING,REPOSITIONED,DECIDES_NOT_TO_DRIVE,ENDS_SHIFT,TRAVEL,WAIT,CRUISE,OPERATIONS,IDLE,PAX_KM,REVENUE,nV
sum,496.0,0.0,0.0,0.0,0.0,458920.0,5280.0,0.0,6562.0,0.0,46216.0,0.0,14880.0,88118.0,0.0,0.0,0.0,0.0,432635.0,88118.0,0.0,46216.0,26722.0,271579.0,1292.0169999999998,1292.0169999999998,50
mean,9.92,0.0,0.0,0.0,0.0,9178.4,105.6,0.0,131.24,0.0,924.32,0.0,297.6,1762.36,0.0,0.0,0.0,0.0,8652.7,1762.36,0.0,924.32,534.44,5431.58,25.84033999999999,25.84033999999999,50
std,4.758837107134988,0.0,0.0,0.0,0.0,2530.6707024189523,51.780935740120114,0.0,64.7581245395321,0.0,550.4132191696841,0.0,142.76511321404965,893.5927200843543,0.0,0.0,0.0,0.0,3714.566144633467,893.5927200843543,0.0,550.4132191696841,254.62530775030743,4524.22239610165,12.92443068909199,12.92443068909199,50
