,nRIDES,nREJECTED,OUT,STARTS_DAY,OPENS_APP,RECEIVES_REQUEST,ACCEPTS_REQUEST,REJECTS_REQUEST,IS_ACCEPTED_BY_TRAVELLER,IS_REJECTED_BY_TRAVELLER,ARRIVES_AT_PICKUP,MEETS_TRAVELLER_AT_PICKUP,DEPARTS_FROM_PICKUP,ARRIVES_AT_DROPOFF,CONTINUES_SHIFT,STARTS_REPOSITIONING,REPOSITIONED,DECIDES_NOT_TO_DRIVE,ENDS_SHIFT,TRAVEL,WAIT,CRUISE,OPERATIONS,IDLE,PAX_KM,REVENUE,nV
sum,498.0,0.0,0.0,0.0,0.0,407743.0,5280.0,0.0,6620.0,0.0,64205.0,0.0,14940.0,88576.0,0.0,0.0,0.0,0.0,474999.0,88576.0,0.0,64205.0,26840.0,295378.0,1292.0170000000003,1292.0170000000003,50
mean,9.96,0.0,0.0,0.0,0.0,8154.86,105.6,0.0,132.4,0.0,1284.1,0.0,298.8,1771.52,0.0,0.0,0.0,0.0,9499.98,1771.52,0.0,1284.1,536.8,5907.56,25.840340000000005,25.840340000000005,50
std,6.111080601861588,0.0,0.0,0.0,0.0,3491.7868474698253,62.10294284656789,0.0,78.3070878018076,0.0,1506.2108865274733,0.0,183.3324180558475,1164.1509341795077,0.0,0.0,0.0,0.0,4662.414030459819,1164.1509341795077,0.0,1506.2108865274733,320.0004464282601,6312.142025121591,18.01431803057031,18.01431803057031,50
