,nRIDES,nREJECTED,OUT,STARTS_DAY,OPENS_APP,RECEIVES_REQUEST,ACCEPTS_REQUEST,REJECTS_REQUEST,IS_ACCEPTED_BY_TRAVELLER,IS_REJECTED_BY_TRAVELLER,ARRIVES_AT_PICKUP,MEETS_TRAVELLER_AT_PICKUP,DEPARTS_FROM_PICKUP,ARRIVES_AT_DROPOFF,CONTINUES_SHIFT,STARTS_REPOSITIONING,REPOSITIONED,DECIDES_NOT_TO_DRIVE,ENDS_SHIFT,TRAVEL,WAIT,CRUISE,OPERATIONS,IDLE,PAX_KM,REVENUE,nV
sum,498.0,0.0,0.0,0.0,0.0,379007.0,5280.0,0.0,6595.0,0.0,54886.0,0.0,14940.0,88576.0,0.0,0.0,0.0,0.0,513079.0,88576.0,0.0,54886.0,26815.0,342802.0,1292.0169999999998,1292.0169999999998,50
mean,9.96,0.0,0.0,0.0,0.0,7580.14,105.6,0.0,131.9,0.0,1097.72,0.0,298.8,1771.52,0.0,0.0,0.0,0.0,10261.58,1771.52,0.0,1097.72,536.3,6856.04,25.84034,25.84034,50
std,6.6084670487711366,0.0,0.0,0.0,0.0,3875.9577566093785,67.35256006224836,0.0,86.445511917116,0.0,797.8551359483647,0.0,198.25401146313396,1244.497082916531,0.0,0.0,0.0,0.0,5480.165590712808,1244.497082916531,0.0,797.8551359483647,349.27196876254663,7201.413540268269,18.954139051082088,18.954139051082088,50
