,ACCEPTS_OFFER,ARRIVES_AT_DROPOFF,ARRIVES_AT_PICKUP,DEPARTS_FROM_PICKUP,MEETS_DRIVER_AT_PICKUP,RECEIVES_OFFER,REQUESTS_RIDE,SETS_OFF_FOR_DEST,STARTS_DAY,IS_REJECTED_BY_VEHICLE,REJECTS_OFFER,ARRIVES_AT_DEST,PREFERS_OTHER_SERVICE,LOSES_PATIENCE,TRAVEL,WAIT,OPERATIONS,nP
sum,1500.0,27250.0,1850.0,3000.0,13488.0,119275.0,602894.0,1000.0,0.0,0.0,0.0,0.0,0.0,0.0,27250.0,132763.0,5500.0,100
mean,15.0,272.5,18.5,30.0,134.88,1192.75,6028.94,10.0,0.0,0.0,0.0,0.0,0.0,0.0,272.5,1327.63,55.0,100
std,0.0,137.43865481873664,3.588702812826367,0.0,100.2654335836492,3241.2186459117597,4523.488195066844,0.0,0.0,0.0,0.0,0.0,0.0,0.0,137.43865481873664,3293.918527492381,0.0,100
