,nRIDES,nREJECTED,OUT,STARTS_DAY,OPENS_APP,RECEIVES_REQUEST,ACCEPTS_REQUEST,REJECTS_REQUEST,IS_ACCEPTED_BY_TRAVELLER,IS_REJECTED_BY_TRAVELLER,ARRIVES_AT_PICKUP,MEETS_TRAVELLER_AT_PICKUP,DEPARTS_FROM_PICKUP,ARRIVES_AT_DROPOFF,CONTINUES_SHIFT,STARTS_REPOSITIONING,REPOSITIONED,DECIDES_NOT_TO_DRIVE,ENDS_SHIFT,TRAVEL,WAIT,CRUISE,OPERATIONS,IDLE,PAX_KM,REVENUE,nV
sum,100.0,0.0,0.0,0.0,0.0,101841.0,1275.0,0.0,1636.0,0.0,11784.0,0.0,3000.0,22829.0,0.0,0.0,0.0,0.0,73625.0,22829.0,0.0,11784.0,5911.0,33101.0,253.852,253.852,10
mean,10.0,0.0,0.0,0.0,0.0,10184.1,127.5,0.0,163.6,0.0,1178.4,0.0,300.0,2282.9,0.0,0.0,0.0,0.0,7362.5,2282.9,0.0,1178.4,591.1,3310.1,25.385199999999994,25.385199999999994,10
std,4.0276819911981905,0.0,0.0,0.0,0.0,1205.6180941280238,40.15594601052253,0.0,49.09220349958274,0.0,423.3365354209606,0.0,120.83045973594572,704.8245565781286,0.0,0.0,0.0,0.0,296.38460373867827,704.8245565781286,0.0,423.3365354209606,206.02397379377427,1357.2674713883366,9.546386120179488,9.546386120179488,10
