,nRIDES,nREJECTED,OUT,STARTS_DAY,OPENS_APP,RECEIVES_REQUEST,ACCEPTS_REQUEST,REJECTS_REQUEST,IS_ACCEPTED_BY_TRAVELLER,IS_REJECTED_BY_TRAVELLER,ARRIVES_AT_PICKUP,MEETS_TRAVELLER_AT_PICKUP,DEPARTS_FROM_PICKUP,ARRIVES_AT_DROPOFF,CONTINUES_SHIFT,STARTS_REPOSITIONING,REPOSITIONED,DECIDES_NOT_TO_DRIVE,ENDS_SHIFT,TRAVEL,WAIT,CRUISE,OPERATIONS,IDLE,PAX_KM,REVENUE,nV
sum,100.0,0.0,0.0,0.0,0.0,102038.0,1275.0,0.0,1636.0,0.0,11587.0,0.0,3000.0,22829.0,0.0,0.0,0.0,0.0,73625.0,22829.0,0.0,11587.0,5911.0,33298.0,253.852,253.852,10
mean,10.0,0.0,0.0,0.0,0.0,10203.8,127.5,0.0,163.6,0.0,1158.7,0.0,300.0,2282.9,0.0,0.0,0.0,0.0,7362.5,2282.9,0.0,1158.7,591.1,3329.8,25.385200000000005,25.385200000000005,10
std,3.6514837167011076,0.0,0.0,0.0,0.0,1118.0695466343366,38.890872965260115,0.0,47.2468693848245,0.0,363.2532174668244,0.0,109.54451150103323,692.5331039019001,0.0,0.0,0.0,0.0,296.38460373867827,692.5331039019001,0.0,363.2532174668244,191.76748073296125,1241.172814540971,8.750408965680785,8.750408965680785,10
