,ACCEPTS_OFFER,ARRIVES_AT_DROPOFF,ARRIVES_AT_PICKUP,DEPARTS_FROM_PICKUP,MEETS_DRIVER_AT_PICKUP,RECEIVES_OFFER,REQUESTS_RIDE,SETS_OFF_FOR_DEST,STARTS_DAY,IS_REJECTED_BY_VEHICLE,REJECTS_OFFER,ARRIVES_AT_DEST,PREFERS_OTHER_SERVICE,LOSES_PATIENCE,TRAVEL,WAIT,OPERATIONS,nP
sum,7500.0,149045.0,8390.0,15000.0,140037.0,1157897.0,2463308.0,5000.0,0.0,0.0,0.0,0.0,0.0,0.0,149045.0,1297934.0,27500.0,500
mean,15.0,298.09,16.78,30.0,280.074,2315.794,4926.616,10.0,0.0,0.0,0.0,0.0,0.0,0.0,298.09,2595.868,55.0,500
std,0.0,166.13011868010375,4.677109224874135,0.0,1088.993759090784,4184.1177965055085,4855.178955912118,0.0,0.0,0.0,0.0,0.0,0.0,0.0,166.13011868010375,4435.187644447406,0.0,500
