,nRIDES,nREJECTED,OUT,STARTS_DAY,OPENS_APP,RECEIVES_REQUEST,ACCEPTS_REQUEST,REJECTS_REQUEST,IS_ACCEPTED_BY_TRAVELLER,IS_REJECTED_BY_TRAVELLER,ARRIVES_AT_PICKUP,MEETS_TRAVELLER_AT_PICKUP,DEPARTS_FROM_PICKUP,ARRIVES_AT_DROPOFF,CONTINUES_SHIFT,STARTS_REPOSITIONING,REPOSITIONED,DECIDES_NOT_TO_DRIVE,ENDS_SHIFT,TRAVEL,WAIT,CRUISE,OPERATIONS,IDLE,PAX_KM,REVENUE,nV
sum,500.0,0.0,0.0,0.0,0.0,243480.0,5085.0,0.0,6554.0,0.0,82503.0,0.0,15000.0,87418.0,0.0,0.0,0.0,0.0,207930.0,87418.0,0.0,82503.0,26639.0,11370.0,1292.924,1292.924,30
mean,16.666666666666668,0.0,0.0,0.0,0.0,8116.0,169.5,0.0,218.46666666666667,0.0,2750.1,0.0,500.0,2913.9333333333334,0.0,0.0,0.0,0.0,6931.0,2913.9333333333334,0.0,2750.1,887.9666666666667,379.0,43.09746666666667,43.09746666666667,30
std,5.591454892609969,0.0,0.0,0.0,0.0,2139.4030105100137,56.558636036814285,0.0,73.77025535209054,0.0,2872.357116280682,0.0,167.74364677829905,1074.5242390145906,0.0,0.0,0.0,0.0,1897.4938280759195,1074.5242390145906,0.0,2872.357116280682,291.5446950218822,4678.426702834308,17.539344403926286,17.539344403926286,30
