,nRIDES,nREJECTED,OUT,STARTS_DAY,OPENS_APP,RECEIVES_REQUEST,ACCEPTS_REQUEST,REJECTS_REQUEST,IS_ACCEPTED_BY_TRAVELLER,IS_REJECTED_BY_TRAVELLER,ARRIVES_AT_PICKUP,MEETS_TRAVELLER_AT_PICKUP,DEPARTS_FROM_PICKUP,ARRIVES_AT_DROPOFF,CONTINUES_SHIFT,STARTS_REPOSITIONING,REPOSITIONED,DECIDES_NOT_TO_DRIVE,ENDS_SHIFT,TRAVEL,WAIT,CRUISE,OPERATIONS,IDLE,PAX_KM,REVENUE,nV
sum,500.0,0.0,0.0,0.0,0.0,229469.0,5085.0,0.0,6519.0,0.0,82835.0,0.0,15000.0,87418.0,0.0,0.0,0.0,0.0,221644.0,87418.0,0.0,82835.0,26604.0,24787.0,1292.9239999999998,1292.9239999999998,30
mean,16.666666666666668,0.0,0.0,0.0,0.0,7648.966666666666,169.5,0.0,217.3,0.0,2761.1666666666665,0.0,500.0,2913.9333333333334,0.0,0.0,0.0,0.0,7388.133333333333,2913.9333333333334,0.0,2761.1666666666665,886.8,826.2333333333333,43.097466666666655,43.097466666666655,30
std,5.926756008273767,0.0,0.0,0.0,0.0,2385.6629452849675,58.1814936805214,0.0,77.52514608733136,0.0,2989.3042563080817,0.0,177.802680248213,1075.4024085103608,0.0,0.0,0.0,0.0,3284.2059632726146,1075.4024085103608,0.0,2989.3042563080817,308.562898075847,6086.499445116404,17.43941082667672,17.43941082667672,30
