,nRIDES,nREJECTED,OUT,STARTS_DAY,OPENS_APP,RECEIVES_REQUEST,ACCEPTS_REQUEST,REJECTS_REQUEST,IS_ACCEPTED_BY_TRAVELLER,IS_REJECTED_BY_TRAVELLER,ARRIVES_AT_PICKUP,MEETS_TRAVELLER_AT_PICKUP,DEPARTS_FROM_PICKUP,ARRIVES_AT_DROPOFF,CONTINUES_SHIFT,STARTS_REPOSITIONING,REPOSITIONED,DECIDES_NOT_TO_DRIVE,ENDS_SHIFT,TRAVEL,WAIT,CRUISE,OPERATIONS,IDLE,PAX_KM,REVENUE,nV
sum,500.0,0.0,0.0,0.0,0.0,215723.0,5085.0,0.0,6514.0,0.0,83843.0,0.0,15000.0,87418.0,0.0,0.0,0.0,0.0,234387.0,87418.0,0.0,83843.0,26599.0,36527.0,1292.924,1292.924,30
mean,16.666666666666668,0.0,0.0,0.0,0.0,7190.766666666666,169.5,0.0,217.13333333333333,0.0,2794.766666666667,0.0,500.0,2913.9333333333334,0.0,0.0,0.0,0.0,7812.9,2913.9333333333334,0.0,2794.766666666667,886.6333333333333,1217.5666666666666,43.09746666666667,43.09746666666667,30
std,6.944773938543373,0.0,0.0,0.0,0.0,2637.4434418950864,69.37342728879051,0.0,91.58441869186285,0.0,2942.4481325324464,0.0,208.34321815630125,1248.1331420284794,0.0,0.0,0.0,0.0,4182.325836594786,1248.1331420284794,0.0,2942.4481325324464,364.4861743116847,7158.861471237436,20.005429726285147,20.005429726285147,30
