,nRIDES,nREJECTED,OUT,STARTS_DAY,OPENS_APP,RECEIVES_REQUEST,ACCEPTS_REQUEST,REJECTS_REQUEST,IS_ACCEPTED_BY_TRAVELLER,IS_REJECTED_BY_TRAVELLER,ARRIVES_AT_PICKUP,MEETS_TRAVELLER_AT_PICKUP,DEPARTS_FROM_PICKUP,ARRIVES_AT_DROPOFF,CONTINUES_SHIFT,STARTS_REPOSITIONING,REPOSITIONED,DECIDES_NOT_TO_DRIVE,ENDS_SHIFT,TRAVEL,WAIT,CRUISE,OPERATIONS,IDLE,PAX_KM,TTRAV,DIST,DRIVING_TIME,DRIVING_DIST,FARE,COMMISSION,REVENUE,PICKUP_DIST,TRAVEL_DIST,OPERATING_COST,PROFIT,nV
sum,100.0,0.0,0.0,0.0,0.0,81643.0,1317.0,0.0,3159.0,0.0,24147.0,0.0,3000.0,24006.0,0.0,0.0,0.0,0.0,78718.0,24006.0,0.0,24147.0,7476.0,23089.0,280.71700000000004,3183.0,31.83,48153.0,481.53000000000003,47.8155,9.5631,38.252399999999994,241.47000000000003,273.3,13.665000000000003,24.5874,10
mean,10.0,0.0,0.0,0.0,0.0,8164.3,131.7,0.0,315.9,0.0,2414.7,0.0,300.0,2400.6,0.0,0.0,0.0,0.0,7871.8,2400.6,0.0,2414.7,747.6,2308.9,28.071700000000003,318.3,3.183,4815.3,48.153000000000006,4.78155,0.95631,3.8252399999999995,24.147000000000002,27.330000000000002,1.3665000000000003,2.4587399999999997,10
std,2.6246692913372702,0.0,0.0,0.0,0.0,1470.3088904489878,39.861008517096,0.0,150.8453586366588,0.0,3003.2092112716136,0.0,78.74007874011811,893.2108373726777,0.0,0.0,0.0,0.0,2354.268737610235,893.2108373726777,0.0,3003.2092112716136,210.23595210038545,5084.1196648649675,8.935060144671041,90.78429869139755,0.9078429869139757,2956.3517701533574,29.563517701533574,1.3592862189399257,0.27185724378798515,1.0874289751519406,30.032092112716136,30.19548420983951,1.5097742104919754,1.6795946959509809,10
