,ACCEPTS_OFFER,ARRIVES_AT_DROPOFF,ARRIVES_AT_PICKUP,DEPARTS_FROM_PICKUP,MEETS_DRIVER_AT_PICKUP,RECEIVES_OFFER,REQUESTS_RIDE,SETS_OFF_FOR_DEST,STARTS_DAY,IS_REJECTED_BY_VEHICLE,REJECTS_OFFER,ARRIVES_AT_DEST,PREFERS_OTHER_SERVICE,LOSES_PATIENCE,TRAVEL,WAIT,OPERATIONS,LOST_PATIENCE,nP
sum,1472.0,27219.0,2374.0,2956.0,9913.0,36747.0,118985.0,990.0,0.0,0.0,0.0,0.0,0.0,0.0,27219.0,46660.0,5418.0,1.0,100
mean,14.72,272.19,23.74,29.56,99.13,367.47,1189.85,9.9,0.0,0.0,0.0,0.0,0.0,0.0,272.19,466.6,54.18,0.01,100
std,1.9698741179080552,161.07678669541806,6.8514099411594245,3.1472932093236152,86.57391948706918,766.4542321626255,1126.2361592328832,1.0,0.0,0.0,0.0,0.0,0.0,0.0,161.07678669541806,776.721431285491,4.5224021506408745,0.09999999999999999,100
