,ACCEPTS_OFFER,ARRIVES_AT_DROPOFF,ARRIVES_AT_PICKUP,DEPARTS_FROM_PICKUP,MEETS_DRIVER_AT_PICKUP,RECEIVES_OFFER,REQUESTS_RIDE,SETS_OFF_FOR_DEST,STARTS_DAY,IS_REJECTED_BY_VEHICLE,REJECTS_OFFER,ARRIVES_AT_DEST,PREFERS_OTHER_SERVICE,LOSES_PATIENCE,TRAVEL,WAIT,OPERATIONS,LOST_PATIENCE,nP
sum,1395.0,30158.0,2337.0,3000.0,14680.0,50953.0,133058.0,1000.0,0.0,0.0,0.0,0.0,0.0,0.0,30158.0,65633.0,5395.0,0.0,100
mean,13.95,301.58,23.37,30.0,146.8,509.53,1330.58,10.0,0.0,0.0,0.0,0.0,0.0,0.0,301.58,656.33,53.95,0.0,100
std,3.1378272093854362,160.40020529471232,6.106223022127475,0.0,139.58350746257796,955.2784506534357,1117.2116009118959,0.0,0.0,0.0,0.0,0.0,0.0,0.0,160.40020529471232,990.4596020703385,3.1378272093854362,0.0,100
