,ACCEPTS_OFFER,ARRIVES_AT_DROPOFF,ARRIVES_AT_PICKUP,DEPARTS_FROM_PICKUP,MEETS_DRIVER_AT_PICKUP,RECEIVES_OFFER,REQUESTS_RIDE,SETS_OFF_FOR_DEST,STARTS_DAY,IS_REJECTED_BY_VEHICLE,REJECTS_OFFER,ARRIVES_AT_DEST,PREFERS_OTHER_SERVICE,LOSES_PATIENCE,TRAVEL,WAIT,OPERATIONS,LOST_PATIENCE,nP
sum,1468.0,30486.0,2341.0,2995.0,21155.0,43057.0,118640.0,1000.0,0.0,0.0,0.0,0.0,0.0,0.0,30486.0,64212.0,5463.0,1.0,100
mean,14.68,304.86,23.41,29.95,211.55,430.57,1186.4,10.0,0.0,0.0,0.0,0.0,0.0,0.0,304.86,642.12,54.63,0.01,100
std,1.687027150362615,168.49170587745544,7.3869869200896625,0.5,991.2990393183762,805.1576325368363,1099.2386621492333,0.0,0.0,0.0,0.0,0.0,0.0,0.0,168.49170587745544,1253.503367576351,1.7503534996501062,0.09999999999999999,100
