,ACCEPTS_OFFER,ARRIVES_AT_DROPOFF,ARRIVES_AT_PICKUP,DEPARTS_FROM_PICKUP,MEETS_DRIVER_AT_PICKUP,RECEIVES_OFFER,REQUESTS_RIDE,SETS_OFF_FOR_DEST,STARTS_DAY,IS_REJECTED_BY_VEHICLE,REJECTS_OFFER,ARRIVES_AT_DEST,PREFERS_OTHER_SERVICE,LOSES_PATIENCE,TRAVEL,WAIT,OPERATIONS,nP
sum,1500.0,30002.0,1820.0,3000.0,25532.0,147455.0,553056.0,1000.0,0.0,0.0,0.0,0.0,0.0,0.0,30002.0,172987.0,5500.0,100
mean,15.0,300.02,18.2,30.0,255.32,1474.55,5530.56,10.0,0.0,0.0,0.0,0.0,0.0,0.0,300.02,1729.87,55.0,100
std,0.0,157.2531883699827,3.861229196653692,0.0,994.0523519331556,3742.420656635504,4657.407277865999,0.0,0.0,0.0,0.0,0.0,0.0,0.0,157.2531883699827,3911.780332120872,0.0,100
