,nRIDES,nREJECTED,OUT,STARTS_DAY,OPENS_APP,RECEIVES_REQUEST,ACCEPTS_REQUEST,REJECTS_REQUEST,IS_ACCEPTED_BY_TRAVELLER,IS_REJECTED_BY_TRAVELLER,ARRIVES_AT_PICKUP,MEETS_TRAVELLER_AT_PICKUP,DEPARTS_FROM_PICKUP,ARRIVES_AT_DROPOFF,CONTINUES_SHIFT,STARTS_REPOSITIONING,REPOSITIONED,DECIDES_NOT_TO_DRIVE,ENDS_SHIFT,TRAVEL,WAIT,CRUISE,OPERATIONS,IDLE,PAX_KM,REVENUE,nV
sum,99.0,0.0,0.0,0.0,0.0,30231.0,1096.0,0.0,3398.0,0.0,9424.0,0.0,2935.0,18235.0,0.0,0.0,0.0,0.0,142847.0,18235.0,0.0,9424.0,7429.0,107759.0,248.861,75.03900000000002,20
mean,4.95,0.0,0.0,0.0,0.0,1511.55,54.8,0.0,169.9,0.0,471.2,0.0,146.75,911.75,0.0,0.0,0.0,0.0,7142.35,911.75,0.0,471.2,371.45,5387.95,12.44305,3.751950000000001,20
std,2.139232523470435,0.0,0.0,0.0,0.0,526.730478867913,25.859132561671615,0.0,87.82452600738048,0.0,270.8999815430042,0.0,64.02538559040468,428.9196802494182,0.0,0.0,0.0,0.0,1886.4205948107956,428.9196802494182,0.0,270.8999815430042,152.46379207778102,2172.2100430328164,6.276252531524977,2.311914778182567,20
