,nRIDES,nREJECTED,OUT,STARTS_DAY,OPENS_APP,RECEIVES_REQUEST,ACCEPTS_REQUEST,REJECTS_REQUEST,IS_ACCEPTED_BY_TRAVELLER,IS_REJECTED_BY_TRAVELLER,ARRIVES_AT_PICKUP,MEETS_TRAVELLER_AT_PICKUP,DEPARTS_FROM_PICKUP,ARRIVES_AT_DROPOFF,CONTINUES_SHIFT,STARTS_REPOSITIONING,REPOSITIONED,DECIDES_NOT_TO_DRIVE,ENDS_SHIFT,TRAVEL,WAIT,CRUISE,OPERATIONS,IDLE,PAX_KM,TTRAV,DIST,DRIVING_TIME,DRIVING_DIST,FARE,COMMISSION,REVENUE,PICKUP_DIST,TRAVEL_DIST,OPERATING_COST,PROFIT,nV
sum,38.0,0.0,0.0,0.0,0.0,16952.0,570.0,0.0,756.0,0.0,5338.0,0.0,1140.0,7787.0,0.0,0.0,0.0,0.0,75447.0,7787.0,0.0,5338.0,2466.0,59856.0,78.057,2635.0,26.349999999999998,13125.0,131.25,39.603,7.920600000000001,31.682400000000005,53.38,79.72999999999999,3.9865000000000004,27.695899999999998,10
mean,3.8,0.0,0.0,0.0,0.0,1695.2,57.0,0.0,75.6,0.0,533.8,0.0,114.0,778.7,0.0,0.0,0.0,0.0,7544.7,778.7,0.0,533.8,246.6,5985.6,7.8057,263.5,2.635,1312.5,13.125,3.9603,0.7920600000000001,3.1682400000000004,5.338,7.972999999999999,0.39865000000000006,2.76959,10
std,2.043961295567452,0.0,0.0,0.0,0.0,731.253991442098,30.659419433511783,0.0,40.637147756428206,0.0,254.8153143836619,0.0,61.318838867023565,456.68541324052234,0.0,0.0,0.0,0.0,1184.2652715221086,456.68541324052234,0.0,254.8153143836619,132.6023294583386,1861.2765750658575,4.577064222839789,142.67776436587604,1.4267776436587605,648.7597141212351,6.487597141212351,2.138476887880718,0.42769537757614356,1.7107815103045743,2.548153143836619,2.9303395707665008,0.14651697853832504,1.6435633689233484,10
