,nRIDES,nREJECTED,OUT,STARTS_DAY,OPENS_APP,RECEIVES_REQUEST,ACCEPTS_REQUEST,REJECTS_REQUEST,IS_ACCEPTED_BY_TRAVELLER,IS_REJECTED_BY_TRAVELLER,ARRIVES_AT_PICKUP,MEETS_TRAVELLER_AT_PICKUP,DEPARTS_FROM_PICKUP,ARRIVES_AT_DROPOFF,CONTINUES_SHIFT,STARTS_REPOSITIONING,REPOSITIONED,DECIDES_NOT_TO_DRIVE,ENDS_SHIFT,TRAVEL,WAIT,CRUISE,OPERATIONS,IDLE,PAX_KM,REVENUE,nV
sum,100.0,0.0,0.0,0.0,0.0,118345.0,1230.0,0.0,1587.0,0.0,21774.0,0.0,3000.0,22696.0,0.0,0.0,0.0,0.0,263348.0,22696.0,0.0,21774.0,5817.0,213061.0,276.225,276.225,20
mean,5.0,0.0,0.0,0.0,0.0,5917.25,61.5,0.0,79.35,0.0,1088.7,0.0,150.0,1134.8,0.0,0.0,0.0,0.0,13167.4,1134.8,0.0,1088.7,290.85,10653.05,13.811249999999998,13.811249999999998,20
std,5.03670736221905,0.0,0.0,0.0,0.0,4140.6698018430225,57.149388724455726,0.0,76.66212610505508,0.0,2203.479069681923,0.0,151.10122086657148,1114.306751681109,0.0,0.0,0.0,0.0,6252.572492898213,1114.306751681109,0.0,2203.479069681923,283.4652628862272,8746.536857372088,14.577412346630117,14.577412346630117,20
