,nRIDES,nREJECTED,OUT,STARTS_DAY,OPENS_APP,RECEIVES_REQUEST,ACCEPTS_REQUEST,REJECTS_REQUEST,IS_ACCEPTED_BY_TRAVELLER,IS_REJECTED_BY_TRAVELLER,ARRIVES_AT_PICKUP,MEETS_TRAVELLER_AT_PICKUP,DEPARTS_FROM_PICKUP,ARRIVES_AT_DROPOFF,CONTINUES_SHIFT,STARTS_REPOSITIONING,REPOSITIONED,DECIDES_NOT_TO_DRIVE,ENDS_SHIFT,TRAVEL,WAIT,CRUISE,OPERATIONS,IDLE,PAX_KM,REVENUE,nV
sum,100.0,0.0,0.0,0.0,0.0,25601.0,1062.0,0.0,4514.0,0.0,12314.0,0.0,2969.0,20209.0,0.0,0.0,0.0,0.0,149311.0,20209.0,0.0,12314.0,8545.0,108243.0,276.40999999999997,95.2038,20
mean,5.0,0.0,0.0,0.0,0.0,1280.05,53.1,0.0,225.7,0.0,615.7,0.0,148.45,1010.45,0.0,0.0,0.0,0.0,7465.55,1010.45,0.0,615.7,427.25,5412.15,13.8205,4.76019,20
std,2.3841582427170787,0.0,0.0,0.0,0.0,460.07602060620604,24.977674241736675,0.0,172.76272136875141,0.0,399.68423062528535,0.0,70.77501417575942,487.40251116991266,0.0,0.0,0.0,0.0,1039.6361445995876,487.40251116991266,0.0,399.68423062528535,223.77570419836397,1965.3040818688914,6.639039614281572,2.64167803685859,20
