,nRIDES,nREJECTED,OUT,STARTS_DAY,OPENS_APP,RECEIVES_REQUEST,ACCEPTS_REQUEST,REJECTS_REQUEST,IS_ACCEPTED_BY_TRAVELLER,IS_REJECTED_BY_TRAVELLER,ARRIVES_AT_PICKUP,MEETS_TRAVELLER_AT_PICKUP,DEPARTS_FROM_PICKUP,ARRIVES_AT_DROPOFF,CONTINUES_SHIFT,STARTS_REPOSITIONING,REPOSITIONED,DECIDES_NOT_TO_DRIVE,ENDS_SHIFT,TRAVEL,WAIT,CRUISE,OPERATIONS,IDLE,PAX_KM,REVENUE,nV
sum,100.0,0.0,0.0,0.0,0.0,110928.0,1230.0,0.0,1605.0,0.0,21850.0,0.0,3000.0,22696.0,0.0,0.0,0.0,0.0,270671.0,22696.0,0.0,21850.0,5835.0,220290.0,276.225,276.225,20
mean,5.0,0.0,0.0,0.0,0.0,5546.4,61.5,0.0,80.25,0.0,1092.5,0.0,150.0,1134.8,0.0,0.0,0.0,0.0,13533.55,1134.8,0.0,1092.5,291.75,11014.5,13.811250000000001,13.811250000000001,20
std,5.150370451673713,0.0,0.0,0.0,0.0,4318.8518747219705,59.58408477013587,0.0,79.09612739206044,0.0,2242.6972365294523,0.0,154.51111355021138,1140.9365312851771,0.0,0.0,0.0,0.0,6525.277332077642,1140.9365312851771,0.0,2242.6972365294523,291.636737812823,9144.638737073157,14.818168676803843,14.818168676803843,20
