,nRIDES,nREJECTED,OUT,STARTS_DAY,OPENS_APP,RECEIVES_REQUEST,ACCEPTS_REQUEST,REJECTS_REQUEST,IS_ACCEPTED_BY_TRAVELLER,IS_REJECTED_BY_TRAVELLER,ARRIVES_AT_PICKUP,MEETS_TRAVELLER_AT_PICKUP,DEPARTS_FROM_PICKUP,ARRIVES_AT_DROPOFF,CONTINUES_SHIFT,STARTS_REPOSITIONING,REPOSITIONED,DECIDES_NOT_TO_DRIVE,ENDS_SHIFT,TRAVEL,WAIT,CRUISE,OPERATIONS,IDLE,PAX_KM,REVENUE,nV
sum,100.0,0.0,0.0,0.0,0.0,26372.0,1064.0,0.0,2982.0,0.0,19268.0,0.0,2981.0,19500.0,0.0,0.0,0.0,0.0,143813.0,19500.0,0.0,19268.0,7027.0,98018.0,273.868,77.78009999999999,20
mean,5.0,0.0,0.0,0.0,0.0,1318.6,53.2,0.0,149.1,0.0,963.4,0.0,149.05,975.0,0.0,0.0,0.0,0.0,7190.65,975.0,0.0,963.4,351.35,4900.9,13.6934,3.8890049999999996,20
std,2.0,0.0,0.0,0.0,0.0,682.5159647255609,23.676770761322384,0.0,85.93259292210256,0.0,2136.917268058433,0.0,60.408674002471216,429.72096209419186,0.0,0.0,0.0,0.0,1883.5514404834735,429.72096209419186,0.0,2136.917268058433,149.63051862926613,3857.1702731133705,6.9718459339199255,2.882889333997916,20
