,ACCEPTS_OFFER,ARRIVES_AT_DROPOFF,ARRIVES_AT_PICKUP,DEPARTS_FROM_PICKUP,MEETS_DRIVER_AT_PICKUP,RECEIVES_OFFER,REQUESTS_RIDE,SETS_OFF_FOR_DEST,STARTS_DAY,IS_REJECTED_BY_VEHICLE,REJECTS_OFFER,ARRIVES_AT_DEST,PREFERS_OTHER_SERVICE,LOSES_PATIENCE,TRAVEL,WAIT,OPERATIONS,nP
sum,4500.0,88826.0,5220.0,8940.0,50524.0,529691.0,1676957.0,2980.0,0.0,0.0,0.0,0.0,0.0,0.0,88826.0,580215.0,16420.0,300
mean,15.0,296.08666666666664,17.4,29.8,168.41333333333333,1765.6366666666668,5589.856666666667,9.933333333333334,0.0,0.0,0.0,0.0,0.0,0.0,296.08666666666664,1934.05,54.733333333333334,300
std,0.0,172.93552210261848,4.393671337968631,2.4453901754869074,145.84952096174834,3673.275132446668,4873.257782445892,0.815130058495635,0.0,0.0,0.0,0.0,0.0,0.0,172.93552210261848,3753.491872682597,3.26052023398254,300
