,ACCEPTS_OFFER,ARRIVES_AT_DROPOFF,ARRIVES_AT_PICKUP,DEPARTS_FROM_PICKUP,MEETS_DRIVER_AT_PICKUP,RECEIVES_OFFER,REQUESTS_RIDE,SETS_OFF_FOR_DEST,STARTS_DAY,IS_REJECTED_BY_VEHICLE,REJECTS_OFFER,ARRIVES_AT_DEST,PREFERS_OTHER_SERVICE,LOSES_PATIENCE,TRAVEL,WAIT,OPERATIONS,nP
sum,4500.0,88826.0,5220.0,8940.0,50399.0,529691.0,1676957.0,2980.0,0.0,0.0,0.0,0.0,0.0,0.0,88826.0,580090.0,16420.0,300
mean,15.0,296.08666666666664,17.4,29.8,167.99666666666667,1765.6366666666668,5589.856666666667,9.933333333333334,0.0,0.0,0.0,0.0,0.0,0.0,296.08666666666664,1933.6333333333334,54.733333333333334,300
std,0.0,172.93552210261848,4.393671337968631,2.4453901754869074,145.27113384973927,3673.275132446668,4873.257782445892,0.815130058495635,0.0,0.0,0.0,0.0,0.0,0.0,172.93552210261848,3753.621246266549,3.26052023398254,300
