,nRIDES,nREJECTED,OUT,STARTS_DAY,OPENS_APP,RECEIVES_REQUEST,ACCEPTS_REQUEST,REJECTS_REQUEST,IS_ACCEPTED_BY_TRAVELLER,IS_REJECTED_BY_TRAVELLER,ARRIVES_AT_PICKUP,MEETS_TRAVELLER_AT_PICKUP,DEPARTS_FROM_PICKUP,ARRIVES_AT_DROPOFF,CONTINUES_SHIFT,STARTS_REPOSITIONING,REPOSITIONED,DECIDES_NOT_TO_DRIVE,ENDS_SHIFT,TRAVEL,WAIT,CRUISE,OPERATIONS,IDLE,PAX_KM,REVENUE,nV
sum,298.0,0.0,0.0,0.0,0.0,161736.0,3330.0,0.0,4319.0,0.0,34147.0,0.0,8940.0,56506.0,0.0,0.0,0.0,0.0,153440.0,56506.0,0.0,34147.0,16589.0,46198.0,797.167,797.167,20
mean,14.9,0.0,0.0,0.0,0.0,8086.8,166.5,0.0,215.95,0.0,1707.35,0.0,447.0,2825.3,0.0,0.0,0.0,0.0,7672.0,2825.3,0.0,1707.35,829.45,2309.9,39.85835,39.85835,20
std,3.5078858530309582,0.0,0.0,0.0,0.0,1652.2746553893833,30.35318417355392,0.0,41.52168108350142,0.0,552.4995141698269,0.0,105.23657559092877,735.0532454755986,0.0,0.0,0.0,0.0,2647.8908786547754,735.0532454755986,0.0,552.4995141698269,170.13445920955084,3267.2673259082076,13.631400153110118,13.631400153110118,20
