,nRIDES,nREJECTED,OUT,STARTS_DAY,OPENS_APP,RECEIVES_REQUEST,ACCEPTS_REQUEST,REJECTS_REQUEST,IS_ACCEPTED_BY_TRAVELLER,IS_REJECTED_BY_TRAVELLER,ARRIVES_AT_PICKUP,MEETS_TRAVELLER_AT_PICKUP,DEPARTS_FROM_PICKUP,ARRIVES_AT_DROPOFF,CONTINUES_SHIFT,STARTS_REPOSITIONING,REPOSITIONED,DECIDES_NOT_TO_DRIVE,ENDS_SHIFT,TRAVEL,WAIT,CRUISE,OPERATIONS,IDLE,PAX_KM,REVENUE,nV
sum,298.0,0.0,0.0,0.0,0.0,159780.0,3330.0,0.0,4328.0,0.0,36094.0,0.0,8940.0,56506.0,0.0,0.0,0.0,0.0,153440.0,56506.0,0.0,36094.0,16598.0,44242.0,797.167,797.167,20
mean,14.9,0.0,0.0,0.0,0.0,7989.0,166.5,0.0,216.4,0.0,1804.7,0.0,447.0,2825.3,0.0,0.0,0.0,0.0,7672.0,2825.3,0.0,1804.7,829.9,2212.1,39.85835,39.85835,20
std,4.423620807961684,0.0,0.0,0.0,0.0,1496.4709011186073,49.36704632807086,0.0,63.83234619730526,0.0,624.9583649290062,0.0,132.70862423885052,835.1270372949571,0.0,0.0,0.0,0.0,2647.8908786547754,835.1270372949571,0.0,624.9583649290062,241.45238170616366,3660.1740093808885,13.371207626739196,13.371207626739196,20
