,nRIDES,nREJECTED,OUT,STARTS_DAY,OPENS_APP,RECEIVES_REQUEST,ACCEPTS_REQUEST,REJECTS_REQUEST,IS_ACCEPTED_BY_TRAVELLER,IS_REJECTED_BY_TRAVELLER,ARRIVES_AT_PICKUP,MEETS_TRAVELLER_AT_PICKUP,DEPARTS_FROM_PICKUP,ARRIVES_AT_DROPOFF,CONTINUES_SHIFT,STARTS_REPOSITIONING,REPOSITIONED,DECIDES_NOT_TO_DRIVE,ENDS_SHIFT,TRAVEL,WAIT,CRUISE,OPERATIONS,IDLE,PAX_KM,TTRAV,DIST,DRIVING_TIME,DRIVING_DIST,FARE,COMMISSION,REVENUE,PICKUP_DIST,TRAVEL_DIST,OPERATING_COST,PROFIT,nV
sum,99.0,0.0,0.0,0.0,0.0,364082.0,1320.0,0.0,2619.0,0.0,15162.0,0.0,2922.0,21539.0,0.0,0.0,0.0,0.0,662477.0,21539.0,0.0,15162.0,6861.0,618915.0,245.91899999999998,12584.0,125.84,36701.0,367.01,189.1035,37.820699999999995,151.28279999999998,151.61999999999998,277.46000000000004,13.873000000000001,137.4098,50
mean,1.98,0.0,0.0,0.0,0.0,7281.64,26.4,0.0,52.38,0.0,303.24,0.0,58.44,430.78,0.0,0.0,0.0,0.0,13249.54,430.78,0.0,303.24,137.22,12378.3,4.91838,251.68,2.5168,734.02,7.340199999999999,3.78207,0.7564139999999999,3.0256559999999997,3.0323999999999995,5.549200000000001,0.27746000000000004,2.7481959999999996,50
std,1.6841397004441894,0.0,0.0,0.0,0.0,4798.521493211876,21.970295345102222,0.0,71.85043706284917,0.0,1402.8684253255935,0.0,50.01271675018958,351.8430940876101,0.0,0.0,0.0,0.0,5447.51277156158,351.8430940876101,0.0,1402.8684253255935,130.57616277756935,6085.167088913829,4.152547199058448,140.00181339933437,1.4000181339933437,1452.2346677462572,14.522346677462572,2.1011686665777605,0.4202337333155521,1.6809349332622083,14.028684253255937,14.519126841683628,0.7259563420841812,1.547300329271362,50
