,nRIDES,nREJECTED,OUT,STARTS_DAY,OPENS_APP,RECEIVES_REQUEST,ACCEPTS_REQUEST,REJECTS_REQUEST,IS_ACCEPTED_BY_TRAVELLER,IS_REJECTED_BY_TRAVELLER,ARRIVES_AT_PICKUP,MEETS_TRAVELLER_AT_PICKUP,DEPARTS_FROM_PICKUP,ARRIVES_AT_DROPOFF,CONTINUES_SHIFT,STARTS_REPOSITIONING,REPOSITIONED,DECIDES_NOT_TO_DRIVE,ENDS_SHIFT,TRAVEL,WAIT,CRUISE,OPERATIONS,IDLE,PAX_KM,TTRAV,DIST,DRIVING_TIME,DRIVING_DIST,FARE,COMMISSION,REVENUE,PICKUP_DIST,TRAVEL_DIST,OPERATING_COST,PROFIT,nV
sum,188.0,0.0,0.0,0.0,0.0,8127.0,485.0,0.0,4868.0,0.0,28147.0,3600.0,5580.0,35211.0,0.0,0.0,0.0,0.0,123628.0,35211.0,3600.0,28147.0,10933.0,45737.0,516.663,2484.0,24.840000000000003,63358.0,633.58,37.32299999999999,7.4646,29.858399999999996,281.47,306.30999999999995,15.315500000000002,14.542899999999994,10
mean,18.8,0.0,0.0,0.0,0.0,812.7,48.5,0.0,486.8,0.0,2814.7,360.0,558.0,3521.1,0.0,0.0,0.0,0.0,12362.8,3521.1,360.0,2814.7,1093.3,4573.7,51.6663,248.4,2.4840000000000004,6335.8,63.358000000000004,3.7322999999999995,0.74646,2.9858399999999996,28.147000000000002,30.630999999999993,1.5315500000000002,1.4542899999999994,10
std,10.21763181955584,0.0,0.0,0.0,0.0,320.84161894063004,10.036046144883064,0.0,262.94646687956174,0.0,1395.8060236134372,1138.4199576606165,302.4668944235422,1854.1324685984848,0.0,0.0,0.0,0.0,5571.8789330390555,1854.1324685984848,1138.4199576606165,1395.8060236134372,550.7903513235423,9673.191120594876,31.234563807316622,142.4493672229618,1.424493672229618,3169.4094016954573,31.694094016954573,2.1382768529823255,0.4276553705964652,1.7106214823858608,13.958060236134374,14.23140459219211,0.7115702296096056,1.6871752549750128,10
