,ACCEPTS_OFFER,ARRIVES_AT_DROPOFF,ARRIVES_AT_PICKUP,DEPARTS_FROM_PICKUP,MEETS_DRIVER_AT_PICKUP,RECEIVES_OFFER,REQUESTS_RIDE,SETS_OFF_FOR_DEST,STARTS_DAY,IS_REJECTED_BY_VEHICLE,REJECTS_OFFER,ARRIVES_AT_DEST,PREFERS_OTHER_SERVICE,LOSES_PATIENCE,TRAVEL,WAIT,OPERATIONS,LOST_PATIENCE,nP
sum,1500.0,28607.0,2396.0,2881.0,7027.0,51656.0,132211.0,980.0,0.0,0.0,0.0,0.0,0.0,0.0,28607.0,58683.0,5361.0,2.0,100
mean,15.0,286.07,23.96,28.81,70.27,516.56,1322.11,9.8,0.0,0.0,0.0,0.0,0.0,0.0,286.07,586.83,53.61,0.02,100
std,0.0,175.82028559948034,7.120776260033351,5.57536971641769,98.8265345916467,897.2895360557549,1191.9758818572182,1.4070529413628967,0.0,0.0,0.0,0.0,0.0,0.0,175.82028559948034,917.5847529732002,6.686175999399769,0.14070529413628968,100
