,ACCEPTS_OFFER,ARRIVES_AT_DROPOFF,ARRIVES_AT_PICKUP,DEPARTS_FROM_PICKUP,MEETS_DRIVER_AT_PICKUP,RECEIVES_OFFER,REQUESTS_RIDE,SETS_OFF_FOR_DEST,STARTS_DAY,IS_REJECTED_BY_VEHICLE,REJECTS_OFFER,ARRIVES_AT_DEST,PREFERS_OTHER_SERVICE,LOSES_PATIENCE,TRAVEL,WAIT,OPERATIONS,LOST_PATIENCE,nP
sum,1426.0,32863.0,2490.0,2861.0,9430.0,66068.0,120644.0,990.0,0.0,0.0,0.0,0.0,0.0,0.0,32863.0,75498.0,5277.0,1.0,100
mean,14.26,328.63,24.9,28.61,94.3,660.68,1206.44,9.9,0.0,0.0,0.0,0.0,0.0,0.0,328.63,754.98,52.77,0.01,100
std,2.6576362247362417,176.801529713662,6.968181653455625,5.879076062914593,108.53808157285236,1053.1264457353025,1151.637177362223,1.0000000000000002,0.0,0.0,0.0,0.0,0.0,0.0,176.801529713662,1073.9119650543375,6.79550505031737,0.09999999999999999,100
