,ACCEPTS_OFFER,ARRIVES_AT_DROPOFF,ARRIVES_AT_PICKUP,DEPARTS_FROM_PICKUP,MEETS_DRIVER_AT_PICKUP,RECEIVES_OFFER,REQUESTS_RIDE,SETS_OFF_FOR_DEST,STARTS_DAY,IS_REJECTED_BY_VEHICLE,REJECTS_OFFER,ARRIVES_AT_DEST,PREFERS_OTHER_SERVICE,LOSES_PATIENCE,TRAVEL,WAIT,OPERATIONS,nP
sum,1500.0,29149.0,1900.0,3000.0,9474.0,57079.0,641276.0,1000.0,0.0,0.0,0.0,0.0,0.0,0.0,29149.0,66553.0,5500.0,100
mean,15.0,291.49,19.0,30.0,94.74,570.79,6412.76,10.0,0.0,0.0,0.0,0.0,0.0,0.0,291.49,665.53,55.0,100
std,0.0,153.22417029841068,3.0151134457776365,0.0,102.83846507503846,1974.8050526212917,4691.8896973093015,0.0,0.0,0.0,0.0,0.0,0.0,0.0,153.22417029841068,2032.219652562839,0.0,100
