,ACCEPTS_OFFER,ARRIVES_AT_DROPOFF,ARRIVES_AT_PICKUP,DEPARTS_FROM_PICKUP,MEETS_DRIVER_AT_PICKUP,RECEIVES_OFFER,REQUESTS_RIDE,SETS_OFF_FOR_DEST,STARTS_DAY,IS_REJECTED_BY_VEHICLE,REJECTS_OFFER,ARRIVES_AT_DEST,PREFERS_OTHER_SERVICE,LOSES_PATIENCE,TRAVEL,WAIT,OPERATIONS,LOST_PATIENCE,nP
sum,1484.0,28950.0,2409.0,2975.0,6683.0,48649.0,122218.0,1000.0,0.0,0.0,0.0,0.0,0.0,0.0,28950.0,55332.0,5459.0,0.0,100
mean,14.84,289.5,24.09,29.75,66.83,486.49,1222.18,10.0,0.0,0.0,0.0,0.0,0.0,0.0,289.5,553.32,54.59,0.0,100
std,1.1256423530903172,148.756835001273,6.980629765228344,1.8278153875348273,71.32116222986122,887.9990615041906,1125.868915885671,0.0,0.0,0.0,0.0,0.0,0.0,0.0,148.756835001273,883.6077204485956,2.1277151400438257,0.0,100
