,nRIDES,nREJECTED,OUT,STARTS_DAY,OPENS_APP,RECEIVES_REQUEST,ACCEPTS_REQUEST,REJECTS_REQUEST,IS_ACCEPTED_BY_TRAVELLER,IS_REJECTED_BY_TRAVELLER,ARRIVES_AT_PICKUP,MEETS_TRAVELLER_AT_PICKUP,DEPARTS_FROM_PICKUP,ARRIVES_AT_DROPOFF,CONTINUES_SHIFT,STARTS_REPOSITIONING,REPOSITIONED,DECIDES_NOT_TO_DRIVE,ENDS_SHIFT,TRAVEL,WAIT,CRUISE,OPERATIONS,IDLE,PAX_KM,REVENUE,nV
sum,100.0,0.0,0.0,0.0,0.0,290509.0,1350.0,0.0,1591.0,0.0,6517.0,0.0,3000.0,25013.0,0.0,0.0,0.0,0.0,535980.0,25013.0,0.0,6517.0,5941.0,498509.0,276.137,276.137,40
mean,2.5,0.0,0.0,0.0,0.0,7262.725,33.75,0.0,39.775,0.0,162.925,0.0,75.0,625.325,0.0,0.0,0.0,0.0,13399.5,625.325,0.0,162.925,148.525,12462.725,6.903424999999999,6.903424999999999,40
std,2.0254787341673333,0.0,0.0,0.0,0.0,4905.548616630785,27.75233877878237,0.0,33.11710960693806,0.0,183.39188633731587,0.0,60.76436202502,516.0479200318811,0.0,0.0,0.0,0.0,5325.345348136877,516.0479200318811,0.0,183.39188633731587,119.91107549197041,5818.611941213805,5.810941266652691,5.810941266652691,40
