,nRIDES,nREJECTED,OUT,STARTS_DAY,OPENS_APP,RECEIVES_REQUEST,ACCEPTS_REQUEST,REJECTS_REQUEST,IS_ACCEPTED_BY_TRAVELLER,IS_REJECTED_BY_TRAVELLER,ARRIVES_AT_PICKUP,MEETS_TRAVELLER_AT_PICKUP,DEPARTS_FROM_PICKUP,ARRIVES_AT_DROPOFF,CONTINUES_SHIFT,STARTS_REPOSITIONING,REPOSITIONED,DECIDES_NOT_TO_DRIVE,ENDS_SHIFT,TRAVEL,WAIT,CRUISE,OPERATIONS,IDLE,PAX_KM,REVENUE,nV
sum,98.0,0.0,0.0,0.0,0.0,74132.0,1065.0,0.0,3771.0,0.0,7457.0,0.0,2910.0,18109.0,0.0,0.0,0.0,0.0,316928.0,18109.0,0.0,7457.0,7746.0,283616.0,264.86199999999997,130.8462,40
mean,2.45,0.0,0.0,0.0,0.0,1853.3,26.625,0.0,94.275,0.0,186.425,0.0,72.75,452.725,0.0,0.0,0.0,0.0,7923.2,452.725,0.0,186.425,193.65,7090.4,6.621549999999999,3.2711550000000003,40
std,1.66332999331662,0.0,0.0,0.0,0.0,976.2736112906895,18.75576834346826,0.0,100.3381430400122,0.0,171.92199893541465,0.0,48.82714146445339,325.22678379468675,0.0,0.0,0.0,0.0,1740.825138864488,325.22678379468675,0.0,171.92199893541465,148.7725074547007,1988.606712351705,4.790826832711201,2.4990719497907157,40
