,nRIDES,nREJECTED,OUT,STARTS_DAY,OPENS_APP,RECEIVES_REQUEST,ACCEPTS_REQUEST,REJECTS_REQUEST,IS_ACCEPTED_BY_TRAVELLER,IS_REJECTED_BY_TRAVELLER,ARRIVES_AT_PICKUP,MEETS_TRAVELLER_AT_PICKUP,DEPARTS_FROM_PICKUP,ARRIVES_AT_DROPOFF,CONTINUES_SHIFT,STARTS_REPOSITIONING,REPOSITIONED,DECIDES_NOT_TO_DRIVE,ENDS_SHIFT,TRAVEL,WAIT,CRUISE,OPERATIONS,IDLE,PAX_KM,REVENUE,nV
sum,100.0,0.0,0.0,0.0,0.0,257074.0,1350.0,0.0,1650.0,0.0,7900.0,0.0,3000.0,25013.0,0.0,0.0,0.0,0.0,567973.0,25013.0,0.0,7900.0,6000.0,529060.0,276.137,276.137,40
mean,2.5,0.0,0.0,0.0,0.0,6426.85,33.75,0.0,41.25,0.0,197.5,0.0,75.0,625.325,0.0,0.0,0.0,0.0,14199.325,625.325,0.0,197.5,150.0,13226.5,6.903424999999999,6.903424999999999,40
std,2.230327100305911,0.0,0.0,0.0,0.0,5138.346055108714,29.564141481505285,0.0,35.485461089267936,0.0,215.41337720049577,0.0,66.90981300917734,566.3865395465248,0.0,0.0,0.0,0.0,5683.122770988518,566.3865395465248,0.0,215.41337720049577,130.40685840073257,6299.680557631881,6.568649737872021,6.568649737872021,40
