,nRIDES,nREJECTED,OUT,STARTS_DAY,OPENS_APP,RECEIVES_REQUEST,ACCEPTS_REQUEST,REJECTS_REQUEST,IS_ACCEPTED_BY_TRAVELLER,IS_REJECTED_BY_TRAVELLER,ARRIVES_AT_PICKUP,MEETS_TRAVELLER_AT_PICKUP,DEPARTS_FROM_PICKUP,ARRIVES_AT_DROPOFF,CONTINUES_SHIFT,STARTS_REPOSITIONING,REPOSITIONED,DECIDES_NOT_TO_DRIVE,ENDS_SHIFT,TRAVEL,WAIT,CRUISE,OPERATIONS,IDLE,PAX_KM,REVENUE,nV
sum,99.0,0.0,0.0,0.0,0.0,67699.0,965.0,0.0,4107.0,0.0,8730.0,0.0,2946.0,18780.0,0.0,0.0,0.0,0.0,319723.0,18780.0,0.0,8730.0,8018.0,284195.0,298.152,120.41879999999999,40
mean,2.475,0.0,0.0,0.0,0.0,1692.475,24.125,0.0,102.675,0.0,218.25,0.0,73.65,469.5,0.0,0.0,0.0,0.0,7993.075,469.5,0.0,218.25,200.45,7104.875,7.453799999999999,3.0104699999999998,40
std,1.8672274798584296,0.0,0.0,0.0,0.0,1051.1848013258475,16.142295931766274,0.0,121.28191094749835,0.0,266.53914418827003,0.0,55.6415036018701,356.8082153820208,0.0,0.0,0.0,0.0,1863.126093527922,356.8082153820208,0.0,266.53914418827003,178.37111270089068,2199.4911204873197,6.399028360538368,2.084578542683241,40
