,nRIDES,nREJECTED,OUT,STARTS_DAY,OPENS_APP,RECEIVES_REQUEST,ACCEPTS_REQUEST,REJECTS_REQUEST,IS_ACCEPTED_BY_TRAVELLER,IS_REJECTED_BY_TRAVELLER,ARRIVES_AT_PICKUP,MEETS_TRAVELLER_AT_PICKUP,DEPARTS_FROM_PICKUP,ARRIVES_AT_DROPOFF,CONTINUES_SHIFT,STARTS_REPOSITIONING,REPOSITIONED,DECIDES_NOT_TO_DRIVE,ENDS_SHIFT,TRAVEL,WAIT,CRUISE,OPERATIONS,IDLE,PAX_KM,REVENUE,nV
sum,100.0,0.0,0.0,0.0,0.0,72114.0,1057.0,0.0,4050.0,0.0,6824.0,0.0,2959.0,19769.0,0.0,0.0,0.0,0.0,325187.0,19769.0,0.0,6824.0,8066.0,290528.0,276.97900000000004,129.4488,40
mean,2.5,0.0,0.0,0.0,0.0,1802.85,26.425,0.0,101.25,0.0,170.6,0.0,73.975,494.225,0.0,0.0,0.0,0.0,8129.675,494.225,0.0,170.6,201.65,7263.2,6.924475000000001,3.2362200000000003,40
std,1.6012815380508714,0.0,0.0,0.0,0.0,998.2776077080374,15.752716493452072,0.0,101.30146681804355,0.0,133.03938109851882,0.0,46.45620352712699,315.0886312021119,0.0,0.0,0.0,0.0,1193.481105035569,315.0886312021119,0.0,133.03938109851882,148.13309157819134,1548.9254207270146,5.005296958261779,1.8571864984018578,40
