,nRIDES,nREJECTED,OUT,STARTS_DAY,OPENS_APP,RECEIVES_REQUEST,ACCEPTS_REQUEST,REJECTS_REQUEST,IS_ACCEPTED_BY_TRAVELLER,IS_REJECTED_BY_TRAVELLER,ARRIVES_AT_PICKUP,MEETS_TRAVELLER_AT_PICKUP,DEPARTS_FROM_PICKUP,ARRIVES_AT_DROPOFF,CONTINUES_SHIFT,STARTS_REPOSITIONING,REPOSITIONED,DECIDES_NOT_TO_DRIVE,ENDS_SHIFT,TRAVEL,WAIT,CRUISE,OPERATIONS,IDLE,PAX_KM,REVENUE,nV
sum,100.0,0.0,0.0,0.0,0.0,238762.0,1350.0,0.0,1682.0,0.0,8000.0,0.0,3000.0,25013.0,0.0,0.0,0.0,0.0,586153.0,25013.0,0.0,8000.0,6032.0,547108.0,276.137,276.137,40
mean,2.5,0.0,0.0,0.0,0.0,5969.05,33.75,0.0,42.05,0.0,200.0,0.0,75.0,625.325,0.0,0.0,0.0,0.0,14653.825,625.325,0.0,200.0,150.8,13677.7,6.903424999999999,6.903424999999999,40
std,2.3533936216582085,0.0,0.0,0.0,0.0,5193.371183908017,31.63797620679203,0.0,38.3204772198752,0.0,216.20455651167543,0.0,70.60180864974625,604.6386667321998,0.0,0.0,0.0,0.0,5826.38604567232,604.6386667321998,0.0,216.20455651167543,139.41566700026297,6528.76292204792,6.932839899431823,6.932839899431823,40
