,nRIDES,nREJECTED,OUT,STARTS_DAY,OPENS_APP,RECEIVES_REQUEST,ACCEPTS_REQUEST,REJECTS_REQUEST,IS_ACCEPTED_BY_TRAVELLER,IS_REJECTED_BY_TRAVELLER,ARRIVES_AT_PICKUP,MEETS_TRAVELLER_AT_PICKUP,DEPARTS_FROM_PICKUP,ARRIVES_AT_DROPOFF,CONTINUES_SHIFT,STARTS_REPOSITIONING,REPOSITIONED,DECIDES_NOT_TO_DRIVE,ENDS_SHIFT,TRAVEL,WAIT,CRUISE,OPERATIONS,IDLE,PAX_KM,TTRAV,DIST,DRIVING_TIME,DRIVING_DIST,FARE,COMMISSION,REVENUE,PICKUP_DIST,TRAVEL_DIST,OPERATING_COST,PROFIT,nV
sum,100.0,0.0,0.0,0.0,0.0,299020.0,1309.0,0.0,2408.0,0.0,26282.0,0.0,2988.0,22860.0,0.0,0.0,0.0,0.0,509093.0,22860.0,0.0,26282.0,6705.0,453246.0,262.645,10774.0,107.74000000000001,49142.0,491.42,161.904,32.3808,129.5232,262.82,370.56000000000006,18.528000000000002,110.99519999999998,40
mean,2.5,0.0,0.0,0.0,0.0,7475.5,32.725,0.0,60.2,0.0,657.05,0.0,74.7,571.5,0.0,0.0,0.0,0.0,12727.325,571.5,0.0,657.05,167.625,11331.15,6.5661249999999995,269.35,2.6935000000000002,1228.55,12.2855,4.0476,0.80952,3.23808,6.5705,9.264000000000001,0.46320000000000006,2.7748799999999996,40
std,2.5012817227194253,0.0,0.0,0.0,0.0,5013.497029174193,31.774838860573073,0.0,73.37616464807587,0.0,2222.7829859354474,0.0,74.63078350221072,511.44691681341544,0.0,0.0,0.0,0.0,5576.917990815541,511.44691681341544,0.0,2222.7829859354474,167.4482220009578,6970.825178501522,6.048072526984664,160.7869349839671,1.607869349839671,2336.4193067433503,23.364193067433504,2.411860113624401,0.48237202272488017,1.9294880908995207,22.227829859354475,22.144286500480995,1.1072143250240496,2.2397201794317625,40
