,nRIDES,nREJECTED,OUT,STARTS_DAY,OPENS_APP,RECEIVES_REQUEST,ACCEPTS_REQUEST,REJECTS_REQUEST,IS_ACCEPTED_BY_TRAVELLER,IS_REJECTED_BY_TRAVELLER,ARRIVES_AT_PICKUP,MEETS_TRAVELLER_AT_PICKUP,DEPARTS_FROM_PICKUP,ARRIVES_AT_DROPOFF,CONTINUES_SHIFT,STARTS_REPOSITIONING,REPOSITIONED,DECIDES_NOT_TO_DRIVE,ENDS_SHIFT,TRAVEL,WAIT,CRUISE,OPERATIONS,IDLE,PAX_KM,TTRAV,DIST,DRIVING_TIME,DRIVING_DIST,FARE,COMMISSION,REVENUE,PICKUP_DIST,TRAVEL_DIST,OPERATING_COST,PROFIT,nV
sum,399.0,0.0,0.0,0.0,0.0,261360.0,4420.0,0.0,14071.0,0.0,34824.0,0.0,11847.0,75099.0,0.0,0.0,0.0,0.0,237437.0,75099.0,0.0,34824.0,30338.0,97176.0,1024.4379999999999,6259.0,62.589999999999996,109923.0,1099.2299999999998,94.14,18.828000000000003,75.312,348.24,410.83,20.541499999999996,54.7705,30
mean,13.3,0.0,0.0,0.0,0.0,8712.0,147.33333333333334,0.0,469.03333333333336,0.0,1160.8,0.0,394.9,2503.3,0.0,0.0,0.0,0.0,7914.566666666667,2503.3,0.0,1160.8,1011.2666666666667,3239.2,34.14793333333333,208.63333333333333,2.086333333333333,3664.1,36.64099999999999,3.138,0.6276,2.5103999999999997,11.608,13.694333333333333,0.6847166666666665,1.8256833333333333,30
std,4.602473098312434,0.0,0.0,0.0,0.0,1986.1855314942866,52.753384159027036,0.0,226.71210413411885,0.0,483.8715560545181,0.0,137.7249507858526,1024.8520549243965,0.0,0.0,0.0,0.0,3002.422914492771,1024.8520549243965,0.0,483.8715560545181,391.3698253952201,4147.669652326182,14.280913725073354,90.67999183689989,0.9067999183689989,1463.2392349239033,14.632392349239032,1.3610268625892934,0.2722053725178587,1.0888214900714348,4.838715560545181,4.93187848616517,0.24659392430825852,1.0690381758556529,30
