,ACCEPTS_OFFER,ARRIVES_AT_DROPOFF,ARRIVES_AT_PICKUP,DEPARTS_FROM_PICKUP,MEETS_DRIVER_AT_PICKUP,RECEIVES_OFFER,REQUESTS_RIDE,SETS_OFF_FOR_DEST,STARTS_DAY,IS_REJECTED_BY_VEHICLE,REJECTS_OFFER,ARRIVES_AT_DEST,PREFERS_OTHER_SERVICE,LOSES_PATIENCE,TRAVEL,WAIT,OPERATIONS,nP
sum,4500.0,90419.0,5220.0,9000.0,47975.0,584623.0,1647005.0,3000.0,0.0,0.0,0.0,0.0,0.0,0.0,90419.0,632598.0,16500.0,300
mean,15.0,301.39666666666665,17.4,30.0,159.91666666666666,1948.7433333333333,5490.016666666666,10.0,0.0,0.0,0.0,0.0,0.0,0.0,301.39666666666665,2108.66,55.0,300
std,0.0,168.23764642454563,4.393671337968631,0.0,154.5185306360436,3994.894327314586,4876.657364756416,0.0,0.0,0.0,0.0,0.0,0.0,0.0,168.23764642454563,4079.0995978890155,0.0,300
