,ACCEPTS_OFFER,ARRIVES_AT_DROPOFF,ARRIVES_AT_PICKUP,DEPARTS_FROM_PICKUP,MEETS_DRIVER_AT_PICKUP,RECEIVES_OFFER,REQUESTS_RIDE,SETS_OFF_FOR_DEST,STARTS_DAY,IS_REJECTED_BY_VEHICLE,REJECTS_OFFER,ARRIVES_AT_DEST,PREFERS_OTHER_SERVICE,LOSES_PATIENCE,TRAVEL,WAIT,OPERATIONS,nP
sum,4500.0,86255.0,5230.0,9000.0,59540.0,548318.0,1624911.0,3000.0,0.0,0.0,0.0,0.0,0.0,0.0,86255.0,607858.0,16500.0,300
mean,15.0,287.51666666666665,17.433333333333334,30.0,198.46666666666667,1827.7266666666667,5416.37,10.0,0.0,0.0,0.0,0.0,0.0,0.0,287.51666666666665,2026.1933333333334,55.0,300
std,0.0,166.42041814073178,4.375236894366786,0.0,586.1901898569303,3793.00111479177,4670.163219999718,0.0,0.0,0.0,0.0,0.0,0.0,0.0,166.42041814073178,3912.7614780231484,0.0,300
