,ACCEPTS_OFFER,ARRIVES_AT_DROPOFF,ARRIVES_AT_PICKUP,DEPARTS_FROM_PICKUP,MEETS_DRIVER_AT_PICKUP,RECEIVES_OFFER,REQUESTS_RIDE,SETS_OFF_FOR_DEST,STARTS_DAY,IS_REJECTED_BY_VEHICLE,REJECTS_OFFER,ARRIVES_AT_DEST,PREFERS_OTHER_SERVICE,LOSES_PATIENCE,TRAVEL,WAIT,OPERATIONS,nP
sum,4500.0,90764.0,5160.0,8940.0,64111.0,503301.0,1474477.0,2980.0,0.0,0.0,0.0,0.0,0.0,0.0,90764.0,567412.0,16420.0,300
mean,15.0,302.5466666666667,17.2,29.8,213.70333333333335,1677.67,4914.923333333333,9.933333333333334,0.0,0.0,0.0,0.0,0.0,0.0,302.5466666666667,1891.3733333333332,54.733333333333334,300
std,0.0,169.65745882021614,4.497490939308713,2.4453901754869083,814.5656999822138,3379.5374128495037,4670.915128528378,0.8151300584956361,0.0,0.0,0.0,0.0,0.0,0.0,169.65745882021614,3502.7326466539444,3.2605202339825445,300
