,nRIDES,nREJECTED,OUT,STARTS_DAY,OPENS_APP,RECEIVES_REQUEST,ACCEPTS_REQUEST,REJECTS_REQUEST,IS_ACCEPTED_BY_TRAVELLER,IS_REJECTED_BY_TRAVELLER,ARRIVES_AT_PICKUP,MEETS_TRAVELLER_AT_PICKUP,DEPARTS_FROM_PICKUP,ARRIVES_AT_DROPOFF,CONTINUES_SHIFT,STARTS_REPOSITIONING,REPOSITIONED,DECIDES_NOT_TO_DRIVE,ENDS_SHIFT,TRAVEL,WAIT,CRUISE,OPERATIONS,IDLE,PAX_KM,REVENUE,nV
sum,300.0,0.0,0.0,0.0,0.0,164253.0,3330.0,0.0,4280.0,0.0,33998.0,0.0,9000.0,59027.0,0.0,0.0,0.0,0.0,158092.0,59027.0,0.0,33998.0,16610.0,48457.0,802.675,802.675,20
mean,15.0,0.0,0.0,0.0,0.0,8212.65,166.5,0.0,214.0,0.0,1699.9,0.0,450.0,2951.35,0.0,0.0,0.0,0.0,7904.6,2951.35,0.0,1699.9,830.5,2422.85,40.13374999999999,40.13374999999999,20
std,4.065257161542635,0.0,0.0,0.0,0.0,1428.5230604405817,49.36704632807086,0.0,60.29663515094616,0.0,598.9581217238375,0.0,121.95771484627906,966.4041475054779,0.0,0.0,0.0,0.0,1816.821498632911,966.4041475054779,0.0,598.9581217238375,226.40822469717463,3161.4608261471717,12.626435184189015,12.626435184189015,20
