,nRIDES,nREJECTED,OUT,STARTS_DAY,OPENS_APP,RECEIVES_REQUEST,ACCEPTS_REQUEST,REJECTS_REQUEST,IS_ACCEPTED_BY_TRAVELLER,IS_REJECTED_BY_TRAVELLER,ARRIVES_AT_PICKUP,MEETS_TRAVELLER_AT_PICKUP,DEPARTS_FROM_PICKUP,ARRIVES_AT_DROPOFF,CONTINUES_SHIFT,STARTS_REPOSITIONING,REPOSITIONED,DECIDES_NOT_TO_DRIVE,ENDS_SHIFT,TRAVEL,WAIT,CRUISE,OPERATIONS,IDLE,PAX_KM,REVENUE,nV
sum,300.0,0.0,0.0,0.0,0.0,156126.0,3345.0,0.0,4342.0,0.0,43910.0,0.0,9000.0,55459.0,0.0,0.0,0.0,0.0,159798.0,55459.0,0.0,43910.0,16687.0,43742.0,757.7809999999998,757.7809999999998,20
mean,15.0,0.0,0.0,0.0,0.0,7806.3,167.25,0.0,217.1,0.0,2195.5,0.0,450.0,2772.95,0.0,0.0,0.0,0.0,7989.9,2772.95,0.0,2195.5,834.35,2187.1,37.88905,37.88905,20
std,4.790341159150633,0.0,0.0,0.0,0.0,2027.0616821295534,54.90362369404083,0.0,70.29853633274534,0.0,2056.899774955145,0.0,143.710234774519,913.3990581742922,0.0,0.0,0.0,0.0,1111.0128570007878,913.3990581742922,0.0,2056.899774955145,265.995701389881,2684.2145160961063,12.079888381651458,12.079888381651458,20
