,nRIDES,nREJECTED,OUT,STARTS_DAY,OPENS_APP,RECEIVES_REQUEST,ACCEPTS_REQUEST,REJECTS_REQUEST,IS_ACCEPTED_BY_TRAVELLER,IS_REJECTED_BY_TRAVELLER,ARRIVES_AT_PICKUP,MEETS_TRAVELLER_AT_PICKUP,DEPARTS_FROM_PICKUP,ARRIVES_AT_DROPOFF,CONTINUES_SHIFT,STARTS_REPOSITIONING,REPOSITIONED,DECIDES_NOT_TO_DRIVE,ENDS_SHIFT,TRAVEL,WAIT,CRUISE,OPERATIONS,IDLE,PAX_KM,REVENUE,nV
sum,298.0,0.0,0.0,0.0,0.0,160774.0,3240.0,0.0,4178.0,0.0,50599.0,0.0,8940.0,57879.0,0.0,0.0,0.0,0.0,138238.0,57879.0,0.0,50599.0,16358.0,13402.0,812.4430000000001,812.4430000000001,20
mean,14.9,0.0,0.0,0.0,0.0,8038.7,162.0,0.0,208.9,0.0,2529.95,0.0,447.0,2893.95,0.0,0.0,0.0,0.0,6911.9,2893.95,0.0,2529.95,817.9,670.1,40.622150000000005,40.622150000000005,20
std,4.351648205595571,0.0,0.0,0.0,0.0,1630.4271671462118,39.11521443121589,0.0,52.42528518106305,0.0,2960.8001314545113,0.0,130.54944616786716,964.8347267796697,0.0,0.0,0.0,0.0,2556.827925791109,964.8347267796697,0.0,2960.8001314545113,216.22305734198605,5111.853221474061,16.6155326292979,16.6155326292979,20
