,ACCEPTS_OFFER,ARRIVES_AT_DROPOFF,ARRIVES_AT_PICKUP,DEPARTS_FROM_PICKUP,MEETS_DRIVER_AT_PICKUP,RECEIVES_OFFER,REQUESTS_RIDE,SETS_OFF_FOR_DEST,STARTS_DAY,IS_REJECTED_BY_VEHICLE,REJECTS_OFFER,ARRIVES_AT_DEST,PREFERS_OTHER_SERVICE,LOSES_PATIENCE,TRAVEL,WAIT,OPERATIONS,nP
sum,4500.0,91063.0,5150.0,9000.0,59212.0,645185.0,1547586.0,3000.0,0.0,0.0,0.0,0.0,0.0,0.0,91063.0,704397.0,16500.0,300
mean,15.0,303.54333333333335,17.166666666666668,30.0,197.37333333333333,2150.616666666667,5158.62,10.0,0.0,0.0,0.0,0.0,0.0,0.0,303.54333333333335,2347.99,55.0,300
std,0.0,173.20892749538797,4.513697720560995,0.0,587.4924042394239,4063.7705883046783,4822.231516451785,0.0,0.0,0.0,0.0,0.0,0.0,0.0,173.20892749538797,4174.949528050917,0.0,300
