,nRIDES,nREJECTED,OUT,STARTS_DAY,OPENS_APP,RECEIVES_REQUEST,ACCEPTS_REQUEST,REJECTS_REQUEST,IS_ACCEPTED_BY_TRAVELLER,IS_REJECTED_BY_TRAVELLER,ARRIVES_AT_PICKUP,MEETS_TRAVELLER_AT_PICKUP,DEPARTS_FROM_PICKUP,ARRIVES_AT_DROPOFF,CONTINUES_SHIFT,STARTS_REPOSITIONING,REPOSITIONED,DECIDES_NOT_TO_DRIVE,ENDS_SHIFT,TRAVEL,WAIT,CRUISE,OPERATIONS,IDLE,PAX_KM,REVENUE,nV
sum,300.0,0.0,0.0,0.0,0.0,270861.0,3225.0,0.0,4053.0,0.0,41531.0,0.0,9000.0,57719.0,0.0,0.0,0.0,0.0,261581.0,57719.0,0.0,41531.0,16278.0,146053.0,805.5210000000002,805.5210000000002,30
mean,10.0,0.0,0.0,0.0,0.0,9028.7,107.5,0.0,135.1,0.0,1384.3666666666666,0.0,300.0,1923.9666666666667,0.0,0.0,0.0,0.0,8719.366666666667,1923.9666666666667,0.0,1384.3666666666666,542.6,4868.433333333333,26.850700000000003,26.850700000000003,30
std,3.4839533628455417,0.0,0.0,0.0,0.0,2490.890010584086,35.90576747447455,0.0,43.1208006451163,0.0,1715.2386077771205,0.0,104.51860088536624,766.832512546808,0.0,0.0,0.0,0.0,2540.9869584451835,766.832512546808,0.0,1715.2386077771205,179.48827643974508,3763.1505846814725,11.500229779263634,11.500229779263634,30
