,nRIDES,nREJECTED,OUT,STARTS_DAY,OPENS_APP,RECEIVES_REQUEST,ACCEPTS_REQUEST,REJECTS_REQUEST,IS_ACCEPTED_BY_TRAVELLER,IS_REJECTED_BY_TRAVELLER,ARRIVES_AT_PICKUP,MEETS_TRAVELLER_AT_PICKUP,DEPARTS_FROM_PICKUP,ARRIVES_AT_DROPOFF,CONTINUES_SHIFT,STARTS_REPOSITIONING,REPOSITIONED,DECIDES_NOT_TO_DRIVE,ENDS_SHIFT,TRAVEL,WAIT,CRUISE,OPERATIONS,IDLE,PAX_KM,REVENUE,nV
sum,300.0,0.0,0.0,0.0,0.0,247115.0,3225.0,0.0,4024.0,0.0,42776.0,0.0,9000.0,57719.0,0.0,0.0,0.0,0.0,284111.0,57719.0,0.0,42776.0,16249.0,167367.0,805.5210000000001,805.5210000000001,30
mean,10.0,0.0,0.0,0.0,0.0,8237.166666666666,107.5,0.0,134.13333333333333,0.0,1425.8666666666666,0.0,300.0,1923.9666666666667,0.0,0.0,0.0,0.0,9470.366666666667,1923.9666666666667,0.0,1425.8666666666666,541.6333333333333,5578.9,26.850700000000003,26.850700000000003,30
std,4.799425252946512,0.0,0.0,0.0,0.0,3393.5860097759605,44.58138625031752,0.0,56.84263415317119,0.0,1800.8094489046775,0.0,143.98275758839534,1048.383105921499,0.0,0.0,0.0,0.0,4100.322766801904,1048.383105921499,0.0,1800.8094489046775,240.33804975683637,5807.573315700919,16.30092895628746,16.30092895628746,30
