,nRIDES,nREJECTED,OUT,STARTS_DAY,OPENS_APP,RECEIVES_REQUEST,ACCEPTS_REQUEST,REJECTS_REQUEST,IS_ACCEPTED_BY_TRAVELLER,IS_REJECTED_BY_TRAVELLER,ARRIVES_AT_PICKUP,MEETS_TRAVELLER_AT_PICKUP,DEPARTS_FROM_PICKUP,ARRIVES_AT_DROPOFF,CONTINUES_SHIFT,STARTS_REPOSITIONING,REPOSITIONED,DECIDES_NOT_TO_DRIVE,ENDS_SHIFT,TRAVEL,WAIT,CRUISE,OPERATIONS,IDLE,PAX_KM,REVENUE,nV
sum,300.0,0.0,0.0,0.0,0.0,219613.0,3225.0,0.0,4045.0,0.0,43268.0,0.0,9000.0,57719.0,0.0,0.0,0.0,0.0,311100.0,57719.0,0.0,43268.0,16270.0,193843.0,805.521,805.521,30
mean,10.0,0.0,0.0,0.0,0.0,7320.433333333333,107.5,0.0,134.83333333333334,0.0,1442.2666666666667,0.0,300.0,1923.9666666666667,0.0,0.0,0.0,0.0,10370.0,1923.9666666666667,0.0,1442.2666666666667,542.3333333333334,6461.433333333333,26.850700000000003,26.850700000000003,30
std,5.375551294903429,0.0,0.0,0.0,0.0,3757.494898093064,52.86205209528039,0.0,66.04234970095315,0.0,1798.7378128955397,0.0,161.26653884710288,1079.8707931438173,0.0,0.0,0.0,0.0,5093.2990460421415,1079.8707931438173,0.0,1798.7378128955397,277.3152486367037,7066.174103496144,16.33115990802182,16.33115990802182,30
