,ACCEPTS_OFFER,ARRIVES_AT_DROPOFF,ARRIVES_AT_PICKUP,DEPARTS_FROM_PICKUP,MEETS_DRIVER_AT_PICKUP,RECEIVES_OFFER,REQUESTS_RIDE,SETS_OFF_FOR_DEST,STARTS_DAY,IS_REJECTED_BY_VEHICLE,REJECTS_OFFER,ARRIVES_AT_DEST,PREFERS_OTHER_SERVICE,LOSES_PATIENCE,TRAVEL,WAIT,OPERATIONS,LOST_PATIENCE,nP
sum,1474.0,31150.0,2354.0,2930.0,9288.0,50686.0,139816.0,990.0,0.0,0.0,0.0,0.0,0.0,0.0,31150.0,59974.0,5394.0,1.0,100
mean,14.74,311.5,23.54,29.3,92.88,506.86,1398.16,9.9,0.0,0.0,0.0,0.0,0.0,0.0,311.5,599.74,53.94,0.01,100
std,1.829168823771766,182.29499347613648,6.823044730465966,3.6913767927783567,109.87801132955298,971.8740931464799,1137.7592253853602,1.0,0.0,0.0,0.0,0.0,0.0,0.0,182.29499347613648,998.6081790940506,4.8446992797397765,0.09999999999999999,100
