,ACCEPTS_OFFER,ARRIVES_AT_DROPOFF,ARRIVES_AT_PICKUP,DEPARTS_FROM_PICKUP,MEETS_DRIVER_AT_PICKUP,RECEIVES_OFFER,REQUESTS_RIDE,SETS_OFF_FOR_DEST,STARTS_DAY,IS_REJECTED_BY_VEHICLE,REJECTS_OFFER,ARRIVES_AT_DEST,PREFERS_OTHER_SERVICE,LOSES_PATIENCE,TRAVEL,WAIT,OPERATIONS,LOST_PATIENCE,nP
sum,1484.0,29801.0,2408.0,3000.0,9132.0,52999.0,124248.0,1000.0,0.0,0.0,0.0,0.0,0.0,0.0,29801.0,62131.0,5484.0,0.0,100
mean,14.84,298.01,24.08,30.0,91.32,529.99,1242.48,10.0,0.0,0.0,0.0,0.0,0.0,0.0,298.01,621.31,54.84,0.0,100
std,0.8130252769810425,184.76140743339147,6.6903820609298625,0.0,100.72824526387518,963.708341551404,1119.0650542106814,0.0,0.0,0.0,0.0,0.0,0.0,0.0,184.76140743339147,969.4935332482115,0.8130252769810424,0.0,100
