,ACCEPTS_OFFER,ARRIVES_AT_DROPOFF,ARRIVES_AT_PICKUP,DEPARTS_FROM_PICKUP,MEETS_DRIVER_AT_PICKUP,RECEIVES_OFFER,REQUESTS_RIDE,SETS_OFF_FOR_DEST,STARTS_DAY,IS_REJECTED_BY_VEHICLE,REJECTS_OFFER,ARRIVES_AT_DEST,PREFERS_OTHER_SERVICE,LOSES_PATIENCE,TRAVEL,WAIT,OPERATIONS,nP
sum,1500.0,27479.0,1870.0,3000.0,13642.0,80056.0,612589.0,1000.0,0.0,0.0,0.0,0.0,0.0,0.0,27479.0,93698.0,5500.0,100
mean,15.0,274.79,18.7,30.0,136.42,800.56,6125.89,10.0,0.0,0.0,0.0,0.0,0.0,0.0,274.79,936.98,55.0,100
std,0.0,138.02044168612244,3.3799766898963144,0.0,133.28341338226704,2349.7847024522866,4682.9100313282925,0.0,0.0,0.0,0.0,0.0,0.0,0.0,138.02044168612244,2430.2801059827157,0.0,100
