,ACCEPTS_OFFER,ARRIVES_AT_DROPOFF,ARRIVES_AT_PICKUP,DEPARTS_FROM_PICKUP,MEETS_DRIVER_AT_PICKUP,RECEIVES_OFFER,REQUESTS_RIDE,SETS_OFF_FOR_DEST,STARTS_DAY,IS_REJECTED_BY_VEHICLE,REJECTS_OFFER,ARRIVES_AT_DEST,PREFERS_OTHER_SERVICE,LOSES_PATIENCE,TRAVEL,WAIT,OPERATIONS,LOST_PATIENCE,nP
sum,1500.0,28855.0,2364.0,2940.0,11126.0,37238.0,130300.0,980.0,0.0,0.0,0.0,0.0,0.0,0.0,28855.0,48364.0,5420.0,2.0,100
mean,15.0,288.55,23.64,29.4,111.26,372.38,1303.0,9.8,0.0,0.0,0.0,0.0,0.0,0.0,288.55,483.64,54.2,0.02,100
std,0.0,173.51990978244856,6.682587051207765,4.22115882408869,147.32590273323157,728.685696333065,1158.3752554000937,1.4070529413628967,0.0,0.0,0.0,0.0,0.0,0.0,173.51990978244856,765.3015451111378,5.628211765451587,0.14070529413628968,100
