,nRIDES,nREJECTED,OUT,STARTS_DAY,OPENS_APP,RECEIVES_REQUEST,ACCEPTS_REQUEST,REJECTS_REQUEST,IS_ACCEPTED_BY_TRAVELLER,IS_REJECTED_BY_TRAVELLER,ARRIVES_AT_PICKUP,MEETS_TRAVELLER_AT_PICKUP,DEPARTS_FROM_PICKUP,ARRIVES_AT_DROPOFF,CONTINUES_SHIFT,STARTS_REPOSITIONING,REPOSITIONED,DECIDES_NOT_TO_DRIVE,ENDS_SHIFT,TRAVEL,WAIT,CRUISE,OPERATIONS,IDLE,PAX_KM,REVENUE,nV
sum,99.0,0.0,0.0,0.0,0.0,54966.0,1112.0,0.0,3001.0,0.0,8408.0,0.0,2884.0,20496.0,0.0,0.0,0.0,0.0,225245.0,20496.0,0.0,8408.0,6997.0,189344.0,275.76300000000003,99.80970000000002,30
mean,3.3,0.0,0.0,0.0,0.0,1832.2,37.06666666666667,0.0,100.03333333333333,0.0,280.26666666666665,0.0,96.13333333333334,683.2,0.0,0.0,0.0,0.0,7508.166666666667,683.2,0.0,280.26666666666665,233.23333333333332,6311.466666666666,9.192100000000002,3.326990000000001,30
std,1.6640208884630563,0.0,0.0,0.0,0.0,811.6871063536058,19.96191776657594,0.0,85.22970314890564,0.0,236.24328975448802,0.0,48.20983826717454,388.3411582261321,0.0,0.0,0.0,0.0,1763.346193704054,388.3411582261321,0.0,236.24328975448802,135.8794301586148,2101.163006910505,5.5186069228534045,1.9958237736367892,30
