,nRIDES,nREJECTED,OUT,STARTS_DAY,OPENS_APP,RECEIVES_REQUEST,ACCEPTS_REQUEST,REJECTS_REQUEST,IS_ACCEPTED_BY_TRAVELLER,IS_REJECTED_BY_TRAVELLER,ARRIVES_AT_PICKUP,MEETS_TRAVELLER_AT_PICKUP,DEPARTS_FROM_PICKUP,ARRIVES_AT_DROPOFF,CONTINUES_SHIFT,STARTS_REPOSITIONING,REPOSITIONED,DECIDES_NOT_TO_DRIVE,ENDS_SHIFT,TRAVEL,WAIT,CRUISE,OPERATIONS,IDLE,PAX_KM,REVENUE,nV
sum,100.0,0.0,0.0,0.0,0.0,253320.0,1305.0,0.0,1651.0,0.0,8306.0,0.0,3000.0,22406.0,0.0,0.0,0.0,0.0,357982.0,22406.0,0.0,8306.0,5956.0,321314.0,259.581,259.581,30
mean,3.3333333333333335,0.0,0.0,0.0,0.0,8444.0,43.5,0.0,55.03333333333333,0.0,276.8666666666667,0.0,100.0,746.8666666666667,0.0,0.0,0.0,0.0,11932.733333333334,746.8666666666667,0.0,276.8666666666667,198.53333333333333,10710.466666666667,8.652700000000001,8.652700000000001,30
std,2.2334963055994597,0.0,0.0,0.0,0.0,4080.9517568061633,28.50136112902148,0.0,36.9384234427619,0.0,225.2559820987322,0.0,67.0048891679838,505.5738789993376,0.0,0.0,0.0,0.0,4544.351529425128,505.5738789993376,0.0,225.2559820987322,130.72206191482894,5092.670695145662,6.008280281526429,6.008280281526429,30
