,nRIDES,nREJECTED,OUT,STARTS_DAY,OPENS_APP,RECEIVES_REQUEST,ACCEPTS_REQUEST,REJECTS_REQUEST,IS_ACCEPTED_BY_TRAVELLER,IS_REJECTED_BY_TRAVELLER,ARRIVES_AT_PICKUP,MEETS_TRAVELLER_AT_PICKUP,DEPARTS_FROM_PICKUP,ARRIVES_AT_DROPOFF,CONTINUES_SHIFT,STARTS_REPOSITIONING,REPOSITIONED,DECIDES_NOT_TO_DRIVE,ENDS_SHIFT,TRAVEL,WAIT,CRUISE,OPERATIONS,IDLE,PAX_KM,REVENUE,nV
sum,100.0,0.0,0.0,0.0,0.0,46817.0,1057.0,0.0,3869.0,0.0,8983.0,0.0,2979.0,19278.0,0.0,0.0,0.0,0.0,240987.0,19278.0,0.0,8983.0,7905.0,204821.0,274.037,107.03729999999999,30
mean,3.3333333333333335,0.0,0.0,0.0,0.0,1560.5666666666666,35.233333333333334,0.0,128.96666666666667,0.0,299.43333333333334,0.0,99.3,642.6,0.0,0.0,0.0,0.0,8032.9,642.6,0.0,299.43333333333334,263.5,6827.366666666667,9.134566666666666,3.5679099999999995,30
std,2.2793425145972632,0.0,0.0,0.0,0.0,912.3013976915113,26.856814884627074,0.0,119.93460382809582,0.0,210.95165050450476,0.0,67.71906979421014,463.7436568949971,0.0,0.0,0.0,0.0,1380.32972947371,463.7436568949971,0.0,210.95165050450476,194.07210711130202,2080.9890798787756,6.57838131061252,2.65732888096688,30
