,nRIDES,nREJECTED,OUT,STARTS_DAY,OPENS_APP,RECEIVES_REQUEST,ACCEPTS_REQUEST,REJECTS_REQUEST,IS_ACCEPTED_BY_TRAVELLER,IS_REJECTED_BY_TRAVELLER,ARRIVES_AT_PICKUP,MEETS_TRAVELLER_AT_PICKUP,DEPARTS_FROM_PICKUP,ARRIVES_AT_DROPOFF,CONTINUES_SHIFT,STARTS_REPOSITIONING,REPOSITIONED,DECIDES_NOT_TO_DRIVE,ENDS_SHIFT,TRAVEL,WAIT,CRUISE,OPERATIONS,IDLE,PAX_KM,REVENUE,nV
sum,100.0,0.0,0.0,0.0,0.0,242063.0,1305.0,0.0,1675.0,0.0,11285.0,0.0,3000.0,22406.0,0.0,0.0,0.0,0.0,366236.0,22406.0,0.0,11285.0,5980.0,326565.0,259.581,259.581,30
mean,3.3333333333333335,0.0,0.0,0.0,0.0,8068.766666666666,43.5,0.0,55.833333333333336,0.0,376.1666666666667,0.0,100.0,746.8666666666667,0.0,0.0,0.0,0.0,12207.866666666667,746.8666666666667,0.0,376.1666666666667,199.33333333333334,10885.5,8.652700000000001,8.652700000000001,30
std,2.3242845889810297,0.0,0.0,0.0,0.0,4583.271664496303,28.22782926169822,0.0,36.95764895244223,0.0,348.75918807160883,0.0,69.72853766943088,551.3799449364847,0.0,0.0,0.0,0.0,4869.913655917521,551.3799449364847,0.0,348.75918807160883,133.1673392010408,5322.073842287292,6.732446474171645,6.732446474171645,30
