,nRIDES,nREJECTED,OUT,STARTS_DAY,OPENS_APP,RECEIVES_REQUEST,ACCEPTS_REQUEST,REJECTS_REQUEST,IS_ACCEPTED_BY_TRAVELLER,IS_REJECTED_BY_TRAVELLER,ARRIVES_AT_PICKUP,MEETS_TRAVELLER_AT_PICKUP,DEPARTS_FROM_PICKUP,ARRIVES_AT_DROPOFF,CONTINUES_SHIFT,STARTS_REPOSITIONING,REPOSITIONED,DECIDES_NOT_TO_DRIVE,ENDS_SHIFT,TRAVEL,WAIT,CRUISE,OPERATIONS,IDLE,PAX_KM,REVENUE,nV
sum,100.0,0.0,0.0,0.0,0.0,221702.0,1305.0,0.0,1684.0,0.0,11334.0,0.0,3000.0,22406.0,0.0,0.0,0.0,0.0,386539.0,22406.0,0.0,11334.0,5989.0,346810.0,259.58099999999996,259.58099999999996,30
mean,3.3333333333333335,0.0,0.0,0.0,0.0,7390.066666666667,43.5,0.0,56.13333333333333,0.0,377.8,0.0,100.0,746.8666666666667,0.0,0.0,0.0,0.0,12884.633333333333,746.8666666666667,0.0,377.8,199.63333333333333,11560.333333333334,8.652700000000001,8.652700000000001,30
std,2.6565901573949673,0.0,0.0,0.0,0.0,4851.50642039423,32.32779310278621,0.0,42.108835450395745,0.0,372.5998500749324,0.0,79.69770472184901,614.5947772556199,0.0,0.0,0.0,0.0,5347.554436106887,614.5947772556199,0.0,372.5998500749324,153.03492577103805,6005.098353056764,7.410460263754855,7.410460263754855,30
