,nRIDES,nREJECTED,OUT,STARTS_DAY,OPENS_APP,RECEIVES_REQUEST,ACCEPTS_REQUEST,REJECTS_REQUEST,IS_ACCEPTED_BY_TRAVELLER,IS_REJECTED_BY_TRAVELLER,ARRIVES_AT_PICKUP,MEETS_TRAVELLER_AT_PICKUP,DEPARTS_FROM_PICKUP,ARRIVES_AT_DROPOFF,CONTINUES_SHIFT,STARTS_REPOSITIONING,REPOSITIONED,DECIDES_NOT_TO_DRIVE,ENDS_SHIFT,TRAVEL,WAIT,CRUISE,OPERATIONS,IDLE,PAX_KM,REVENUE,nV
sum,98.0,0.0,0.0,0.0,0.0,46905.0,1125.0,0.0,4088.0,0.0,9644.0,0.0,2928.0,19638.0,0.0,0.0,0.0,0.0,231632.0,19638.0,0.0,9644.0,8141.0,194209.0,276.638,106.05119999999998,30
mean,3.2666666666666666,0.0,0.0,0.0,0.0,1563.5,37.5,0.0,136.26666666666668,0.0,321.46666666666664,0.0,97.6,654.6,0.0,0.0,0.0,0.0,7721.066666666667,654.6,0.0,321.46666666666664,271.3666666666667,6473.633333333333,9.221266666666667,3.5350399999999995,30
std,1.7798359733284477,0.0,0.0,0.0,0.0,831.672173063567,22.196225214957238,0.0,108.02488006308398,0.0,294.6549979486042,0.0,52.80125390360633,372.30573272606165,0.0,0.0,0.0,0.0,1841.1628809051597,372.30573272606165,0.0,294.6549979486042,166.68646663997512,2289.549353088919,5.76368563796928,2.6291741740811263,30
