,ACCEPTS_OFFER,ARRIVES_AT_DROPOFF,ARRIVES_AT_PICKUP,DEPARTS_FROM_PICKUP,LOSES_PATIENCE,MEETS_DRIVER_AT_PICKUP,RECEIVES_OFFER,REQUESTS_RIDE,SETS_OFF_FOR_DEST,STARTS_DAY,IS_REJECTED_BY_VEHICLE,REJECTS_OFFER,ARRIVES_AT_DEST,PREFERS_OTHER_SERVICE,TRAVEL,WAIT,OPERATIONS,nP
sum,783.0,104014.0,6490.0,11340.0,46740.0,96025.0,776014.0,2434451.0,3780.0,0.0,0.0,0.0,0.0,0.0,104014.0,872039.0,15903.0,500
mean,1.566,208.028,12.98,22.68,93.48,192.05,1552.028,4868.902,7.56,0.0,0.0,0.0,0.0,0.0,208.028,1744.078,31.806,500
std,4.389096985108577,190.31767350853013,8.358188717495826,12.897685862246849,221.01897741314764,642.0527478034204,3404.9620950832787,4745.268405567569,4.299228620748946,0.0,0.0,0.0,0.0,0.0,190.31767350853013,3532.4519548810695,18.591062886195466,500
