,nRIDES,nREJECTED,OUT,STARTS_DAY,OPENS_APP,RECEIVES_REQUEST,ACCEPTS_REQUEST,REJECTS_REQUEST,IS_ACCEPTED_BY_TRAVELLER,IS_REJECTED_BY_TRAVELLER,ARRIVES_AT_PICKUP,MEETS_TRAVELLER_AT_PICKUP,DEPARTS_FROM_PICKUP,ARRIVES_AT_DROPOFF,CONTINUES_SHIFT,STARTS_REPOSITIONING,REPOSITIONED,DECIDES_NOT_TO_DRIVE,ENDS_SHIFT,TRAVEL,WAIT,CRUISE,OPERATIONS,IDLE,PAX_KM,REVENUE,nV
sum,378.0,0.0,0.0,0.0,0.0,4898.0,532.0,0.0,5369.0,0.0,70055.0,0.0,11340.0,63649.0,0.0,0.0,0.0,0.0,60147.0,63649.0,0.0,70055.0,17241.0,-90798.0,903.7220000000001,903.7220000000001,10
mean,37.8,0.0,0.0,0.0,0.0,489.8,53.2,0.0,536.9,0.0,7005.5,0.0,1134.0,6364.9,0.0,0.0,0.0,0.0,6014.7,6364.9,0.0,7005.5,1724.1,-9079.8,90.37219999999999,90.37219999999999,10
std,9.531235200352809,0.0,0.0,0.0,0.0,101.13335530652364,26.844407652660585,0.0,141.96904983520568,0.0,3036.409475021444,0.0,285.9370560105843,1696.7542511774911,0.0,0.0,0.0,0.0,1719.7893960211136,1696.7542511774911,0.0,3036.409475021444,428.73287461749163,3447.145511546876,25.154389066103132,25.154389066103132,10
