,ACCEPTS_OFFER,ARRIVES_AT_DROPOFF,ARRIVES_AT_PICKUP,DEPARTS_FROM_PICKUP,MEETS_DRIVER_AT_PICKUP,RECEIVES_OFFER,REQUESTS_RIDE,SETS_OFF_FOR_DEST,STARTS_DAY,IS_REJECTED_BY_VEHICLE,REJECTS_OFFER,ARRIVES_AT_DEST,PREFERS_OTHER_SERVICE,LOSES_PATIENCE,TRAVEL,WAIT,OPERATIONS,nP
sum,7451.0,151580.0,8400.0,15000.0,136680.0,1102993.0,2290003.0,4990.0,0.0,0.0,0.0,0.0,0.0,0.0,151580.0,1239673.0,27441.0,500
mean,14.902,303.16,16.8,30.0,273.36,2205.986,4580.006,9.98,0.0,0.0,0.0,0.0,0.0,0.0,303.16,2479.346,54.882,500
std,1.17266631766464,172.2910758851408,4.669433286216721,0.0,797.019735840109,3926.3906454663397,4545.148326356483,0.44721359549995776,0.0,0.0,0.0,0.0,0.0,0.0,172.2910758851408,4173.642564810937,1.2534825235613491,500
