,ACCEPTS_OFFER,ARRIVES_AT_DROPOFF,ARRIVES_AT_PICKUP,DEPARTS_FROM_PICKUP,MEETS_DRIVER_AT_PICKUP,RECEIVES_OFFER,REQUESTS_RIDE,SETS_OFF_FOR_DEST,STARTS_DAY,IS_REJECTED_BY_VEHICLE,REJECTS_OFFER,ARRIVES_AT_DEST,PREFERS_OTHER_SERVICE,LOSES_PATIENCE,TRAVEL,WAIT,OPERATIONS,nP
sum,7455.0,151580.0,8400.0,15000.0,136628.0,1102989.0,2290003.0,4990.0,0.0,0.0,0.0,0.0,0.0,0.0,151580.0,1239617.0,27445.0,500
mean,14.91,303.16,16.8,30.0,273.256,2205.978,4580.006,9.98,0.0,0.0,0.0,0.0,0.0,0.0,303.16,2479.234,54.89,500
std,1.1595642191602513,172.2910758851408,4.669433286216721,0.0,796.6785725497582,3926.3951450645413,4545.148326356483,0.44721359549995776,0.0,0.0,0.0,0.0,0.0,0.0,172.2910758851408,4173.465278651329,1.2413629460910613,500
