,nRIDES,nREJECTED,OUT,STARTS_DAY,OPENS_APP,RECEIVES_REQUEST,ACCEPTS_REQUEST,REJECTS_REQUEST,IS_ACCEPTED_BY_TRAVELLER,IS_REJECTED_BY_TRAVELLER,ARRIVES_AT_PICKUP,MEETS_TRAVELLER_AT_PICKUP,DEPARTS_FROM_PICKUP,ARRIVES_AT_DROPOFF,CONTINUES_SHIFT,STARTS_REPOSITIONING,REPOSITIONED,DECIDES_NOT_TO_DRIVE,ENDS_SHIFT,TRAVEL,WAIT,CRUISE,OPERATIONS,IDLE,PAX_KM,REVENUE,nV
sum,498.0,0.0,0.0,0.0,0.0,94623.0,5081.0,0.0,6659.0,0.0,78063.0,0.0,15000.0,88003.0,0.0,0.0,0.0,0.0,144459.0,88003.0,0.0,78063.0,26740.0,-48347.0,1312.125,1312.125,20
mean,24.9,0.0,0.0,0.0,0.0,4731.15,254.05,0.0,332.95,0.0,3903.15,0.0,750.0,4400.15,0.0,0.0,0.0,0.0,7222.95,4400.15,0.0,3903.15,1337.0,-2417.35,65.60625,65.60625,20
std,2.4687520819444924,0.0,0.0,0.0,0.0,876.2661380749812,31.9974916780083,0.0,39.23005695153976,0.0,2244.6167947476374,0.0,71.52474728151236,406.38719869498584,0.0,0.0,0.0,0.0,1758.1780484353685,406.38719869498584,0.0,2244.6167947476374,119.73347595037026,3880.5232457139477,10.159149922347677,10.159149922347677,20
