,nRIDES,nREJECTED,OUT,STARTS_DAY,OPENS_APP,RECEIVES_REQUEST,ACCEPTS_REQUEST,REJECTS_REQUEST,IS_ACCEPTED_BY_TRAVELLER,IS_REJECTED_BY_TRAVELLER,ARRIVES_AT_PICKUP,MEETS_TRAVELLER_AT_PICKUP,DEPARTS_FROM_PICKUP,ARRIVES_AT_DROPOFF,CONTINUES_SHIFT,STARTS_REPOSITIONING,REPOSITIONED,DECIDES_NOT_TO_DRIVE,ENDS_SHIFT,TRAVEL,WAIT,CRUISE,OPERATIONS,IDLE,PAX_KM,REVENUE,nV
sum,498.0,0.0,0.0,0.0,0.0,95090.0,5085.0,0.0,6677.0,0.0,77574.0,0.0,15000.0,88003.0,0.0,0.0,0.0,0.0,144459.0,88003.0,0.0,77574.0,26762.0,-47880.0,1312.1249999999998,1312.1249999999998,20
mean,24.9,0.0,0.0,0.0,0.0,4754.5,254.25,0.0,333.85,0.0,3878.7,0.0,750.0,4400.15,0.0,0.0,0.0,0.0,7222.95,4400.15,0.0,3878.7,1338.1,-2394.0,65.60624999999999,65.60624999999999,20
std,2.5110283068684707,0.0,0.0,0.0,0.0,826.3149966472898,30.576693910989068,0.0,36.9142320293378,0.0,2261.337356987069,0.0,71.52474728151236,447.22845627851456,0.0,0.0,0.0,0.0,1758.1780484353687,447.22845627851456,0.0,2261.337356987069,113.20912181956848,3882.206439913424,10.650989501227722,10.650989501227722,20
