,nRIDES,nREJECTED,OUT,STARTS_DAY,OPENS_APP,RECEIVES_REQUEST,ACCEPTS_REQUEST,REJECTS_REQUEST,IS_ACCEPTED_BY_TRAVELLER,IS_REJECTED_BY_TRAVELLER,ARRIVES_AT_PICKUP,MEETS_TRAVELLER_AT_PICKUP,DEPARTS_FROM_PICKUP,ARRIVES_AT_DROPOFF,CONTINUES_SHIFT,STARTS_REPOSITIONING,REPOSITIONED,DECIDES_NOT_TO_DRIVE,ENDS_SHIFT,TRAVEL,WAIT,CRUISE,OPERATIONS,IDLE,PAX_KM,REVENUE,nV
sum,498.0,0.0,0.0,0.0,0.0,95224.0,5085.0,0.0,6677.0,0.0,77440.0,0.0,15000.0,88003.0,0.0,0.0,0.0,0.0,144459.0,88003.0,0.0,77440.0,26762.0,-47746.0,1312.1250000000002,1312.1250000000002,20
mean,24.9,0.0,0.0,0.0,0.0,4761.2,254.25,0.0,333.85,0.0,3872.0,0.0,750.0,4400.15,0.0,0.0,0.0,0.0,7222.95,4400.15,0.0,3872.0,1338.1,-2387.3,65.60625000000002,65.60625000000002,20
std,3.1937438845342627,0.0,0.0,0.0,0.0,792.3568839727131,30.576693910989068,0.0,36.88570540409787,0.0,2189.0075617190446,0.0,91.82362956978133,451.20893456532855,0.0,0.0,0.0,0.0,1758.1780484353685,451.20893456532855,0.0,2189.0075617190446,138.4880386246598,3833.507931797963,11.103960245999481,11.103960245999481,20
