,nRIDES,nREJECTED,OUT,STARTS_DAY,OPENS_APP,RECEIVES_REQUEST,ACCEPTS_REQUEST,REJECTS_REQUEST,IS_ACCEPTED_BY_TRAVELLER,IS_REJECTED_BY_TRAVELLER,ARRIVES_AT_PICKUP,MEETS_TRAVELLER_AT_PICKUP,DEPARTS_FROM_PICKUP,ARRIVES_AT_DROPOFF,CONTINUES_SHIFT,STARTS_REPOSITIONING,REPOSITIONED,DECIDES_NOT_TO_DRIVE,ENDS_SHIFT,TRAVEL,WAIT,CRUISE,OPERATIONS,IDLE,PAX_KM,REVENUE,nV
sum,100.0,0.0,0.0,0.0,0.0,169876.0,1305.0,0.0,1718.0,0.0,13492.0,0.0,3000.0,24051.0,0.0,0.0,0.0,0.0,218538.0,24051.0,0.0,13492.0,6023.0,174972.0,282.33099999999996,282.33099999999996,20
mean,5.0,0.0,0.0,0.0,0.0,8493.8,65.25,0.0,85.9,0.0,674.6,0.0,150.0,1202.55,0.0,0.0,0.0,0.0,10926.9,1202.55,0.0,674.6,301.15,8748.6,14.116549999999998,14.116549999999998,20
std,3.094987458524033,0.0,0.0,0.0,0.0,4387.774578002887,38.40487222379884,0.0,50.85469496516521,0.0,449.48501526454515,0.0,92.84962375572098,684.1463736119017,0.0,0.0,0.0,0.0,4907.903656884797,684.1463736119017,0.0,449.48501526454515,181.30557950017626,5658.075862266067,8.494532938277048,8.494532938277048,20
