,nRIDES,nREJECTED,OUT,STARTS_DAY,OPENS_APP,RECEIVES_REQUEST,ACCEPTS_REQUEST,REJECTS_REQUEST,IS_ACCEPTED_BY_TRAVELLER,IS_REJECTED_BY_TRAVELLER,ARRIVES_AT_PICKUP,MEETS_TRAVELLER_AT_PICKUP,DEPARTS_FROM_PICKUP,ARRIVES_AT_DROPOFF,CONTINUES_SHIFT,STARTS_REPOSITIONING,REPOSITIONED,DECIDES_NOT_TO_DRIVE,ENDS_SHIFT,TRAVEL,WAIT,CRUISE,OPERATIONS,IDLE,PAX_KM,REVENUE,nV
sum,100.0,0.0,0.0,0.0,0.0,161990.0,1200.0,0.0,3156.0,0.0,10684.0,0.0,2986.0,21193.0,0.0,0.0,0.0,0.0,230771.0,21193.0,0.0,10684.0,7342.0,191552.0,268.046,68.4789,20
mean,5.0,0.0,0.0,0.0,0.0,8099.5,60.0,0.0,157.8,0.0,534.2,0.0,149.3,1059.65,0.0,0.0,0.0,0.0,11538.55,1059.65,0.0,534.2,367.1,9577.6,13.4023,3.423945,20
std,2.8469743865891624,0.0,0.0,0.0,0.0,3192.352432397084,36.418618720013036,0.0,125.1982007605709,0.0,356.01635089594294,0.0,85.25694909167845,680.8794062016223,0.0,0.0,0.0,0.0,3967.9467907484,680.8794062016223,0.0,356.01635089594294,232.50758901026956,4916.6953000653,8.7529873282452,2.172483104767446,20
