,ACCEPTS_OFFER,ARRIVES_AT_DROPOFF,ARRIVES_AT_PICKUP,DEPARTS_FROM_PICKUP,MEETS_DRIVER_AT_PICKUP,RECEIVES_OFFER,REQUESTS_RIDE,SETS_OFF_FOR_DEST,STARTS_DAY,IS_REJECTED_BY_VEHICLE,REJECTS_OFFER,ARRIVES_AT_DEST,PREFERS_OTHER_SERVICE,LOSES_PATIENCE,TRAVEL,WAIT,OPERATIONS,nP
sum,7500.0,154903.0,8350.0,15000.0,102347.0,1138136.0,2322544.0,5000.0,0.0,0.0,0.0,0.0,0.0,0.0,154903.0,1240483.0,27500.0,500
mean,15.0,309.806,16.7,30.0,204.694,2276.272,4645.088,10.0,0.0,0.0,0.0,0.0,0.0,0.0,309.806,2480.966,55.0,500
std,0.0,179.98304408002613,4.706836370348391,0.0,775.1011934477771,4060.5364964859805,4732.595288060998,0.0,0.0,0.0,0.0,0.0,0.0,0.0,179.98304408002613,4190.89628984881,0.0,500
