,nRIDES,nREJECTED,OUT,STARTS_DAY,OPENS_APP,RECEIVES_REQUEST,ACCEPTS_REQUEST,REJECTS_REQUEST,IS_ACCEPTED_BY_TRAVELLER,IS_REJECTED_BY_TRAVELLER,ARRIVES_AT_PICKUP,MEETS_TRAVELLER_AT_PICKUP,DEPARTS_FROM_PICKUP,ARRIVES_AT_DROPOFF,CONTINUES_SHIFT,STARTS_REPOSITIONING,REPOSITIONED,DECIDES_NOT_TO_DRIVE,ENDS_SHIFT,TRAVEL,WAIT,CRUISE,OPERATIONS,IDLE,PAX_KM,REVENUE,nV
sum,500.0,0.0,0.0,0.0,0.0,434620.0,5025.0,0.0,6205.0,0.0,76045.0,0.0,15000.0,88172.0,0.0,0.0,0.0,0.0,454883.0,88172.0,0.0,76045.0,26230.0,264436.0,1328.291,1328.291,50
mean,10.0,0.0,0.0,0.0,0.0,8692.4,100.5,0.0,124.1,0.0,1520.9,0.0,300.0,1763.44,0.0,0.0,0.0,0.0,9097.66,1763.44,0.0,1520.9,524.6,5288.72,26.565820000000002,26.565820000000002,50
std,3.9434782119549316,0.0,0.0,0.0,0.0,2804.964360063153,36.64849580675801,0.0,44.929082440882226,0.0,2265.287766105072,0.0,118.30434635864795,758.4781260887502,0.0,0.0,0.0,0.0,2801.034485357734,758.4781260887502,0.0,2265.287766105072,192.80528403293414,4264.330069355346,12.944806782660304,12.944806782660304,50
