,nRIDES,nREJECTED,OUT,STARTS_DAY,OPENS_APP,RECEIVES_REQUEST,ACCEPTS_REQUEST,REJECTS_REQUEST,IS_ACCEPTED_BY_TRAVELLER,IS_REJECTED_BY_TRAVELLER,ARRIVES_AT_PICKUP,MEETS_TRAVELLER_AT_PICKUP,DEPARTS_FROM_PICKUP,ARRIVES_AT_DROPOFF,CONTINUES_SHIFT,STARTS_REPOSITIONING,REPOSITIONED,DECIDES_NOT_TO_DRIVE,ENDS_SHIFT,TRAVEL,WAIT,CRUISE,OPERATIONS,IDLE,PAX_KM,REVENUE,nV
sum,500.0,0.0,0.0,0.0,0.0,356538.0,5025.0,0.0,6271.0,0.0,83386.0,0.0,15000.0,88172.0,0.0,0.0,0.0,0.0,525558.0,88172.0,0.0,83386.0,26296.0,327704.0,1328.291,1328.291,50
mean,10.0,0.0,0.0,0.0,0.0,7130.76,100.5,0.0,125.42,0.0,1667.72,0.0,300.0,1763.44,0.0,0.0,0.0,0.0,10511.16,1763.44,0.0,1667.72,525.92,6554.08,26.565820000000002,26.565820000000002,50
std,6.562105187346201,0.0,0.0,0.0,0.0,3787.282201240982,64.30356894910139,0.0,82.6978986974856,0.0,2419.628998716244,0.0,196.863155620386,1204.692833404907,0.0,0.0,0.0,0.0,5040.362484373277,1204.692833404907,0.0,2419.628998716244,340.62516594266697,7434.896592448893,19.2714447460379,19.2714447460379,50
