,nRIDES,nREJECTED,OUT,STARTS_DAY,OPENS_APP,RECEIVES_REQUEST,ACCEPTS_REQUEST,REJECTS_REQUEST,IS_ACCEPTED_BY_TRAVELLER,IS_REJECTED_BY_TRAVELLER,ARRIVES_AT_PICKUP,MEETS_TRAVELLER_AT_PICKUP,DEPARTS_FROM_PICKUP,ARRIVES_AT_DROPOFF,CONTINUES_SHIFT,STARTS_REPOSITIONING,REPOSITIONED,DECIDES_NOT_TO_DRIVE,ENDS_SHIFT,TRAVEL,WAIT,CRUISE,OPERATIONS,IDLE,PAX_KM,REVENUE,nV
sum,500.0,0.0,0.0,0.0,0.0,309630.0,5025.0,0.0,6293.0,0.0,84408.0,0.0,15000.0,88172.0,0.0,0.0,0.0,0.0,571422.0,88172.0,0.0,84408.0,26318.0,372524.0,1328.291,1328.291,50
mean,10.0,0.0,0.0,0.0,0.0,6192.6,100.5,0.0,125.86,0.0,1688.16,0.0,300.0,1763.44,0.0,0.0,0.0,0.0,11428.44,1763.44,0.0,1688.16,526.36,7450.48,26.56582,26.56582,50
std,6.788345354580984,0.0,0.0,0.0,0.0,4098.1304398519105,66.68728422683758,0.0,85.31287196226005,0.0,2458.352371414809,0.0,203.65036063742951,1235.225537697303,0.0,0.0,0.0,0.0,5862.242425167059,1235.225537697303,0.0,2458.352371414809,353.2136868404572,8525.313618601383,19.45193232800971,19.45193232800971,50
