,veh1,veh2,veh3
sum,16.322025,15.80895,15.661425000000001
mean,0.8161012500000001,0.7904475,0.78307125
std,0.4553039730738815,0.3675859188483953,0.33890770452116975
