,veh1,veh2,veh3
sum,115360.5,142759.0,137162.75
mean,2978.73,2855.1800000000003,2743.255
std,1805.724075034604,2052.127287307206,1704.2918349190777
