,veh1,veh2,veh3
sum,95.681825,119.84495000000001,125.96487499999999
mean,2.4427245,2.396899,2.5192975000000004
std,1.6732364141057268,1.5332846384104535,1.6154058771284414
