,pax1,pax2,pax3
sum,116905.75,150231.0,145596.5
mean,287.6275,300.462,291.193
std,163.6612447994693,169.68855904083887,167.53889309680392
