,ACCEPTS_OFFER,ARRIVES_AT_DROPOFF,ARRIVES_AT_PICKUP,DEPARTS_FROM_PICKUP,MEETS_DRIVER_AT_PICKUP,RECEIVES_OFFER,REQUESTS_RIDE,SETS_OFF_FOR_DEST,STARTS_DAY,IS_REJECTED_BY_VEHICLE,REJECTS_OFFER,ARRIVES_AT_DEST,PREFERS_OTHER_SERVICE,LOSES_PATIENCE,TRAVEL,WAIT,OPERATIONS,nP
sum,1500.0,31773.0,1860.0,3000.0,65183.0,92127.0,650621.0,1000.0,0.0,0.0,0.0,0.0,0.0,0.0,31773.0,157310.0,5500.0,100
mean,15.0,317.73,18.6,30.0,651.83,921.27,6506.21,10.0,0.0,0.0,0.0,0.0,0.0,0.0,317.73,1573.1,55.0,100
std,0.0,177.4470389050255,3.487350880197773,0.0,2194.2402705144846,2801.1221952328774,4771.366643040884,0.0,0.0,0.0,0.0,0.0,0.0,0.0,177.4470389050255,3550.6384729589918,0.0,100
