,nRIDES,nREJECTED,OUT,STARTS_DAY,OPENS_APP,RECEIVES_REQUEST,ACCEPTS_REQUEST,REJECTS_REQUEST,IS_ACCEPTED_BY_TRAVELLER,IS_REJECTED_BY_TRAVELLER,ARRIVES_AT_PICKUP,MEETS_TRAVELLER_AT_PICKUP,DEPARTS_FROM_PICKUP,ARRIVES_AT_DROPOFF,CONTINUES_SHIFT,STARTS_REPOSITIONING,REPOSITIONED,DECIDES_NOT_TO_DRIVE,ENDS_SHIFT,TRAVEL,WAIT,CRUISE,OPERATIONS,IDLE,PAX_KM,REVENUE,nV
sum,100.0,0.0,0.0,0.0,0.0,228289.0,1290.0,0.0,1629.0,0.0,40088.0,0.0,3000.0,24856.0,0.0,0.0,0.0,0.0,348818.0,24856.0,0.0,40088.0,5919.0,277955.0,294.71,294.71,30
mean,3.3333333333333335,0.0,0.0,0.0,0.0,7609.633333333333,43.0,0.0,54.3,0.0,1336.2666666666667,0.0,100.0,828.5333333333333,0.0,0.0,0.0,0.0,11627.266666666666,828.5333333333333,0.0,1336.2666666666667,197.3,9265.166666666666,9.823666666666668,9.823666666666668,30
std,2.6173602565645564,0.0,0.0,0.0,0.0,4551.860479676062,33.363205006052134,0.0,40.751687081641165,0.0,3045.155654629093,0.0,78.52080769693669,657.1966972304218,0.0,0.0,0.0,0.0,5527.012280972695,657.1966972304218,0.0,3045.155654629093,151.68891715022195,7768.474532202011,7.9757380820851305,7.9757380820851305,30
