,nRIDES,nREJECTED,OUT,STARTS_DAY,OPENS_APP,RECEIVES_REQUEST,ACCEPTS_REQUEST,REJECTS_REQUEST,IS_ACCEPTED_BY_TRAVELLER,IS_REJECTED_BY_TRAVELLER,ARRIVES_AT_PICKUP,MEETS_TRAVELLER_AT_PICKUP,DEPARTS_FROM_PICKUP,ARRIVES_AT_DROPOFF,CONTINUES_SHIFT,STARTS_REPOSITIONING,REPOSITIONED,DECIDES_NOT_TO_DRIVE,ENDS_SHIFT,TRAVEL,WAIT,CRUISE,OPERATIONS,IDLE,PAX_KM,REVENUE,nV
sum,100.0,0.0,0.0,0.0,0.0,179020.0,1290.0,0.0,1709.0,0.0,42187.0,0.0,3000.0,24856.0,0.0,0.0,0.0,0.0,395908.0,24856.0,0.0,42187.0,5999.0,322866.0,294.71,294.71,30
mean,3.3333333333333335,0.0,0.0,0.0,0.0,5967.333333333333,43.0,0.0,56.96666666666667,0.0,1406.2333333333333,0.0,100.0,828.5333333333333,0.0,0.0,0.0,0.0,13196.933333333332,828.5333333333333,0.0,1406.2333333333333,199.96666666666667,10762.2,9.823666666666666,9.823666666666666,30
std,3.4072269373052992,0.0,0.0,0.0,0.0,5268.00681625337,44.52043312364831,0.0,59.25659185407915,0.0,3041.7839670658486,0.0,102.21680811915898,896.988245543763,0.0,0.0,0.0,0.0,6813.290434667118,896.988245543763,0.0,3041.7839670658486,205.26643465360405,9292.766138795532,10.516780257688456,10.516780257688456,30
