,nRIDES,nREJECTED,OUT,STARTS_DAY,OPENS_APP,RECEIVES_REQUEST,ACCEPTS_REQUEST,REJECTS_REQUEST,IS_ACCEPTED_BY_TRAVELLER,IS_REJECTED_BY_TRAVELLER,ARRIVES_AT_PICKUP,MEETS_TRAVELLER_AT_PICKUP,DEPARTS_FROM_PICKUP,ARRIVES_AT_DROPOFF,CONTINUES_SHIFT,STARTS_REPOSITIONING,REPOSITIONED,DECIDES_NOT_TO_DRIVE,ENDS_SHIFT,TRAVEL,WAIT,CRUISE,OPERATIONS,IDLE,PAX_KM,REVENUE,nV
sum,100.0,0.0,0.0,0.0,0.0,165766.0,1290.0,0.0,1720.0,0.0,42710.0,0.0,3000.0,24856.0,0.0,0.0,0.0,0.0,408628.0,24856.0,0.0,42710.0,6010.0,335052.0,294.71,294.71,30
mean,3.3333333333333335,0.0,0.0,0.0,0.0,5525.533333333334,43.0,0.0,57.333333333333336,0.0,1423.6666666666667,0.0,100.0,828.5333333333333,0.0,0.0,0.0,0.0,13620.933333333332,828.5333333333333,0.0,1423.6666666666667,200.33333333333334,11168.4,9.823666666666666,9.823666666666666,30
std,3.613512316897206,0.0,0.0,0.0,0.0,5241.783822019143,47.22652673642438,0.0,62.9687023152325,0.0,3043.35169512659,0.0,108.40536950691619,915.970664088793,0.0,0.0,0.0,0.0,6972.305896376297,915.970664088793,0.0,3043.35169512659,217.83786019269775,9559.562295563466,10.70505050104319,10.70505050104319,30
