,ACCEPTS_OFFER,ARRIVES_AT_DROPOFF,ARRIVES_AT_PICKUP,DEPARTS_FROM_PICKUP,MEETS_DRIVER_AT_PICKUP,RECEIVES_OFFER,REQUESTS_RIDE,SETS_OFF_FOR_DEST,STARTS_DAY,IS_REJECTED_BY_VEHICLE,REJECTS_OFFER,ARRIVES_AT_DEST,PREFERS_OTHER_SERVICE,LOSES_PATIENCE,TRAVEL,WAIT,OPERATIONS,nP
sum,1500.0,28624.0,1810.0,3000.0,22798.0,140845.0,513917.0,1000.0,0.0,0.0,0.0,0.0,0.0,0.0,28624.0,163643.0,5500.0,100
mean,15.0,286.24,18.1,30.0,227.98,1408.45,5139.17,10.0,0.0,0.0,0.0,0.0,0.0,0.0,286.24,1636.43,55.0,100
std,0.0,164.4677439131418,3.9427724440366254,0.0,994.4275443742002,3258.3096732458807,4180.736081472889,0.0,0.0,0.0,0.0,0.0,0.0,0.0,164.4677439131418,3447.833968719867,0.0,100
