,ACCEPTS_OFFER,ARRIVES_AT_DROPOFF,ARRIVES_AT_PICKUP,DEPARTS_FROM_PICKUP,LOSES_PATIENCE,MEETS_DRIVER_AT_PICKUP,REQUESTS_RIDE,SETS_OFF_FOR_DEST,STARTS_DAY,RECEIVES_OFFER,IS_REJECTED_BY_VEHICLE,REJECTS_OFFER,ARRIVES_AT_DEST,PREFERS_OTHER_SERVICE,TRAVEL,WAIT,OPERATIONS,LOST_PATIENCE,nP
sum,945.0,13991.0,1260.0,1890.0,22755.0,4690.0,695327.0,630.0,0.0,0.0,0.0,0.0,0.0,0.0,13991.0,4690.0,3465.0,37.0,100
mean,9.45,139.91,12.6,18.9,227.55,46.9,6953.27,6.3,0.0,0.0,0.0,0.0,0.0,0.0,139.91,46.9,34.65,0.37,100
std,7.278548806408646,148.9136482880755,9.704731741878195,14.557097612817293,298.4205010627544,68.2732921737514,4245.649801796534,4.8523658709390975,0.0,0.0,0.0,0.0,0.0,0.0,148.9136482880755,68.2732921737514,26.688012290165037,0.48523658709390977,100
