,ACCEPTS_OFFER,ARRIVES_AT_DROPOFF,ARRIVES_AT_PICKUP,DEPARTS_FROM_PICKUP,MEETS_DRIVER_AT_PICKUP,RECEIVES_OFFER,REQUESTS_RIDE,SETS_OFF_FOR_DEST,STARTS_DAY,IS_REJECTED_BY_VEHICLE,REJECTS_OFFER,ARRIVES_AT_DEST,PREFERS_OTHER_SERVICE,LOSES_PATIENCE,TRAVEL,WAIT,OPERATIONS,nP
sum,1500.0,28455.0,1830.0,3000.0,13978.0,122793.0,604871.0,1000.0,0.0,0.0,0.0,0.0,0.0,0.0,28455.0,136771.0,5500.0,100
mean,15.0,284.55,18.3,30.0,139.78,1227.93,6048.71,10.0,0.0,0.0,0.0,0.0,0.0,0.0,284.55,1367.71,55.0,100
std,0.0,163.621908031531,3.775251680686372,0.0,136.69996490138692,3062.1768590763386,4592.1758916771705,0.0,0.0,0.0,0.0,0.0,0.0,0.0,163.621908031531,3144.01533234175,0.0,100
