,nRIDES,nREJECTED,OUT,STARTS_DAY,OPENS_APP,RECEIVES_REQUEST,ACCEPTS_REQUEST,REJECTS_REQUEST,IS_ACCEPTED_BY_TRAVELLER,IS_REJECTED_BY_TRAVELLER,ARRIVES_AT_PICKUP,MEETS_TRAVELLER_AT_PICKUP,DEPARTS_FROM_PICKUP,ARRIVES_AT_DROPOFF,CONTINUES_SHIFT,STARTS_REPOSITIONING,REPOSITIONED,DECIDES_NOT_TO_DRIVE,ENDS_SHIFT,TRAVEL,WAIT,CRUISE,OPERATIONS,IDLE,PAX_KM,REVENUE,nV
sum,100.0,0.0,0.0,0.0,0.0,155970.0,1215.0,0.0,1539.0,0.0,19417.0,0.0,3000.0,20909.0,0.0,0.0,0.0,0.0,229930.0,20909.0,0.0,19417.0,5754.0,183850.0,260.474,260.474,20
mean,5.0,0.0,0.0,0.0,0.0,7798.5,60.75,0.0,76.95,0.0,970.85,0.0,150.0,1045.45,0.0,0.0,0.0,0.0,11496.5,1045.45,0.0,970.85,287.7,9192.5,13.023700000000002,13.023700000000002,20
std,2.955814964652415,0.0,0.0,0.0,0.0,3761.105975360803,34.916253190199335,0.0,45.39125234528878,0.0,2264.781696811091,0.0,88.67444893957246,534.8144267431757,0.0,0.0,0.0,0.0,3849.0183369132883,534.8144267431757,0.0,2264.781696811091,166.6926260485069,5119.3135487608415,7.1369237446425124,7.1369237446425124,20
