,nRIDES,nREJECTED,OUT,STARTS_DAY,OPENS_APP,RECEIVES_REQUEST,ACCEPTS_REQUEST,REJECTS_REQUEST,IS_ACCEPTED_BY_TRAVELLER,IS_REJECTED_BY_TRAVELLER,ARRIVES_AT_PICKUP,MEETS_TRAVELLER_AT_PICKUP,DEPARTS_FROM_PICKUP,ARRIVES_AT_DROPOFF,CONTINUES_SHIFT,STARTS_REPOSITIONING,REPOSITIONED,DECIDES_NOT_TO_DRIVE,ENDS_SHIFT,TRAVEL,WAIT,CRUISE,OPERATIONS,IDLE,PAX_KM,REVENUE,nV
sum,100.0,0.0,0.0,0.0,0.0,164496.0,1320.0,0.0,1705.0,0.0,20831.0,0.0,3000.0,23526.0,0.0,0.0,0.0,0.0,217102.0,23526.0,0.0,20831.0,6025.0,166720.0,268.238,268.238,20
mean,5.0,0.0,0.0,0.0,0.0,8224.8,66.0,0.0,85.25,0.0,1041.55,0.0,150.0,1176.3,0.0,0.0,0.0,0.0,10855.1,1176.3,0.0,1041.55,301.25,8336.0,13.4119,13.4119,20
std,2.6754242162397546,0.0,0.0,0.0,0.0,3285.8254526470446,32.0607975078928,0.0,41.30231929259383,0.0,2213.490206010694,0.0,80.26272648719264,692.7974641378167,0.0,0.0,0.0,0.0,3826.7681554791734,692.7974641378167,0.0,2213.490206010694,151.50503726209723,5567.370909334608,8.967305667637413,8.967305667637413,20
