,nRIDES,nREJECTED,OUT,STARTS_DAY,OPENS_APP,RECEIVES_REQUEST,ACCEPTS_REQUEST,REJECTS_REQUEST,IS_ACCEPTED_BY_TRAVELLER,IS_REJECTED_BY_TRAVELLER,ARRIVES_AT_PICKUP,MEETS_TRAVELLER_AT_PICKUP,DEPARTS_FROM_PICKUP,ARRIVES_AT_DROPOFF,CONTINUES_SHIFT,STARTS_REPOSITIONING,REPOSITIONED,DECIDES_NOT_TO_DRIVE,ENDS_SHIFT,TRAVEL,WAIT,CRUISE,OPERATIONS,IDLE,PAX_KM,REVENUE,nV
sum,100.0,0.0,0.0,0.0,0.0,169271.0,1245.0,0.0,1591.0,0.0,11316.0,0.0,3000.0,21169.0,0.0,0.0,0.0,0.0,224388.0,21169.0,0.0,11316.0,5836.0,186067.0,261.53499999999997,261.53499999999997,20
mean,5.0,0.0,0.0,0.0,0.0,8463.55,62.25,0.0,79.55,0.0,565.8,0.0,150.0,1058.45,0.0,0.0,0.0,0.0,11219.4,1058.45,0.0,565.8,291.8,9303.35,13.07675,13.07675,20
std,2.7338039817306425,0.0,0.0,0.0,0.0,3825.3009854059023,35.85331959966593,0.0,45.30188214981569,0.0,407.79943470702415,0.0,82.01411945191929,654.9803110741092,0.0,0.0,0.0,0.0,4589.077873202392,654.9803110741092,0.0,407.79943470702415,160.49712245329968,5478.111500133485,8.116343523863957,8.116343523863957,20
