,ACCEPTS_OFFER,ARRIVES_AT_DROPOFF,ARRIVES_AT_PICKUP,DEPARTS_FROM_PICKUP,MEETS_DRIVER_AT_PICKUP,RECEIVES_OFFER,REQUESTS_RIDE,SETS_OFF_FOR_DEST,STARTS_DAY,IS_REJECTED_BY_VEHICLE,REJECTS_OFFER,ARRIVES_AT_DEST,PREFERS_OTHER_SERVICE,LOSES_PATIENCE,TRAVEL,WAIT,OPERATIONS,nP
sum,1500.0,27415.0,1850.0,3000.0,10189.0,104977.0,632461.0,1000.0,0.0,0.0,0.0,0.0,0.0,0.0,27415.0,115166.0,5500.0,100
mean,15.0,274.15,18.5,30.0,101.89,1049.77,6324.61,10.0,0.0,0.0,0.0,0.0,0.0,0.0,274.15,1151.66,55.0,100
std,0.0,157.0169118472931,3.588702812826367,0.0,115.00873001558612,3136.053338596977,4853.321780070748,0.0,0.0,0.0,0.0,0.0,0.0,0.0,157.0169118472931,3216.9068248234917,0.0,100
