,ACCEPTS_OFFER,ARRIVES_AT_DROPOFF,ARRIVES_AT_PICKUP,DEPARTS_FROM_PICKUP,MEETS_DRIVER_AT_PICKUP,RECEIVES_OFFER,REQUESTS_RIDE,SETS_OFF_FOR_DEST,STARTS_DAY,IS_REJECTED_BY_VEHICLE,REJECTS_OFFER,ARRIVES_AT_DEST,PREFERS_OTHER_SERVICE,LOSES_PATIENCE,TRAVEL,WAIT,OPERATIONS,nP
sum,1500.0,27415.0,1850.0,3000.0,12223.0,104977.0,632461.0,1000.0,0.0,0.0,0.0,0.0,0.0,0.0,27415.0,117200.0,5500.0,100
mean,15.0,274.15,18.5,30.0,122.23,1049.77,6324.61,10.0,0.0,0.0,0.0,0.0,0.0,0.0,274.15,1172.0,55.0,100
std,0.0,157.0169118472931,3.588702812826367,0.0,119.17221686587555,3136.053338596977,4853.321780070748,0.0,0.0,0.0,0.0,0.0,0.0,0.0,157.0169118472931,3214.542853591434,0.0,100
