,nRIDES,nREJECTED,OUT,STARTS_DAY,OPENS_APP,RECEIVES_REQUEST,ACCEPTS_REQUEST,REJECTS_REQUEST,IS_ACCEPTED_BY_TRAVELLER,IS_REJECTED_BY_TRAVELLER,ARRIVES_AT_PICKUP,MEETS_TRAVELLER_AT_PICKUP,DEPARTS_FROM_PICKUP,ARRIVES_AT_DROPOFF,CONTINUES_SHIFT,STARTS_REPOSITIONING,REPOSITIONED,DECIDES_NOT_TO_DRIVE,ENDS_SHIFT,TRAVEL,WAIT,CRUISE,OPERATIONS,IDLE,PAX_KM,REVENUE,nV
sum,100.0,0.0,0.0,0.0,0.0,227887.0,1275.0,0.0,1608.0,0.0,8127.0,0.0,3000.0,21655.0,0.0,0.0,0.0,0.0,384418.0,21655.0,0.0,8127.0,5883.0,348753.0,252.09199999999998,252.09199999999998,30
mean,3.3333333333333335,0.0,0.0,0.0,0.0,7596.233333333334,42.5,0.0,53.6,0.0,270.9,0.0,100.0,721.8333333333334,0.0,0.0,0.0,0.0,12813.933333333332,721.8333333333334,0.0,270.9,196.1,11625.1,8.403066666666668,8.403066666666668,30
std,2.5641202475075464,0.0,0.0,0.0,0.0,5088.931631548484,33.2117033796719,0.0,41.98735441813979,0.0,240.88434053969013,0.0,76.9236074252264,641.3682617080743,0.0,0.0,0.0,0.0,5758.578931103325,641.3682617080743,0.0,240.88434053969013,151.21036955866805,6507.8500043647555,7.428109356767167,7.428109356767167,30
