,nRIDES,nREJECTED,OUT,STARTS_DAY,OPENS_APP,RECEIVES_REQUEST,ACCEPTS_REQUEST,REJECTS_REQUEST,IS_ACCEPTED_BY_TRAVELLER,IS_REJECTED_BY_TRAVELLER,ARRIVES_AT_PICKUP,MEETS_TRAVELLER_AT_PICKUP,DEPARTS_FROM_PICKUP,ARRIVES_AT_DROPOFF,CONTINUES_SHIFT,STARTS_REPOSITIONING,REPOSITIONED,DECIDES_NOT_TO_DRIVE,ENDS_SHIFT,TRAVEL,WAIT,CRUISE,OPERATIONS,IDLE,PAX_KM,REVENUE,nV
sum,100.0,0.0,0.0,0.0,0.0,198187.0,1275.0,0.0,1584.0,0.0,9334.0,0.0,3000.0,21655.0,0.0,0.0,0.0,0.0,412935.0,21655.0,0.0,9334.0,5859.0,376087.0,252.092,252.092,30
mean,3.3333333333333335,0.0,0.0,0.0,0.0,6606.233333333334,42.5,0.0,52.8,0.0,311.1333333333333,0.0,100.0,721.8333333333334,0.0,0.0,0.0,0.0,13764.5,721.8333333333334,0.0,311.1333333333333,195.3,12536.233333333334,8.403066666666668,8.403066666666668,30
std,3.0095633012727636,0.0,0.0,0.0,0.0,5218.579894577831,38.41133992042921,0.0,49.423155260080954,0.0,316.770310927425,0.0,90.28689903818291,674.2184278894691,0.0,0.0,0.0,0.0,6063.706706070255,674.2184278894691,0.0,316.770310927425,177.14248112942772,6990.307248357312,7.979331166048395,7.979331166048395,30
