,nRIDES,nREJECTED,OUT,STARTS_DAY,OPENS_APP,RECEIVES_REQUEST,ACCEPTS_REQUEST,REJECTS_REQUEST,IS_ACCEPTED_BY_TRAVELLER,IS_REJECTED_BY_TRAVELLER,ARRIVES_AT_PICKUP,MEETS_TRAVELLER_AT_PICKUP,DEPARTS_FROM_PICKUP,ARRIVES_AT_DROPOFF,CONTINUES_SHIFT,STARTS_REPOSITIONING,REPOSITIONED,DECIDES_NOT_TO_DRIVE,ENDS_SHIFT,TRAVEL,WAIT,CRUISE,OPERATIONS,IDLE,PAX_KM,REVENUE,nV
sum,100.0,0.0,0.0,0.0,0.0,184905.0,1275.0,0.0,1620.0,0.0,9559.0,0.0,3000.0,21655.0,0.0,0.0,0.0,0.0,425956.0,21655.0,0.0,9559.0,5895.0,388847.0,252.09200000000004,252.09200000000004,30
mean,3.3333333333333335,0.0,0.0,0.0,0.0,6163.5,42.5,0.0,54.0,0.0,318.6333333333333,0.0,100.0,721.8333333333334,0.0,0.0,0.0,0.0,14198.533333333333,721.8333333333334,0.0,318.6333333333333,196.5,12961.566666666668,8.403066666666666,8.403066666666666,30
std,3.2412570287523907,0.0,0.0,0.0,0.0,5157.831653133801,40.763193337059384,0.0,53.15299972071515,0.0,345.30441176099856,0.0,97.23771086257175,681.4329265109908,0.0,0.0,0.0,0.0,6144.29310057285,681.4329265109908,0.0,345.30441176099856,190.22758601937477,7191.413671792952,8.25025067929844,8.25025067929844,30
