,nRIDES,nREJECTED,OUT,STARTS_DAY,OPENS_APP,RECEIVES_REQUEST,ACCEPTS_REQUEST,REJECTS_REQUEST,IS_ACCEPTED_BY_TRAVELLER,IS_REJECTED_BY_TRAVELLER,ARRIVES_AT_PICKUP,MEETS_TRAVELLER_AT_PICKUP,DEPARTS_FROM_PICKUP,ARRIVES_AT_DROPOFF,CONTINUES_SHIFT,STARTS_REPOSITIONING,REPOSITIONED,DECIDES_NOT_TO_DRIVE,ENDS_SHIFT,TRAVEL,WAIT,CRUISE,OPERATIONS,IDLE,PAX_KM,TTRAV,DIST,DRIVING_TIME,DRIVING_DIST,FARE,COMMISSION,REVENUE,PICKUP_DIST,TRAVEL_DIST,OPERATING_COST,PROFIT,nV
sum,400.0,0.0,0.0,0.0,0.0,401730.0,4198.0,0.0,16061.0,0.0,52170.0,0.0,11953.0,74370.0,0.0,0.0,0.0,0.0,519468.0,74370.0,0.0,52170.0,32212.0,360716.0,1059.0479999999998,11177.0,111.77000000000001,126540.0,1265.3999999999999,167.928,33.5856,134.3424,521.7,633.47,31.673500000000004,102.6689,50
mean,8.0,0.0,0.0,0.0,0.0,8034.6,83.96,0.0,321.22,0.0,1043.4,0.0,239.06,1487.4,0.0,0.0,0.0,0.0,10389.36,1487.4,0.0,1043.4,644.24,7214.32,21.180959999999995,223.54,2.2354000000000003,2530.8,25.307999999999996,3.3585599999999998,0.671712,2.686848,10.434000000000001,12.669400000000001,0.6334700000000001,2.053378,50
std,4.869731585445518,0.0,0.0,0.0,0.0,3558.722936500608,50.70440950111876,0.0,237.28965250021645,0.0,1923.6281196887153,0.0,144.91945827857316,882.771586238132,0.0,0.0,0.0,0.0,4181.779636587704,882.771586238132,0.0,1923.6281196887153,406.70846802001023,5728.0969323972495,13.647350963644847,135.4041885826073,1.3540418858260732,2114.506542521765,21.145065425217645,2.030277113990067,0.4060554227980135,1.6242216911920537,19.236281196887152,19.014715720156516,0.9507357860078258,1.9848202769911192,50
